competition,match_id,kickoff,home,away,market,model,probability,actual,rolling_n,rolling_actual_rate,rolling_prediction_rate,calibration_parameter
BSA,554844,2026-04-12 21:00:00+00:00,Fluminense FC,CR Flamengo,1X,RAW,0.7516851989636237,0,40,0.75,0.7158883309088125,0.0
BSA,554844,2026-04-12 21:00:00+00:00,Fluminense FC,CR Flamengo,1X,ROLLING_BIAS,0.774426311691082,0,40,0.75,0.7158883309088125,0.022741112727458268
BSA,554844,2026-04-12 21:00:00+00:00,Fluminense FC,CR Flamengo,1X,LOGIT_OFFSET,0.7735748972020937,0,40,0.75,0.7158883309088125,0.12098795834467213
BSA,554844,2026-04-12 21:00:00+00:00,Fluminense FC,CR Flamengo,AWAY_SCORES,RAW,0.6687507725787962,1,40,0.65,0.6655755582133365,0.0
BSA,554844,2026-04-12 21:00:00+00:00,Fluminense FC,CR Flamengo,AWAY_SCORES,ROLLING_BIAS,0.6583670671032386,1,40,0.65,0.6655755582133365,-0.01038370547555767
BSA,554844,2026-04-12 21:00:00+00:00,Fluminense FC,CR Flamengo,AWAY_SCORES,LOGIT_OFFSET,0.6581413120915204,1,40,0.65,0.6655755582133365,-0.04751819862269583
BSA,554843,2026-04-12 21:30:00+00:00,Cruzeiro EC,RB Bragantino,1X,RAW,0.7436144673667403,1,41,0.7317073170731707,0.7167614252516128,0.0
BSA,554843,2026-04-12 21:30:00+00:00,Cruzeiro EC,RB Bragantino,1X,ROLLING_BIAS,0.7536600667877874,1,41,0.7317073170731707,0.7167614252516128,0.010045599421047102
BSA,554843,2026-04-12 21:30:00+00:00,Cruzeiro EC,RB Bragantino,1X,LOGIT_OFFSET,0.7534655724844889,1,41,0.7317073170731707,0.7167614252516128,0.05234126474527693
BSA,554843,2026-04-12 21:30:00+00:00,Cruzeiro EC,RB Bragantino,AWAY_SCORES,RAW,0.6021599634590384,1,41,0.6585365853658537,0.6656530024661526,0.0
BSA,554843,2026-04-12 21:30:00+00:00,Cruzeiro EC,RB Bragantino,AWAY_SCORES,ROLLING_BIAS,0.5973767978670342,1,41,0.6585365853658537,0.6656530024661526,-0.0047831655920042015
BSA,554843,2026-04-12 21:30:00+00:00,Cruzeiro EC,RB Bragantino,AWAY_SCORES,LOGIT_OFFSET,0.5968776254416075,1,41,0.6585365853658537,0.6656530024661526,-0.022001188722783133
BSA,554842,2026-04-12 21:30:00+00:00,SC Corinthians Paulista,SE Palmeiras,1X,RAW,0.5343334859290245,1,42,0.7380952380952381,0.717400783397211,0.0
BSA,554842,2026-04-12 21:30:00+00:00,SC Corinthians Paulista,SE Palmeiras,1X,ROLLING_BIAS,0.548352310079301,1,42,0.7380952380952381,0.717400783397211,0.014018824150276443
BSA,554842,2026-04-12 21:30:00+00:00,SC Corinthians Paulista,SE Palmeiras,1X,LOGIT_OFFSET,0.5525832692461622,1,42,0.7380952380952381,0.717400783397211,0.0735632851036592
BSA,554842,2026-04-12 21:30:00+00:00,SC Corinthians Paulista,SE Palmeiras,AWAY_SCORES,RAW,0.767410584584316,0,42,0.6666666666666666,0.6641412634421736,0.0
BSA,554842,2026-04-12 21:30:00+00:00,SC Corinthians Paulista,SE Palmeiras,AWAY_SCORES,ROLLING_BIAS,0.7691213416073597,0,42,0.6666666666666666,0.6641412634421736,0.0017107570230436853
BSA,554842,2026-04-12 21:30:00+00:00,SC Corinthians Paulista,SE Palmeiras,AWAY_SCORES,LOGIT_OFFSET,0.7688181874561668,0,42,0.6666666666666666,0.6641412634421736,0.007902809104499595
BSA,554851,2026-04-18 21:30:00+00:00,Chapecoense AF,Botafogo FR,1X,RAW,0.6263155057956199,0,43,0.7441860465116279,0.7131434043863231,0.0
BSA,554851,2026-04-18 21:30:00+00:00,Chapecoense AF,Botafogo FR,1X,ROLLING_BIAS,0.6475033408970184,0,43,0.7441860465116279,0.7131434043863231,0.021187835101398544
BSA,554851,2026-04-18 21:30:00+00:00,Chapecoense AF,Botafogo FR,1X,LOGIT_OFFSET,0.6520685461674547,0,43,0.7441860465116279,0.7131434043863231,0.11170179593134029
BSA,554851,2026-04-18 21:30:00+00:00,Chapecoense AF,Botafogo FR,AWAY_SCORES,RAW,0.8279240862191709,1,43,0.6511627906976745,0.6665428755617583,0.0
BSA,554851,2026-04-18 21:30:00+00:00,Chapecoense AF,Botafogo FR,AWAY_SCORES,ROLLING_BIAS,0.8174265679786058,1,43,0.6511627906976745,0.6665428755617583,-0.010497518240565107
BSA,554851,2026-04-18 21:30:00+00:00,Chapecoense AF,Botafogo FR,AWAY_SCORES,LOGIT_OFFSET,0.8209648581400494,1,43,0.6511627906976745,0.6665428755617583,-0.04808753324050425
BSA,554858,2026-04-18 21:30:00+00:00,CR Vasco da Gama,São Paulo FC,1X,RAW,0.6950357531825884,1,44,0.7272727272727273,0.7111700430547162,0.0
BSA,554858,2026-04-18 21:30:00+00:00,CR Vasco da Gama,São Paulo FC,1X,ROLLING_BIAS,0.706106348582471,1,44,0.7272727272727273,0.7111700430547162,0.011070595399882643
BSA,554858,2026-04-18 21:30:00+00:00,CR Vasco da Gama,São Paulo FC,1X,LOGIT_OFFSET,0.7070080204366843,1,44,0.7272727272727273,0.7111700430547162,0.057128033534234984
BSA,554858,2026-04-18 21:30:00+00:00,CR Vasco da Gama,São Paulo FC,AWAY_SCORES,RAW,0.6527026351616445,1,44,0.6590909090909091,0.6702106303494267,0.0
BSA,554858,2026-04-18 21:30:00+00:00,CR Vasco da Gama,São Paulo FC,AWAY_SCORES,ROLLING_BIAS,0.6450578267964135,1,44,0.6590909090909091,0.6702106303494267,-0.0076448083652309595
BSA,554858,2026-04-18 21:30:00+00:00,CR Vasco da Gama,São Paulo FC,AWAY_SCORES,LOGIT_OFFSET,0.6446381660262285,1,44,0.6590909090909091,0.6702106303494267,-0.03538761534371699
BSA,554859,2026-04-18 23:00:00+00:00,EC Vitória,SC Corinthians Paulista,1X,RAW,0.8072125900009512,1,45,0.7333333333333333,0.7108115032797799,0.0
BSA,554859,2026-04-18 23:00:00+00:00,EC Vitória,SC Corinthians Paulista,1X,ROLLING_BIAS,0.8228046261918728,1,45,0.7333333333333333,0.7108115032797799,0.015592036190921532
BSA,554859,2026-04-18 23:00:00+00:00,EC Vitória,SC Corinthians Paulista,1X,LOGIT_OFFSET,0.8194879366029538,1,45,0.7333333333333333,0.7108115032797799,0.0808830820401551
BSA,554859,2026-04-18 23:00:00+00:00,EC Vitória,SC Corinthians Paulista,AWAY_SCORES,RAW,0.4874417563821197,0,45,0.6666666666666666,0.6698215637896983,0.0
BSA,554859,2026-04-18 23:00:00+00:00,EC Vitória,SC Corinthians Paulista,AWAY_SCORES,ROLLING_BIAS,0.4852575968354055,0,45,0.6666666666666666,0.6698215637896983,-0.0021841595467141928
BSA,554859,2026-04-18 23:00:00+00:00,EC Vitória,SC Corinthians Paulista,AWAY_SCORES,LOGIT_OFFSET,0.4849048958087056,0,45,0.6666666666666666,0.6698215637896983,-0.01015522992755273
BSA,554853,2026-04-18 23:30:00+00:00,Cruzeiro EC,Grêmio FBPA,1X,RAW,0.7820070248906901,1,46,0.7391304347826086,0.7129071790780663,0.0
BSA,554853,2026-04-18 23:30:00+00:00,Cruzeiro EC,Grêmio FBPA,1X,ROLLING_BIAS,0.8002838394726438,1,46,0.7391304347826086,0.7129071790780663,0.018276814581953738
BSA,554853,2026-04-18 23:30:00+00:00,Cruzeiro EC,Grêmio FBPA,1X,LOGIT_OFFSET,0.7978772856004374,1,46,0.7391304347826086,0.7129071790780663,0.09567891246417969
BSA,554853,2026-04-18 23:30:00+00:00,Cruzeiro EC,Grêmio FBPA,AWAY_SCORES,RAW,0.5933637357484496,0,46,0.6521739130434783,0.6658567853677944,0.0
BSA,554853,2026-04-18 23:30:00+00:00,Cruzeiro EC,Grêmio FBPA,AWAY_SCORES,ROLLING_BIAS,0.583827188370896,0,46,0.6521739130434783,0.6658567853677944,-0.009536547377553606
BSA,554853,2026-04-18 23:30:00+00:00,Cruzeiro EC,Grêmio FBPA,AWAY_SCORES,LOGIT_OFFSET,0.5827375683938555,0,46,0.6521739130434783,0.6658567853677944,-0.043866918313631306
BSA,554855,2026-04-19 14:00:00+00:00,SC Internacional,Mirassol FC,1X,RAW,0.7114095860002538,0,47,0.7446808510638298,0.7143773885634412,0.0
BSA,554855,2026-04-19 14:00:00+00:00,SC Internacional,Mirassol FC,1X,ROLLING_BIAS,0.7326672387990338,0,47,0.7446808510638298,0.7143773885634412,0.021257652798780002
BSA,554855,2026-04-19 14:00:00+00:00,SC Internacional,Mirassol FC,1X,LOGIT_OFFSET,0.733880651339326,0,47,0.7446808510638298,0.7143773885634412,0.11216162370949462
BSA,554855,2026-04-19 14:00:00+00:00,SC Internacional,Mirassol FC,AWAY_SCORES,RAW,0.6114672926330871,1,47,0.6382978723404256,0.6643143800567445,0.0
BSA,554855,2026-04-19 14:00:00+00:00,SC Internacional,Mirassol FC,AWAY_SCORES,ROLLING_BIAS,0.593216906623132,1,47,0.6382978723404256,0.6643143800567445,-0.0182503860099551
BSA,554855,2026-04-19 14:00:00+00:00,SC Internacional,Mirassol FC,AWAY_SCORES,LOGIT_OFFSET,0.5915545649922682,1,47,0.6382978723404256,0.6643143800567445,-0.08308851515181519
BSA,554852,2026-04-19 19:00:00+00:00,Coritiba FBC,CA Mineiro,1X,RAW,0.6936523639196115,1,48,0.7291666666666666,0.7143155593433749,0.0
BSA,554852,2026-04-19 19:00:00+00:00,Coritiba FBC,CA Mineiro,1X,ROLLING_BIAS,0.7041354985007586,1,48,0.7291666666666666,0.7143155593433749,0.010483134581147135
BSA,554852,2026-04-19 19:00:00+00:00,Coritiba FBC,CA Mineiro,1X,LOGIT_OFFSET,0.7050684779051506,1,48,0.7291666666666666,0.7143155593433749,0.05430133325034101
BSA,554852,2026-04-19 19:00:00+00:00,Coritiba FBC,CA Mineiro,AWAY_SCORES,RAW,0.5743618391337104,0,48,0.6458333333333334,0.6632133990687518,0.0
BSA,554852,2026-04-19 19:00:00+00:00,Coritiba FBC,CA Mineiro,AWAY_SCORES,ROLLING_BIAS,0.562093557438121,0,48,0.6458333333333334,0.6632133990687518,-0.012268281695589467
BSA,554852,2026-04-19 19:00:00+00:00,Coritiba FBC,CA Mineiro,AWAY_SCORES,LOGIT_OFFSET,0.5606061698886985,0,48,0.6458333333333334,0.6632133990687518,-0.056047455474441704
BSA,554857,2026-04-19 19:00:00+00:00,Santos FC,Fluminense FC,1X,RAW,0.705297943759027,0,49,0.7346938775510204,0.7138938614775838,0.0
BSA,554857,2026-04-19 19:00:00+00:00,Santos FC,Fluminense FC,1X,ROLLING_BIAS,0.7200689696662501,0,49,0.7346938775510204,0.7138938614775838,0.014771025907223123
BSA,554857,2026-04-19 19:00:00+00:00,Santos FC,Fluminense FC,1X,LOGIT_OFFSET,0.7210218925840387,0,49,0.7346938775510204,0.7138938614775838,0.07688072864548909
BSA,554857,2026-04-19 19:00:00+00:00,Santos FC,Fluminense FC,AWAY_SCORES,RAW,0.6609060875014925,1,49,0.6326530612244898,0.6614001019272203,0.0
BSA,554857,2026-04-19 19:00:00+00:00,Santos FC,Fluminense FC,AWAY_SCORES,ROLLING_BIAS,0.6404915223647708,1,49,0.6326530612244898,0.6614001019272203,-0.020414565136721685
BSA,554857,2026-04-19 19:00:00+00:00,Santos FC,Fluminense FC,AWAY_SCORES,LOGIT_OFFSET,0.6399036696798821,1,49,0.6326530612244898,0.6614001019272203,-0.09238858730485978
BSA,554850,2026-04-19 21:30:00+00:00,RB Bragantino,Clube do Remo,1X,RAW,0.823304102755444,1,50,0.72,0.7137219431232127,0.0
BSA,554850,2026-04-19 21:30:00+00:00,RB Bragantino,Clube do Remo,1X,ROLLING_BIAS,0.8277884290960064,1,50,0.72,0.7137219431232127,0.0044843263405623945
BSA,554850,2026-04-19 21:30:00+00:00,RB Bragantino,Clube do Remo,1X,LOGIT_OFFSET,0.8266181421559726,1,50,0.72,0.7137219431232127,0.022950939629581044
BSA,554850,2026-04-19 21:30:00+00:00,RB Bragantino,Clube do Remo,AWAY_SCORES,RAW,0.5351456777344794,1,50,0.64,0.6613902216387058,0.0
BSA,554850,2026-04-19 21:30:00+00:00,RB Bragantino,Clube do Remo,AWAY_SCORES,ROLLING_BIAS,0.5198669479925467,1,50,0.64,0.6613902216387058,-0.015278729741932673
BSA,554850,2026-04-19 21:30:00+00:00,RB Bragantino,Clube do Remo,AWAY_SCORES,LOGIT_OFFSET,0.5178443603909738,1,50,0.64,0.6613902216387058,-0.06940716474427061
BSA,554856,2026-04-19 21:30:00+00:00,SE Palmeiras,CA Paranaense,1X,RAW,0.839457188222749,1,51,0.7254901960784313,0.7158706129199232,0.0
BSA,554856,2026-04-19 21:30:00+00:00,SE Palmeiras,CA Paranaense,1X,ROLLING_BIAS,0.8463670296464662,1,51,0.7254901960784313,0.7158706129199232,0.0069098414237172
BSA,554856,2026-04-19 21:30:00+00:00,SE Palmeiras,CA Paranaense,1X,LOGIT_OFFSET,0.8442071636357774,1,51,0.7254901960784313,0.7158706129199232,0.03567593491854519
BSA,554856,2026-04-19 21:30:00+00:00,SE Palmeiras,CA Paranaense,AWAY_SCORES,RAW,0.6000119466618463,0,51,0.6470588235294118,0.6589148384248974,0.0
BSA,554856,2026-04-19 21:30:00+00:00,SE Palmeiras,CA Paranaense,AWAY_SCORES,ROLLING_BIAS,0.5914956542721314,0,51,0.6470588235294118,0.6589148384248974,-0.008516292389714963
BSA,554856,2026-04-19 21:30:00+00:00,SE Palmeiras,CA Paranaense,AWAY_SCORES,LOGIT_OFFSET,0.5906608254337293,0,51,0.6470588235294118,0.6589148384248974,-0.038817022936382055
BSA,554854,2026-04-19 22:30:00+00:00,CR Flamengo,EC Bahia,1X,RAW,0.7808698068994397,1,52,0.7307692307692307,0.7182472778295929,0.0
BSA,554854,2026-04-19 22:30:00+00:00,CR Flamengo,EC Bahia,1X,ROLLING_BIAS,0.7899134395780671,1,52,0.7307692307692307,0.7182472778295929,0.0090436326786274
BSA,554854,2026-04-19 22:30:00+00:00,CR Flamengo,EC Bahia,1X,LOGIT_OFFSET,0.7888276482368624,1,52,0.7307692307692307,0.7182472778295929,0.0471308274249904
BSA,554854,2026-04-19 22:30:00+00:00,CR Flamengo,EC Bahia,AWAY_SCORES,RAW,0.6226268177994874,0,52,0.6346153846153846,0.6577820905063771,0.0
BSA,554854,2026-04-19 22:30:00+00:00,CR Flamengo,EC Bahia,AWAY_SCORES,ROLLING_BIAS,0.6058953079893261,0,52,0.6346153846153846,0.6577820905063771,-0.01673150981016125
BSA,554854,2026-04-19 22:30:00+00:00,CR Flamengo,EC Bahia,AWAY_SCORES,LOGIT_OFFSET,0.6047079931943028,0,52,0.6346153846153846,0.6577820905063771,-0.07559182378808617
BSA,554862,2026-04-25 21:30:00+00:00,EC Bahia,Santos FC,1X,RAW,0.7949427927735175,1,53,0.7358490566037735,0.7194288349818542,0.0
BSA,554862,2026-04-25 21:30:00+00:00,EC Bahia,Santos FC,1X,ROLLING_BIAS,0.8068643235401165,1,53,0.7358490566037735,0.7194288349818542,0.011921530766598964
BSA,554862,2026-04-25 21:30:00+00:00,EC Bahia,Santos FC,1X,LOGIT_OFFSET,0.8049512343834229,1,53,0.7358490566037735,0.7194288349818542,0.06255093635414827
BSA,554862,2026-04-25 21:30:00+00:00,EC Bahia,Santos FC,AWAY_SCORES,RAW,0.6386421977819499,1,53,0.6226415094339622,0.6571187834741716,0.0
BSA,554862,2026-04-25 21:30:00+00:00,EC Bahia,Santos FC,AWAY_SCORES,ROLLING_BIAS,0.6136107522459074,1,53,0.6226415094339622,0.6571187834741716,-0.025031445536042418
BSA,554862,2026-04-25 21:30:00+00:00,EC Bahia,Santos FC,AWAY_SCORES,LOGIT_OFFSET,0.6123659652805535,1,53,0.6226415094339622,0.6571187834741716,-0.11220734608317376
BSA,554863,2026-04-25 21:30:00+00:00,Botafogo FR,SC Internacional,1X,RAW,0.6612400421782724,1,54,0.7407407407407407,0.7208272416076257,0.0
BSA,554863,2026-04-25 21:30:00+00:00,Botafogo FR,SC Internacional,1X,ROLLING_BIAS,0.6757715145186536,1,54,0.7407407407407407,0.7208272416076257,0.014531472340381213
BSA,554863,2026-04-25 21:30:00+00:00,Botafogo FR,SC Internacional,1X,LOGIT_OFFSET,0.6782235424326958,1,54,0.7407407407407407,0.7208272416076257,0.07679471247844474
BSA,554863,2026-04-25 21:30:00+00:00,Botafogo FR,SC Internacional,AWAY_SCORES,RAW,0.7271968103138813,1,54,0.6296296296296297,0.6567766244798712,0.0
BSA,554863,2026-04-25 21:30:00+00:00,Botafogo FR,SC Internacional,AWAY_SCORES,ROLLING_BIAS,0.7073868410988402,1,54,0.6296296296296297,0.6567766244798712,-0.01980996921504108
BSA,554863,2026-04-25 21:30:00+00:00,Botafogo FR,SC Internacional,AWAY_SCORES,LOGIT_OFFSET,0.7091722253694014,1,54,0.6296296296296297,0.6567766244798712,-0.08907938039824793
BSA,554868,2026-04-25 21:30:00+00:00,Clube do Remo,Cruzeiro EC,1X,RAW,0.808046092812197,0,55,0.7454545454545455,0.7197438379816374,0.0
BSA,554868,2026-04-25 21:30:00+00:00,Clube do Remo,Cruzeiro EC,1X,ROLLING_BIAS,0.8269006116256629,0,55,0.7454545454545455,0.7197438379816374,0.018854518813465893
BSA,554868,2026-04-25 21:30:00+00:00,Clube do Remo,Cruzeiro EC,1X,LOGIT_OFFSET,0.8230838748011557,0,55,0.7454545454545455,0.7197438379816374,0.10001853166675777
BSA,554868,2026-04-25 21:30:00+00:00,Clube do Remo,Cruzeiro EC,AWAY_SCORES,RAW,0.6675608178300922,1,55,0.6363636363636364,0.658056991495035,0.0
BSA,554868,2026-04-25 21:30:00+00:00,Clube do Remo,Cruzeiro EC,AWAY_SCORES,ROLLING_BIAS,0.6516523574003998,1,55,0.6363636363636364,0.658056991495035,-0.015908460429692406
BSA,554868,2026-04-25 21:30:00+00:00,Clube do Remo,Cruzeiro EC,AWAY_SCORES,LOGIT_OFFSET,0.6514228895226638,1,55,0.6363636363636364,0.658056991495035,-0.07187400483716962
BSA,554869,2026-04-26 00:00:00+00:00,São Paulo FC,Mirassol FC,1X,RAW,0.8105869340406795,1,56,0.7321428571428571,0.7213206639607544,0.0
BSA,554869,2026-04-26 00:00:00+00:00,São Paulo FC,Mirassol FC,1X,ROLLING_BIAS,0.8185611816485446,1,56,0.7321428571428571,0.7213206639607544,0.007974247607865137
BSA,554869,2026-04-26 00:00:00+00:00,São Paulo FC,Mirassol FC,1X,LOGIT_OFFSET,0.8169124093448535,1,56,0.7321428571428571,0.7213206639607544,0.04173877245748237
BSA,554869,2026-04-26 00:00:00+00:00,São Paulo FC,Mirassol FC,AWAY_SCORES,RAW,0.5964826603477033,0,56,0.6428571428571429,0.6582267026795897,0.0
BSA,554869,2026-04-26 00:00:00+00:00,São Paulo FC,Mirassol FC,AWAY_SCORES,ROLLING_BIAS,0.5851577215311635,0,56,0.6428571428571429,0.6582267026795897,-0.011324938816539731
BSA,554869,2026-04-26 00:00:00+00:00,São Paulo FC,Mirassol FC,AWAY_SCORES,LOGIT_OFFSET,0.5840649769006714,0,56,0.6428571428571429,0.6582267026795897,-0.05134752735675639
BSA,554867,2026-04-26 19:00:00+00:00,Grêmio FBPA,Coritiba FBC,1X,RAW,0.6843068209835627,1,57,0.7368421052631579,0.7228867388744373,0.0
BSA,554867,2026-04-26 19:00:00+00:00,Grêmio FBPA,Coritiba FBC,1X,ROLLING_BIAS,0.6946374168817064,1,57,0.7368421052631579,0.7228867388744373,0.01033059589814378
BSA,554867,2026-04-26 19:00:00+00:00,Grêmio FBPA,Coritiba FBC,1X,LOGIT_OFFSET,0.6959540937609502,1,57,0.7368421052631579,0.7228867388744373,0.05446940724054841
BSA,554867,2026-04-26 19:00:00+00:00,Grêmio FBPA,Coritiba FBC,AWAY_SCORES,RAW,0.7272047520319453,0,57,0.631578947368421,0.6571434738667495,0.0
BSA,554867,2026-04-26 19:00:00+00:00,Grêmio FBPA,Coritiba FBC,AWAY_SCORES,ROLLING_BIAS,0.7082803622864294,0,57,0.631578947368421,0.6571434738667495,-0.018924389745515913
BSA,554867,2026-04-26 19:00:00+00:00,Grêmio FBPA,Coritiba FBC,AWAY_SCORES,LOGIT_OFFSET,0.7099933670224136,0,57,0.631578947368421,0.6571434738667495,-0.0851347384793539
BSA,554865,2026-04-26 19:00:00+00:00,SC Corinthians Paulista,CR Vasco da Gama,1X,RAW,0.6402968362181549,1,58,0.7413793103448276,0.7222215678763189,0.0
BSA,554865,2026-04-26 19:00:00+00:00,SC Corinthians Paulista,CR Vasco da Gama,1X,ROLLING_BIAS,0.6545423370280717,1,58,0.7413793103448276,0.7222215678763189,0.014245500809916822
BSA,554865,2026-04-26 19:00:00+00:00,SC Corinthians Paulista,CR Vasco da Gama,1X,LOGIT_OFFSET,0.6574734743263286,1,58,0.7413793103448276,0.7222215678763189,0.07540258893831747
BSA,554865,2026-04-26 19:00:00+00:00,SC Corinthians Paulista,CR Vasco da Gama,AWAY_SCORES,RAW,0.6871475185842668,0,58,0.6206896551724138,0.6583514269385633,0.0
BSA,554865,2026-04-26 19:00:00+00:00,SC Corinthians Paulista,CR Vasco da Gama,AWAY_SCORES,ROLLING_BIAS,0.6591426113735402,0,58,0.6206896551724138,0.6583514269385633,-0.02800490721072657
BSA,554865,2026-04-26 19:00:00+00:00,SC Corinthians Paulista,CR Vasco da Gama,AWAY_SCORES,LOGIT_OFFSET,0.6596009767194049,0,58,0.6206896551724138,0.6583514269385633,-0.12530067967111047
BSA,554860,2026-04-26 21:30:00+00:00,CA Paranaense,EC Vitória,1X,RAW,0.8917053146272506,1,59,0.7457627118644068,0.7208330131024516,0.0
BSA,554860,2026-04-26 21:30:00+00:00,CA Paranaense,EC Vitória,1X,ROLLING_BIAS,0.9103236972469386,1,59,0.7457627118644068,0.7208330131024516,0.018618382619688068
BSA,554860,2026-04-26 21:30:00+00:00,CA Paranaense,EC Vitória,1X,LOGIT_OFFSET,0.9008903847336347,1,59,0.7457627118644068,0.7208330131024516,0.09887749449392226
BSA,554860,2026-04-26 21:30:00+00:00,CA Paranaense,EC Vitória,AWAY_SCORES,RAW,0.5023669730991698,1,59,0.6101694915254238,0.6588394962884905,0.0
BSA,554860,2026-04-26 21:30:00+00:00,CA Paranaense,EC Vitória,AWAY_SCORES,ROLLING_BIAS,0.4660184885292845,1,59,0.6101694915254238,0.6588394962884905,-0.036348484569885264
BSA,554860,2026-04-26 21:30:00+00:00,CA Paranaense,EC Vitória,AWAY_SCORES,LOGIT_OFFSET,0.4620146332800233,1,59,0.6101694915254238,0.6588394962884905,-0.16170275916377078
BSA,554864,2026-04-26 21:30:00+00:00,RB Bragantino,SE Palmeiras,1X,RAW,0.6441970981791121,0,60,0.75,0.7236808847945316,0.0
BSA,554864,2026-04-26 21:30:00+00:00,RB Bragantino,SE Palmeiras,1X,ROLLING_BIAS,0.6639364345832134,0,60,0.75,0.7236808847945316,0.019739336404101304
BSA,554864,2026-04-26 21:30:00+00:00,RB Bragantino,SE Palmeiras,1X,LOGIT_OFFSET,0.6680923322049078,0,60,0.75,0.7236808847945316,0.10594176327226625
BSA,554864,2026-04-26 21:30:00+00:00,RB Bragantino,SE Palmeiras,AWAY_SCORES,RAW,0.7315906940656878,1,60,0.6166666666666667,0.6562316209020018,0.0
BSA,554864,2026-04-26 21:30:00+00:00,RB Bragantino,SE Palmeiras,AWAY_SCORES,ROLLING_BIAS,0.7019169783891864,1,60,0.6166666666666667,0.6562316209020018,-0.029673715676501344
BSA,554864,2026-04-26 21:30:00+00:00,RB Bragantino,SE Palmeiras,AWAY_SCORES,LOGIT_OFFSET,0.704809722827506,1,60,0.6166666666666667,0.6562316209020018,-0.13240040616844287
BSA,554861,2026-04-26 23:30:00+00:00,CA Mineiro,CR Flamengo,1X,RAW,0.6695091539172568,0,60,0.7333333333333333,0.7243090059187905,0.0
BSA,554861,2026-04-26 23:30:00+00:00,CA Mineiro,CR Flamengo,1X,ROLLING_BIAS,0.6762773994781639,0,60,0.7333333333333333,0.7243090059187905,0.006768245560907049
BSA,554861,2026-04-26 23:30:00+00:00,CA Mineiro,CR Flamengo,1X,LOGIT_OFFSET,0.6773439925496682,0,60,0.7333333333333333,0.7243090059187905,0.03562661756299017
BSA,554861,2026-04-26 23:30:00+00:00,CA Mineiro,CR Flamengo,AWAY_SCORES,RAW,0.7365156185941999,1,60,0.6333333333333333,0.655815764473693,0.0
BSA,554861,2026-04-26 23:30:00+00:00,CA Mineiro,CR Flamengo,AWAY_SCORES,ROLLING_BIAS,0.7196537952389301,1,60,0.6333333333333333,0.655815764473693,-0.016861823355269756
BSA,554861,2026-04-26 23:30:00+00:00,CA Mineiro,CR Flamengo,AWAY_SCORES,LOGIT_OFFSET,0.7215260368879007,1,60,0.6333333333333333,0.655815764473693,-0.07589245011309785
BSA,554866,2026-04-26 23:30:00+00:00,Fluminense FC,Chapecoense AF,1X,RAW,0.8704146265029796,1,60,0.7333333333333333,0.725804200266778,0.0
BSA,554866,2026-04-26 23:30:00+00:00,Fluminense FC,Chapecoense AF,1X,ROLLING_BIAS,0.876061476302896,1,60,0.7333333333333333,0.725804200266778,0.005646849799916365
BSA,554866,2026-04-26 23:30:00+00:00,Fluminense FC,Chapecoense AF,1X,LOGIT_OFFSET,0.8737316869061268,1,60,0.7333333333333333,0.725804200266778,0.029734460714619187
BSA,554866,2026-04-26 23:30:00+00:00,Fluminense FC,Chapecoense AF,AWAY_SCORES,RAW,0.4986290942486302,1,60,0.6333333333333333,0.654248494149176,0.0
BSA,554866,2026-04-26 23:30:00+00:00,Fluminense FC,Chapecoense AF,AWAY_SCORES,ROLLING_BIAS,0.48294272363674823,1,60,0.6333333333333333,0.654248494149176,-0.015686370611881995
BSA,554866,2026-04-26 23:30:00+00:00,Fluminense FC,Chapecoense AF,AWAY_SCORES,LOGIT_OFFSET,0.4810407745080519,1,60,0.6333333333333333,0.654248494149176,-0.07038964293366257
BSA,554871,2026-05-02 19:00:00+00:00,Botafogo FR,Clube do Remo,1X,RAW,0.8251655783485711,0,60,0.75,0.728052318640809,0.0
BSA,554871,2026-05-02 19:00:00+00:00,Botafogo FR,Clube do Remo,1X,ROLLING_BIAS,0.8416263393679644,0,60,0.75,0.728052318640809,0.01646076101939331
BSA,554871,2026-05-02 19:00:00+00:00,Botafogo FR,Clube do Remo,1X,LOGIT_OFFSET,0.8376115630090625,0,60,0.75,0.728052318640809,0.08881853680509806
BSA,554871,2026-05-02 19:00:00+00:00,Botafogo FR,Clube do Remo,AWAY_SCORES,RAW,0.675365285372716,1,60,0.6333333333333333,0.6524611261289522,0.0
BSA,554871,2026-05-02 19:00:00+00:00,Botafogo FR,Clube do Remo,AWAY_SCORES,ROLLING_BIAS,0.6610194407760018,1,60,0.6333333333333333,0.6524611261289522,-0.014345844596714175
BSA,554871,2026-05-02 19:00:00+00:00,Botafogo FR,Clube do Remo,AWAY_SCORES,LOGIT_OFFSET,0.6610896046880099,1,60,0.6333333333333333,0.6524611261289522,-0.06439947466353095
BSA,554877,2026-05-02 21:30:00+00:00,SE Palmeiras,Santos FC,1X,RAW,0.8480121400536794,1,60,0.7333333333333333,0.7310959511150713,0.0
BSA,554877,2026-05-02 21:30:00+00:00,SE Palmeiras,Santos FC,1X,ROLLING_BIAS,0.8496901767173759,1,60,0.7333333333333333,0.7310959511150713,0.0016780366636964805
BSA,554877,2026-05-02 21:30:00+00:00,SE Palmeiras,Santos FC,1X,LOGIT_OFFSET,0.8491575118131867,1,60,0.7333333333333333,0.7310959511150713,0.008914224685938249
BSA,554877,2026-05-02 21:30:00+00:00,SE Palmeiras,Santos FC,AWAY_SCORES,RAW,0.6140432883288757,1,60,0.6333333333333333,0.6521480038591955,0.0
BSA,554877,2026-05-02 21:30:00+00:00,SE Palmeiras,Santos FC,AWAY_SCORES,ROLLING_BIAS,0.5999322854344791,1,60,0.6333333333333333,0.6521480038591955,-0.014111002894396596
BSA,554877,2026-05-02 21:30:00+00:00,SE Palmeiras,Santos FC,AWAY_SCORES,LOGIT_OFFSET,0.5989314354977809,1,60,0.6333333333333333,0.6521480038591955,-0.06332548044799786
BSA,554879,2026-05-02 21:30:00+00:00,EC Vitória,Coritiba FBC,1X,RAW,0.7526754908358,1,60,0.7333333333333333,0.7341359664021126,0.0
BSA,554879,2026-05-02 21:30:00+00:00,EC Vitória,Coritiba FBC,1X,ROLLING_BIAS,0.7520735160342155,1,60,0.7333333333333333,0.7341359664021126,-0.0006019748015845261
BSA,554879,2026-05-02 21:30:00+00:00,EC Vitória,Coritiba FBC,1X,LOGIT_OFFSET,0.7520768159744391,1,60,0.7333333333333333,0.7341359664021126,-0.00321339193508427
BSA,554879,2026-05-02 21:30:00+00:00,EC Vitória,Coritiba FBC,AWAY_SCORES,RAW,0.5730844166930138,1,60,0.65,0.6499888100586655,0.0
BSA,554879,2026-05-02 21:30:00+00:00,EC Vitória,Coritiba FBC,AWAY_SCORES,ROLLING_BIAS,0.5730928091490147,1,60,0.65,0.6499888100586655,8.392456000927417e-06
BSA,554879,2026-05-02 21:30:00+00:00,EC Vitória,Coritiba FBC,AWAY_SCORES,LOGIT_OFFSET,0.5730937061075521,1,60,0.65,0.6499888100586655,3.796898099493046e-05
BSA,554870,2026-05-02 23:30:00+00:00,CA Paranaense,Grêmio FBPA,1X,RAW,0.8708167855376563,1,60,0.75,0.734454676151991,0.0
BSA,554870,2026-05-02 23:30:00+00:00,CA Paranaense,Grêmio FBPA,1X,ROLLING_BIAS,0.882475778423663,1,60,0.75,0.734454676151991,0.011658992886006692
BSA,554870,2026-05-02 23:30:00+00:00,CA Paranaense,Grêmio FBPA,1X,LOGIT_OFFSET,0.8777957577225644,1,60,0.75,0.734454676151991,0.06352024111615422
BSA,554870,2026-05-02 23:30:00+00:00,CA Paranaense,Grêmio FBPA,AWAY_SCORES,RAW,0.4824479097607302,0,60,0.65,0.6480217975183146,0.0
BSA,554870,2026-05-02 23:30:00+00:00,CA Paranaense,Grêmio FBPA,AWAY_SCORES,ROLLING_BIAS,0.4839315616219943,0,60,0.65,0.6480217975183146,0.0014836518612640903
BSA,554870,2026-05-02 23:30:00+00:00,CA Paranaense,Grêmio FBPA,AWAY_SCORES,LOGIT_OFFSET,0.48412225509435475,0,60,0.65,0.6480217975183146,0.006704880693521889
BSA,554873,2026-05-03 00:00:00+00:00,Cruzeiro EC,CA Mineiro,1X,RAW,0.7927049314341699,0,60,0.75,0.735257340747479,0.0
BSA,554873,2026-05-03 00:00:00+00:00,Cruzeiro EC,CA Mineiro,1X,ROLLING_BIAS,0.8037619258735607,0,60,0.75,0.735257340747479,0.011056994439390788
BSA,554873,2026-05-03 00:00:00+00:00,Cruzeiro EC,CA Mineiro,1X,LOGIT_OFFSET,0.8024490506780279,0,60,0.75,0.735257340747479,0.060364011812506904
BSA,554873,2026-05-03 00:00:00+00:00,Cruzeiro EC,CA Mineiro,AWAY_SCORES,RAW,0.5723616648621467,1,60,0.65,0.64653496847204,0.0
BSA,554873,2026-05-03 00:00:00+00:00,Cruzeiro EC,CA Mineiro,AWAY_SCORES,ROLLING_BIAS,0.5749604385081167,1,60,0.65,0.64653496847204,0.002598773645970054
BSA,554873,2026-05-03 00:00:00+00:00,Cruzeiro EC,CA Mineiro,AWAY_SCORES,LOGIT_OFFSET,0.5752353712097633,1,60,0.65,0.64653496847204,0.011750851569720569
BSA,554874,2026-05-03 19:00:00+00:00,CR Flamengo,CR Vasco da Gama,1X,RAW,0.8532828281928042,1,60,0.75,0.7356926045479477,0.0
BSA,554874,2026-05-03 19:00:00+00:00,CR Flamengo,CR Vasco da Gama,1X,ROLLING_BIAS,0.8640133747818435,1,60,0.75,0.7356926045479477,0.01073054658903927
BSA,554874,2026-05-03 19:00:00+00:00,CR Flamengo,CR Vasco da Gama,1X,LOGIT_OFFSET,0.8604717554167383,1,60,0.75,0.7356926045479477,0.05862941161631571
BSA,554874,2026-05-03 19:00:00+00:00,CR Flamengo,CR Vasco da Gama,AWAY_SCORES,RAW,0.5494223342041862,1,60,0.65,0.6451987442813354,0.0
BSA,554874,2026-05-03 19:00:00+00:00,CR Flamengo,CR Vasco da Gama,AWAY_SCORES,ROLLING_BIAS,0.5530232759931847,1,60,0.65,0.6451987442813354,0.003600941788998502
BSA,554874,2026-05-03 19:00:00+00:00,CR Flamengo,CR Vasco da Gama,AWAY_SCORES,LOGIT_OFFSET,0.553447634980361,1,60,0.65,0.6451987442813354,0.016273504737987665
BSA,554878,2026-05-03 19:00:00+00:00,São Paulo FC,EC Bahia,1X,RAW,0.7998777443862022,1,60,0.75,0.7400576286502393,0.0
BSA,554878,2026-05-03 19:00:00+00:00,São Paulo FC,EC Bahia,1X,ROLLING_BIAS,0.8073345228985227,1,60,0.75,0.7400576286502393,0.007456778512320517
BSA,554878,2026-05-03 19:00:00+00:00,São Paulo FC,EC Bahia,1X,LOGIT_OFFSET,0.8063546745134736,1,60,0.75,0.7400576286502393,0.04096498323753971
BSA,554878,2026-05-03 19:00:00+00:00,São Paulo FC,EC Bahia,AWAY_SCORES,RAW,0.570425414834702,1,60,0.6666666666666666,0.6417484644421498,0.0
BSA,554878,2026-05-03 19:00:00+00:00,São Paulo FC,EC Bahia,AWAY_SCORES,ROLLING_BIAS,0.5891140665030896,1,60,0.6666666666666666,0.6417484644421498,0.018688651668387624
BSA,554878,2026-05-03 19:00:00+00:00,São Paulo FC,EC Bahia,AWAY_SCORES,LOGIT_OFFSET,0.5911546632927839,1,60,0.6666666666666666,0.6417484644421498,0.0851537039988771
BSA,554872,2026-05-03 21:30:00+00:00,Chapecoense AF,RB Bragantino,1X,RAW,0.5992774795365049,0,60,0.75,0.7422214869006386,0.0
BSA,554872,2026-05-03 21:30:00+00:00,Chapecoense AF,RB Bragantino,1X,ROLLING_BIAS,0.605111364361026,0,60,0.75,0.7422214869006386,0.005833884824521074
BSA,554872,2026-05-03 21:30:00+00:00,Chapecoense AF,RB Bragantino,1X,LOGIT_OFFSET,0.6069716306250728,0,60,0.75,0.7422214869006386,0.03214474702777784
BSA,554872,2026-05-03 21:30:00+00:00,Chapecoense AF,RB Bragantino,AWAY_SCORES,RAW,0.7523637161517214,1,60,0.6833333333333333,0.637765765132799,0.0
BSA,554872,2026-05-03 21:30:00+00:00,Chapecoense AF,RB Bragantino,AWAY_SCORES,ROLLING_BIAS,0.7865393923021221,1,60,0.6833333333333333,0.637765765132799,0.034175676150400736
BSA,554872,2026-05-03 21:30:00+00:00,Chapecoense AF,RB Bragantino,AWAY_SCORES,LOGIT_OFFSET,0.7804212541347186,1,60,0.6833333333333333,0.637765765132799,0.1568641241834614
BSA,554875,2026-05-03 21:30:00+00:00,SC Internacional,Fluminense FC,1X,RAW,0.5620166299660418,1,60,0.7333333333333333,0.7434384617478542,0.0
BSA,554875,2026-05-03 21:30:00+00:00,SC Internacional,Fluminense FC,1X,ROLLING_BIAS,0.5544377836551512,1,60,0.7333333333333333,0.7434384617478542,-0.0075788463108906745
BSA,554875,2026-05-03 21:30:00+00:00,SC Internacional,Fluminense FC,1X,LOGIT_OFFSET,0.5519259411861354,1,60,0.7333333333333333,0.7434384617478542,-0.040895154292990246
BSA,554875,2026-05-03 21:30:00+00:00,SC Internacional,Fluminense FC,AWAY_SCORES,RAW,0.7539676533376274,0,60,0.6833333333333333,0.6377490366538071,0.0
BSA,554875,2026-05-03 21:30:00+00:00,SC Internacional,Fluminense FC,AWAY_SCORES,ROLLING_BIAS,0.7881558758472721,0,60,0.6833333333333333,0.6377490366538071,0.034188222509644706
BSA,554875,2026-05-03 21:30:00+00:00,SC Internacional,Fluminense FC,AWAY_SCORES,LOGIT_OFFSET,0.7819052076063332,0,60,0.6833333333333333,0.6377490366538071,0.15691727031091482
BSA,554876,2026-05-03 23:30:00+00:00,Mirassol FC,SC Corinthians Paulista,1X,RAW,0.6575997210616105,1,60,0.7333333333333333,0.7403040444309802,0.0
BSA,554876,2026-05-03 23:30:00+00:00,Mirassol FC,SC Corinthians Paulista,1X,ROLLING_BIAS,0.6523716877383753,1,60,0.7333333333333333,0.7403040444309802,-0.005228033323235182
BSA,554876,2026-05-03 23:30:00+00:00,Mirassol FC,SC Corinthians Paulista,1X,LOGIT_OFFSET,0.6512291303996736,1,60,0.7333333333333333,0.7403040444309802,-0.028169586032231714
BSA,554876,2026-05-03 23:30:00+00:00,Mirassol FC,SC Corinthians Paulista,AWAY_SCORES,RAW,0.6372709006119619,1,60,0.6666666666666666,0.6395763769356625,0.0
BSA,554876,2026-05-03 23:30:00+00:00,Mirassol FC,SC Corinthians Paulista,AWAY_SCORES,ROLLING_BIAS,0.6575886179102151,1,60,0.6666666666666666,0.6395763769356625,0.020317717298253157
BSA,554876,2026-05-03 23:30:00+00:00,Mirassol FC,SC Corinthians Paulista,AWAY_SCORES,LOGIT_OFFSET,0.6583386901230511,1,60,0.6666666666666666,0.6395763769356625,0.09236103328289368
BSA,554883,2026-05-09 19:00:00+00:00,Coritiba FBC,SC Internacional,1X,RAW,0.6732559617549916,1,60,0.7333333333333333,0.7421380073049959,0.0
BSA,554883,2026-05-09 19:00:00+00:00,Coritiba FBC,SC Internacional,1X,ROLLING_BIAS,0.6666524562762446,1,60,0.7333333333333333,0.7421380073049959,-0.006603505478746996
BSA,554883,2026-05-09 19:00:00+00:00,Coritiba FBC,SC Internacional,1X,LOGIT_OFFSET,0.6653827628842397,1,60,0.7333333333333333,0.7421380073049959,-0.03557332457600866
BSA,554883,2026-05-09 19:00:00+00:00,Coritiba FBC,SC Internacional,AWAY_SCORES,RAW,0.6056589186363006,1,60,0.6666666666666666,0.6373056031534943,0.0
BSA,554883,2026-05-09 19:00:00+00:00,Coritiba FBC,SC Internacional,AWAY_SCORES,ROLLING_BIAS,0.6276797162711799,1,60,0.6666666666666666,0.6373056031534943,0.022020797634879297
BSA,554883,2026-05-09 19:00:00+00:00,Coritiba FBC,SC Internacional,AWAY_SCORES,LOGIT_OFFSET,0.6292294676698365,1,60,0.6666666666666666,0.6373056031534943,0.0998118800916869
BSA,554884,2026-05-09 21:00:00+00:00,Fluminense FC,EC Vitória,1X,RAW,0.8603505785759261,1,60,0.7333333333333333,0.740336297978348,0.0
BSA,554884,2026-05-09 21:00:00+00:00,Fluminense FC,EC Vitória,1X,ROLLING_BIAS,0.8550983550921651,1,60,0.7333333333333333,0.740336297978348,-0.005252223483760976
BSA,554884,2026-05-09 21:00:00+00:00,Fluminense FC,EC Vitória,1X,LOGIT_OFFSET,0.856924093050901,1,60,0.7333333333333333,0.740336297978348,-0.028230771794431536
BSA,554884,2026-05-09 21:00:00+00:00,Fluminense FC,EC Vitória,AWAY_SCORES,RAW,0.5844897011793626,1,60,0.6666666666666666,0.6363727909721547,0.0
BSA,554884,2026-05-09 21:00:00+00:00,Fluminense FC,EC Vitória,AWAY_SCORES,ROLLING_BIAS,0.6072101079502465,1,60,0.6666666666666666,0.6363727909721547,0.02272040677088394
BSA,554884,2026-05-09 21:00:00+00:00,Fluminense FC,EC Vitória,AWAY_SCORES,LOGIT_OFFSET,0.609247486706664,1,60,0.6666666666666666,0.6363727909721547,0.10291840570287955
BSA,554881,2026-05-10 00:00:00+00:00,EC Bahia,Cruzeiro EC,1X,RAW,0.8269495700618932,0,60,0.7333333333333333,0.7442895834069948,0.0
BSA,554881,2026-05-10 00:00:00+00:00,EC Bahia,Cruzeiro EC,1X,ROLLING_BIAS,0.818732382506647,0,60,0.7333333333333333,0.7442895834069948,-0.008217187555246142
BSA,554881,2026-05-10 00:00:00+00:00,EC Bahia,Cruzeiro EC,1X,LOGIT_OFFSET,0.8205014189568343,0,60,0.7333333333333333,0.7442895834069948,-0.04441232217963538
BSA,554881,2026-05-10 00:00:00+00:00,EC Bahia,Cruzeiro EC,AWAY_SCORES,RAW,0.6154345152988959,1,60,0.6666666666666666,0.6351369742677683,0.0
BSA,554881,2026-05-10 00:00:00+00:00,EC Bahia,Cruzeiro EC,AWAY_SCORES,ROLLING_BIAS,0.6390817845980696,1,60,0.6666666666666666,0.6351369742677683,0.023647269299173712
BSA,554881,2026-05-10 00:00:00+00:00,EC Bahia,Cruzeiro EC,AWAY_SCORES,LOGIT_OFFSET,0.6404356780728695,1,60,0.6666666666666666,0.6351369742677683,0.10704114854908194
BSA,554880,2026-05-10 19:00:00+00:00,CA Mineiro,Botafogo FR,1X,RAW,0.590194490320971,1,60,0.7166666666666667,0.7459994820103031,0.0
BSA,554880,2026-05-10 19:00:00+00:00,CA Mineiro,Botafogo FR,1X,ROLLING_BIAS,0.5681948788132437,1,60,0.7166666666666667,0.7459994820103031,-0.021999611507727335
BSA,554880,2026-05-10 19:00:00+00:00,CA Mineiro,Botafogo FR,1X,LOGIT_OFFSET,0.5616160282921191,1,60,0.7166666666666667,0.7459994820103031,-0.11704622804594642
BSA,554880,2026-05-10 19:00:00+00:00,CA Mineiro,Botafogo FR,AWAY_SCORES,RAW,0.8500224809185066,1,60,0.6833333333333333,0.6346551764093459,0.0
BSA,554880,2026-05-10 19:00:00+00:00,CA Mineiro,Botafogo FR,AWAY_SCORES,ROLLING_BIAS,0.8865310986114973,1,60,0.6833333333333333,0.6346551764093459,0.03650861769299063
BSA,554880,2026-05-10 19:00:00+00:00,CA Mineiro,Botafogo FR,AWAY_SCORES,LOGIT_OFFSET,0.8701112553801176,1,60,0.6833333333333333,0.6346551764093459,0.16716542259578215
BSA,554887,2026-05-10 20:40:00+00:00,Clube do Remo,SE Palmeiras,1X,RAW,0.5600789346811634,1,60,0.7166666666666667,0.7431058786528268,0.0
BSA,554887,2026-05-10 20:40:00+00:00,Clube do Remo,SE Palmeiras,1X,ROLLING_BIAS,0.5402495256915433,1,60,0.7166666666666667,0.7431058786528268,-0.019829408989620156
BSA,554887,2026-05-10 20:40:00+00:00,Clube do Remo,SE Palmeiras,1X,LOGIT_OFFSET,0.5339907287749667,1,60,0.7166666666666667,0.7431058786528268,-0.10530946706327979
BSA,554887,2026-05-10 20:40:00+00:00,Clube do Remo,SE Palmeiras,AWAY_SCORES,RAW,0.7471935816899655,1,60,0.7,0.6378128842019178,0.0
BSA,554887,2026-05-10 20:40:00+00:00,Clube do Remo,SE Palmeiras,AWAY_SCORES,ROLLING_BIAS,0.7938339185385271,1,60,0.7,0.6378128842019178,0.046640336848561614
BSA,554887,2026-05-10 20:40:00+00:00,Clube do Remo,SE Palmeiras,AWAY_SCORES,LOGIT_OFFSET,0.7860379040580509,1,60,0.7,0.6378128842019178,0.217505891464209
BSA,554882,2026-05-10 21:30:00+00:00,SC Corinthians Paulista,São Paulo FC,1X,RAW,0.6879474274392492,1,60,0.7166666666666667,0.7407984732318706,0.0
BSA,554882,2026-05-10 21:30:00+00:00,SC Corinthians Paulista,São Paulo FC,1X,ROLLING_BIAS,0.6698485725153462,1,60,0.7166666666666667,0.7407984732318706,-0.01809885492390295
BSA,554882,2026-05-10 21:30:00+00:00,SC Corinthians Paulista,São Paulo FC,1X,LOGIT_OFFSET,0.6669560097647566,1,60,0.7166666666666667,0.7407984732318706,-0.09609123869618776
BSA,554882,2026-05-10 21:30:00+00:00,SC Corinthians Paulista,São Paulo FC,AWAY_SCORES,RAW,0.5751466437038575,1,60,0.7,0.6391683536373542,0.0
BSA,554882,2026-05-10 21:30:00+00:00,SC Corinthians Paulista,São Paulo FC,AWAY_SCORES,ROLLING_BIAS,0.6207703784758418,1,60,0.7,0.6391683536373542,0.04562373477198434
BSA,554882,2026-05-10 21:30:00+00:00,SC Corinthians Paulista,São Paulo FC,AWAY_SCORES,LOGIT_OFFSET,0.6262197736473645,1,60,0.7,0.6391683536373542,0.21315241554558348
BSA,554886,2026-05-10 21:30:00+00:00,Mirassol FC,Chapecoense AF,1X,RAW,0.7816468877319248,1,60,0.7166666666666667,0.7396743407743837,0.0
BSA,554886,2026-05-10 21:30:00+00:00,Mirassol FC,Chapecoense AF,1X,ROLLING_BIAS,0.7643911321511371,1,60,0.7166666666666667,0.7396743407743837,-0.017255755580787735
BSA,554886,2026-05-10 21:30:00+00:00,Mirassol FC,Chapecoense AF,1X,LOGIT_OFFSET,0.7656291831866526,1,60,0.7166666666666667,0.7396743407743837,-0.09149614577619376
BSA,554886,2026-05-10 21:30:00+00:00,Mirassol FC,Chapecoense AF,AWAY_SCORES,RAW,0.5908672281647009,1,60,0.7,0.6394875191675305,0.0
BSA,554886,2026-05-10 21:30:00+00:00,Mirassol FC,Chapecoense AF,AWAY_SCORES,ROLLING_BIAS,0.636251588789053,1,60,0.7,0.6394875191675305,0.04538436062435203
BSA,554886,2026-05-10 21:30:00+00:00,Mirassol FC,Chapecoense AF,AWAY_SCORES,LOGIT_OFFSET,0.6409742332314375,1,60,0.7,0.6394875191675305,0.21204349165070888
BSA,554888,2026-05-10 21:30:00+00:00,Santos FC,RB Bragantino,1X,RAW,0.7041919803333823,1,60,0.7333333333333333,0.7391808060060922,0.0
BSA,554888,2026-05-10 21:30:00+00:00,Santos FC,RB Bragantino,1X,ROLLING_BIAS,0.6998063758288131,1,60,0.7333333333333333,0.7391808060060922,-0.004385604504569152
BSA,554888,2026-05-10 21:30:00+00:00,Santos FC,RB Bragantino,1X,LOGIT_OFFSET,0.6992391130254655,1,60,0.7333333333333333,0.7391808060060922,-0.02366314778095606
BSA,554888,2026-05-10 21:30:00+00:00,Santos FC,RB Bragantino,AWAY_SCORES,RAW,0.6424259165740016,0,60,0.7,0.6398517260341806,0.0
BSA,554888,2026-05-10 21:30:00+00:00,Santos FC,RB Bragantino,AWAY_SCORES,ROLLING_BIAS,0.6875371220483661,0,60,0.7,0.6398517260341806,0.045111205474364535
BSA,554888,2026-05-10 21:30:00+00:00,Santos FC,RB Bragantino,AWAY_SCORES,LOGIT_OFFSET,0.6892674109664868,0,60,0.7,0.6398517260341806,0.21078767221416012
BSA,554885,2026-05-10 22:30:00+00:00,Grêmio FBPA,CR Flamengo,1X,RAW,0.6458950449729388,0,60,0.7333333333333333,0.7378766271493398,0.0
BSA,554885,2026-05-10 22:30:00+00:00,Grêmio FBPA,CR Flamengo,1X,ROLLING_BIAS,0.642487574610934,0,60,0.7333333333333333,0.7378766271493398,-0.0034074703620048385
BSA,554885,2026-05-10 22:30:00+00:00,Grêmio FBPA,CR Flamengo,1X,LOGIT_OFFSET,0.6416867947123487,0,60,0.7333333333333333,0.7378766271493398,-0.018350822263337604
BSA,554885,2026-05-10 22:30:00+00:00,Grêmio FBPA,CR Flamengo,AWAY_SCORES,RAW,0.7282662626728289,1,60,0.7,0.64011820700474,0.0
BSA,554885,2026-05-10 22:30:00+00:00,Grêmio FBPA,CR Flamengo,AWAY_SCORES,ROLLING_BIAS,0.7731776074192739,1,60,0.7,0.64011820700474,0.04491134474644498
BSA,554885,2026-05-10 22:30:00+00:00,Grêmio FBPA,CR Flamengo,AWAY_SCORES,LOGIT_OFFSET,0.7677659520688722,1,60,0.7,0.64011820700474,0.20989519957077482
BSA,554889,2026-05-10 23:30:00+00:00,CR Vasco da Gama,CA Paranaense,1X,RAW,0.7458934890635895,1,60,0.7166666666666667,0.7395141537751173,0.0
BSA,554889,2026-05-10 23:30:00+00:00,CR Vasco da Gama,CA Paranaense,1X,ROLLING_BIAS,0.7287578737322515,1,60,0.7166666666666667,0.7395141537751173,-0.017135615331338006
BSA,554889,2026-05-10 23:30:00+00:00,CR Vasco da Gama,CA Paranaense,1X,LOGIT_OFFSET,0.7283477093946117,1,60,0.7166666666666667,0.7395141537751173,-0.09057364862791223
BSA,554889,2026-05-10 23:30:00+00:00,CR Vasco da Gama,CA Paranaense,AWAY_SCORES,RAW,0.6520341738754412,0,60,0.7166666666666667,0.6394565606517595,0.0
BSA,554889,2026-05-10 23:30:00+00:00,CR Vasco da Gama,CA Paranaense,AWAY_SCORES,ROLLING_BIAS,0.7099417533866216,0,60,0.7166666666666667,0.6394565606517595,0.05790757951118042
BSA,554889,2026-05-10 23:30:00+00:00,CR Vasco da Gama,CA Paranaense,AWAY_SCORES,LOGIT_OFFSET,0.7113997333677784,0,60,0.7166666666666667,0.6394565606517595,0.27419921418255355
BSA,554891,2026-05-16 21:30:00+00:00,CA Mineiro,Mirassol FC,1X,RAW,0.6601367865085372,1,60,0.7166666666666667,0.7377308717966181,0.0
BSA,554891,2026-05-16 21:30:00+00:00,CA Mineiro,Mirassol FC,1X,ROLLING_BIAS,0.6443386326610736,1,60,0.7166666666666667,0.7377308717966181,-0.015798153847463636
BSA,554891,2026-05-16 21:30:00+00:00,CA Mineiro,Mirassol FC,1X,LOGIT_OFFSET,0.6412287660694669,1,60,0.7166666666666667,0.7377308717966181,-0.08320251381626506
BSA,554891,2026-05-16 21:30:00+00:00,CA Mineiro,Mirassol FC,AWAY_SCORES,RAW,0.7250079863073792,1,60,0.7,0.6409614448194483,0.0
BSA,554891,2026-05-16 21:30:00+00:00,CA Mineiro,Mirassol FC,AWAY_SCORES,ROLLING_BIAS,0.7692869026927929,1,60,0.7,0.6409614448194483,0.0442789163854137
BSA,554891,2026-05-16 21:30:00+00:00,CA Mineiro,Mirassol FC,AWAY_SCORES,LOGIT_OFFSET,0.7642829969654628,1,60,0.7,0.6409614448194483,0.20686557539469028
BSA,554897,2026-05-16 21:30:00+00:00,SC Internacional,CR Vasco da Gama,1X,RAW,0.668994039074833,1,60,0.7166666666666667,0.7343958459370363,0.0
BSA,554897,2026-05-16 21:30:00+00:00,SC Internacional,CR Vasco da Gama,1X,ROLLING_BIAS,0.6556971546220558,1,60,0.7166666666666667,0.7343958459370363,-0.013296884452777213
BSA,554897,2026-05-16 21:30:00+00:00,SC Internacional,CR Vasco da Gama,1X,LOGIT_OFFSET,0.6533915576152391,1,60,0.7166666666666667,0.7343958459370363,-0.06965792215177803
BSA,554897,2026-05-16 21:30:00+00:00,SC Internacional,CR Vasco da Gama,AWAY_SCORES,RAW,0.675579651640638,1,60,0.7,0.644358233298274,0.0
BSA,554897,2026-05-16 21:30:00+00:00,SC Internacional,CR Vasco da Gama,AWAY_SCORES,ROLLING_BIAS,0.7173109766669326,1,60,0.7,0.644358233298274,0.04173132502629451
BSA,554897,2026-05-16 21:30:00+00:00,SC Internacional,CR Vasco da Gama,AWAY_SCORES,LOGIT_OFFSET,0.7168523870124902,1,60,0.7,0.644358233298274,0.19537056210830758
BSA,554896,2026-05-16 22:00:00+00:00,Fluminense FC,São Paulo FC,1X,RAW,0.7550009034813479,1,60,0.7166666666666667,0.7345375905081025,0.0
BSA,554896,2026-05-16 22:00:00+00:00,Fluminense FC,São Paulo FC,1X,ROLLING_BIAS,0.7415977106002709,1,60,0.7166666666666667,0.7345375905081025,-0.013403192881076942
BSA,554896,2026-05-16 22:00:00+00:00,Fluminense FC,São Paulo FC,1X,LOGIT_OFFSET,0.7417806342812823,1,60,0.7166666666666667,0.7345375905081025,-0.07022034311035355
BSA,554896,2026-05-16 22:00:00+00:00,Fluminense FC,São Paulo FC,AWAY_SCORES,RAW,0.658143227598418,1,60,0.7,0.6445882074048755,0.0
BSA,554896,2026-05-16 22:00:00+00:00,Fluminense FC,São Paulo FC,AWAY_SCORES,ROLLING_BIAS,0.6997020720447613,1,60,0.7,0.6445882074048755,0.04155884444634328
BSA,554896,2026-05-16 22:00:00+00:00,Fluminense FC,São Paulo FC,AWAY_SCORES,LOGIT_OFFSET,0.7004913704829833,1,60,0.7,0.6445882074048755,0.1946080928359496
BSA,554898,2026-05-17 00:00:00+00:00,SE Palmeiras,Cruzeiro EC,1X,RAW,0.8559106166384781,1,60,0.7333333333333333,0.7341575734649317,0.0
BSA,554898,2026-05-17 00:00:00+00:00,SE Palmeiras,Cruzeiro EC,1X,ROLLING_BIAS,0.8552924365397793,1,60,0.7333333333333333,0.7341575734649317,-0.0006181800986988506
BSA,554898,2026-05-17 00:00:00+00:00,SE Palmeiras,Cruzeiro EC,1X,LOGIT_OFFSET,0.8555035928629572,1,60,0.7333333333333333,0.7341575734649317,-0.0032964761695210357
BSA,554898,2026-05-17 00:00:00+00:00,SE Palmeiras,Cruzeiro EC,AWAY_SCORES,RAW,0.5679702088927766,1,60,0.7,0.6435027006258908,0.0
BSA,554898,2026-05-17 00:00:00+00:00,SE Palmeiras,Cruzeiro EC,AWAY_SCORES,ROLLING_BIAS,0.6103431834233585,1,60,0.7,0.6435027006258908,0.042372974530581864
BSA,554898,2026-05-17 00:00:00+00:00,SE Palmeiras,Cruzeiro EC,AWAY_SCORES,LOGIT_OFFSET,0.6157952007579834,1,60,0.7,0.6435027006258908,0.19816427872540404
BSA,554899,2026-05-17 14:00:00+00:00,Santos FC,Coritiba FBC,1X,RAW,0.7190311076173745,0,60,0.7333333333333333,0.7354757610478713,0.0
BSA,554899,2026-05-17 14:00:00+00:00,Santos FC,Coritiba FBC,1X,ROLLING_BIAS,0.7174242868314711,0,60,0.7333333333333333,0.7354757610478713,-0.0016068207859034622
BSA,554899,2026-05-17 14:00:00+00:00,Santos FC,Coritiba FBC,1X,LOGIT_OFFSET,0.7172917018380282,0,60,0.7333333333333333,0.7354757610478713,-0.008593685012832572
BSA,554899,2026-05-17 14:00:00+00:00,Santos FC,Coritiba FBC,AWAY_SCORES,RAW,0.6933890427280132,1,60,0.7,0.6415621881418493,0.0
BSA,554899,2026-05-17 14:00:00+00:00,Santos FC,Coritiba FBC,AWAY_SCORES,ROLLING_BIAS,0.7372174016216262,1,60,0.7,0.6415621881418493,0.04382835889361303
BSA,554899,2026-05-17 14:00:00+00:00,Santos FC,Coritiba FBC,AWAY_SCORES,LOGIT_OFFSET,0.7351137207213156,1,60,0.7,0.6415621881418493,0.20471308314547093
BSA,554892,2026-05-17 19:00:00+00:00,EC Bahia,Grêmio FBPA,1X,RAW,0.7988134603809123,1,60,0.7166666666666667,0.733514356893833,0.0
BSA,554892,2026-05-17 19:00:00+00:00,EC Bahia,Grêmio FBPA,1X,ROLLING_BIAS,0.7861776927105375,1,60,0.7166666666666667,0.733514356893833,-0.012635767670374776
BSA,554892,2026-05-17 19:00:00+00:00,EC Bahia,Grêmio FBPA,1X,LOGIT_OFFSET,0.7879772977593373,1,60,0.7166666666666667,0.733514356893833,-0.06611899215265082
BSA,554892,2026-05-17 19:00:00+00:00,EC Bahia,Grêmio FBPA,AWAY_SCORES,RAW,0.5357685614542613,1,60,0.7,0.6435117519357931,0.0
BSA,554892,2026-05-17 19:00:00+00:00,EC Bahia,Grêmio FBPA,AWAY_SCORES,ROLLING_BIAS,0.5781347475024164,1,60,0.7,0.6435117519357931,0.04236618604815512
BSA,554892,2026-05-17 19:00:00+00:00,EC Bahia,Grêmio FBPA,AWAY_SCORES,LOGIT_OFFSET,0.584550437443208,1,60,0.7,0.6435117519357931,0.198162789971583
BSA,554893,2026-05-17 19:00:00+00:00,Botafogo FR,SC Corinthians Paulista,1X,RAW,0.6913950053179883,1,60,0.7166666666666667,0.7342102976793702,0.0
BSA,554893,2026-05-17 19:00:00+00:00,Botafogo FR,SC Corinthians Paulista,1X,ROLLING_BIAS,0.6782372820584606,1,60,0.7166666666666667,0.7342102976793702,-0.013157723259527687
BSA,554893,2026-05-17 19:00:00+00:00,Botafogo FR,SC Corinthians Paulista,1X,LOGIT_OFFSET,0.6764955588794005,1,60,0.7166666666666667,0.7342102976793702,-0.06893613813517102
BSA,554893,2026-05-17 19:00:00+00:00,Botafogo FR,SC Corinthians Paulista,AWAY_SCORES,RAW,0.6930451746784629,1,60,0.7,0.6412863960742712,0.0
BSA,554893,2026-05-17 19:00:00+00:00,Botafogo FR,SC Corinthians Paulista,AWAY_SCORES,ROLLING_BIAS,0.7370803776227595,1,60,0.7,0.6412863960742712,0.044035202944296525
BSA,554893,2026-05-17 19:00:00+00:00,Botafogo FR,SC Corinthians Paulista,AWAY_SCORES,LOGIT_OFFSET,0.7350040963396834,1,60,0.7,0.6412863960742712,0.20576710824587255
BSA,554894,2026-05-17 21:30:00+00:00,RB Bragantino,EC Vitória,1X,RAW,0.8107987101602961,1,60,0.7333333333333333,0.7334166314335581,0.0
BSA,554894,2026-05-17 21:30:00+00:00,RB Bragantino,EC Vitória,1X,ROLLING_BIAS,0.8107362365851276,1,60,0.7333333333333333,0.7334166314335581,-6.247357516853125e-05
BSA,554894,2026-05-17 21:30:00+00:00,RB Bragantino,EC Vitória,1X,LOGIT_OFFSET,0.8107476132902178,1,60,0.7333333333333333,0.7334166314335581,-0.00033305212072277934
BSA,554894,2026-05-17 21:30:00+00:00,RB Bragantino,EC Vitória,AWAY_SCORES,RAW,0.6424970835088073,0,60,0.7,0.6420494134339433,0.0
BSA,554894,2026-05-17 21:30:00+00:00,RB Bragantino,EC Vitória,AWAY_SCORES,ROLLING_BIAS,0.6859600234333498,0,60,0.7,0.6420494134339433,0.04346293992454253
BSA,554894,2026-05-17 21:30:00+00:00,RB Bragantino,EC Vitória,AWAY_SCORES,LOGIT_OFFSET,0.6877178697375124,0,60,0.7,0.6420494134339433,0.20325288054817284
BSA,554895,2026-05-17 21:30:00+00:00,Chapecoense AF,Clube do Remo,1X,RAW,0.6552653440914594,0,60,0.75,0.7360400336864296,0.0
BSA,554895,2026-05-17 21:30:00+00:00,Chapecoense AF,Clube do Remo,1X,ROLLING_BIAS,0.6657353188266373,0,60,0.75,0.7360400336864296,0.010469974735177856
BSA,554895,2026-05-17 21:30:00+00:00,Chapecoense AF,Clube do Remo,1X,LOGIT_OFFSET,0.6680555782839906,0,60,0.75,0.7360400336864296,0.057138569384702825
BSA,554895,2026-05-17 21:30:00+00:00,Chapecoense AF,Clube do Remo,AWAY_SCORES,RAW,0.773321010755774,1,60,0.6833333333333333,0.6416662006089158,0.0
BSA,554895,2026-05-17 21:30:00+00:00,Chapecoense AF,Clube do Remo,AWAY_SCORES,ROLLING_BIAS,0.8045713602990872,1,60,0.6833333333333333,0.6416662006089158,0.03125034954331318
BSA,554895,2026-05-17 21:30:00+00:00,Chapecoense AF,Clube do Remo,AWAY_SCORES,LOGIT_OFFSET,0.7975993489147369,1,60,0.6833333333333333,0.6416662006089158,0.14419787894860125
BSA,554890,2026-05-17 22:30:00+00:00,CA Paranaense,CR Flamengo,1X,RAW,0.6926272415024514,1,60,0.75,0.7346723338773653,0.0
BSA,554890,2026-05-17 22:30:00+00:00,CA Paranaense,CR Flamengo,1X,ROLLING_BIAS,0.7041229910944273,1,60,0.75,0.7346723338773653,0.011495749591975968
BSA,554890,2026-05-17 22:30:00+00:00,CA Paranaense,CR Flamengo,1X,LOGIT_OFFSET,0.7058021268152918,1,60,0.75,0.7346723338773653,0.0626515902648865
BSA,554890,2026-05-17 22:30:00+00:00,CA Paranaense,CR Flamengo,AWAY_SCORES,RAW,0.6676089151449021,1,60,0.6833333333333333,0.6441040121977676,0.0
BSA,554890,2026-05-17 22:30:00+00:00,CA Paranaense,CR Flamengo,AWAY_SCORES,ROLLING_BIAS,0.6970309059965764,1,60,0.6833333333333333,0.6441040121977676,0.029421990851674296
BSA,554890,2026-05-17 22:30:00+00:00,CA Paranaense,CR Flamengo,AWAY_SCORES,LOGIT_OFFSET,0.697108521944318,1,60,0.6833333333333333,0.6441040121977676,0.13617621051547726
BSA,554907,2026-05-23 20:00:00+00:00,São Paulo FC,Botafogo FR,1X,RAW,0.7604110802613859,1,60,0.75,0.7317817378261623,0.0
BSA,554907,2026-05-23 20:00:00+00:00,São Paulo FC,Botafogo FR,1X,ROLLING_BIAS,0.7740747768917642,1,60,0.75,0.7317817378261623,0.013663696630378253
BSA,554907,2026-05-23 20:00:00+00:00,São Paulo FC,Botafogo FR,1X,LOGIT_OFFSET,0.7736438650811543,1,60,0.75,0.7317817378261623,0.07406750607945639
BSA,554907,2026-05-23 20:00:00+00:00,São Paulo FC,Botafogo FR,AWAY_SCORES,RAW,0.7120171061520395,1,60,0.7,0.6453492441198801,0.0
BSA,554907,2026-05-23 20:00:00+00:00,São Paulo FC,Botafogo FR,AWAY_SCORES,ROLLING_BIAS,0.7530051730621293,1,60,0.7,0.6453492441198801,0.040988066910089827
BSA,554907,2026-05-23 20:00:00+00:00,São Paulo FC,Botafogo FR,AWAY_SCORES,LOGIT_OFFSET,0.7498049267138824,1,60,0.7,0.6453492441198801,0.19237131364082313
BSA,554909,2026-05-23 20:00:00+00:00,EC Vitória,SC Internacional,1X,RAW,0.7707445139578428,1,60,0.75,0.732977430845917,0.0
BSA,554909,2026-05-23 20:00:00+00:00,EC Vitória,SC Internacional,1X,ROLLING_BIAS,0.7835114408234051,1,60,0.75,0.732977430845917,0.012766926865562245
BSA,554909,2026-05-23 20:00:00+00:00,EC Vitória,SC Internacional,1X,LOGIT_OFFSET,0.7827617392852491,1,60,0.75,0.732977430845917,0.06931372303148092
BSA,554909,2026-05-23 20:00:00+00:00,EC Vitória,SC Internacional,AWAY_SCORES,RAW,0.5809481393234681,0,60,0.7,0.6444476072367387,0.0
BSA,554909,2026-05-23 20:00:00+00:00,EC Vitória,SC Internacional,AWAY_SCORES,ROLLING_BIAS,0.622612433895914,0,60,0.7,0.6444476072367387,0.041664294572445915
BSA,554909,2026-05-23 20:00:00+00:00,EC Vitória,SC Internacional,AWAY_SCORES,LOGIT_OFFSET,0.6275995078547952,0,60,0.7,0.6444476072367387,0.1952655626902867
BSA,554904,2026-05-23 22:00:00+00:00,Grêmio FBPA,Santos FC,1X,RAW,0.7755939737296741,1,60,0.75,0.733427730555525,0.0
BSA,554904,2026-05-23 22:00:00+00:00,Grêmio FBPA,Santos FC,1X,ROLLING_BIAS,0.7880231758130303,1,60,0.75,0.733427730555525,0.012429202083356183
BSA,554904,2026-05-23 22:00:00+00:00,Grêmio FBPA,Santos FC,1X,LOGIT_OFFSET,0.787128347681543,1,60,0.75,0.733427730555525,0.0675297818378425
BSA,554904,2026-05-23 22:00:00+00:00,Grêmio FBPA,Santos FC,AWAY_SCORES,RAW,0.6466710618187912,1,60,0.7,0.6447619707509511,0.0
BSA,554904,2026-05-23 22:00:00+00:00,Grêmio FBPA,Santos FC,AWAY_SCORES,ROLLING_BIAS,0.6880995837555779,1,60,0.7,0.6447619707509511,0.0414285219367867
BSA,554904,2026-05-23 22:00:00+00:00,Grêmio FBPA,Santos FC,AWAY_SCORES,LOGIT_OFFSET,0.6896767495029119,1,60,0.7,0.6447619707509511,0.19417021035836596
BSA,554905,2026-05-23 22:00:00+00:00,Mirassol FC,Fluminense FC,1X,RAW,0.614903756726192,1,60,0.7666666666666667,0.7359869042401019,0.0
BSA,554905,2026-05-23 22:00:00+00:00,Mirassol FC,Fluminense FC,1X,ROLLING_BIAS,0.6379135785461156,1,60,0.7666666666666667,0.7359869042401019,0.023009821819923615
BSA,554905,2026-05-23 22:00:00+00:00,Mirassol FC,Fluminense FC,1X,LOGIT_OFFSET,0.6447556212589044,1,60,0.7666666666666667,0.7359869042401019,0.12809294291435577
BSA,554905,2026-05-23 22:00:00+00:00,Mirassol FC,Fluminense FC,AWAY_SCORES,RAW,0.76620037753962,0,60,0.7,0.6434112717085687,0.0
BSA,554905,2026-05-23 22:00:00+00:00,Mirassol FC,Fluminense FC,AWAY_SCORES,ROLLING_BIAS,0.8086419237581934,0,60,0.7,0.6434112717085687,0.042441546218573434
BSA,554905,2026-05-23 22:00:00+00:00,Mirassol FC,Fluminense FC,AWAY_SCORES,LOGIT_OFFSET,0.7998865484612173,0,60,0.7,0.6434112717085687,0.1986061490056859
BSA,554903,2026-05-24 00:00:00+00:00,CR Flamengo,SE Palmeiras,1X,RAW,0.7383831440702113,0,60,0.7666666666666667,0.7343626779953752,0.0
BSA,554903,2026-05-24 00:00:00+00:00,CR Flamengo,SE Palmeiras,1X,ROLLING_BIAS,0.76261113557368,0,60,0.7666666666666667,0.7343626779953752,0.02422799150346866
BSA,554903,2026-05-24 00:00:00+00:00,CR Flamengo,SE Palmeiras,1X,LOGIT_OFFSET,0.763561197830322,0,60,0.7666666666666667,0.7343626779953752,0.13472206214137006
BSA,554903,2026-05-24 00:00:00+00:00,CR Flamengo,SE Palmeiras,AWAY_SCORES,RAW,0.6215276477891589,1,60,0.7,0.6455992254641212,0.0
BSA,554903,2026-05-24 00:00:00+00:00,CR Flamengo,SE Palmeiras,AWAY_SCORES,ROLLING_BIAS,0.662328228691068,1,60,0.7,0.6455992254641212,0.04080058090190908
BSA,554903,2026-05-24 00:00:00+00:00,CR Flamengo,SE Palmeiras,AWAY_SCORES,LOGIT_OFFSET,0.6654095802365158,1,60,0.7,0.6455992254641212,0.191458233944845
BSA,554902,2026-05-24 19:00:00+00:00,Cruzeiro EC,Chapecoense AF,1X,RAW,0.811976091233906,1,60,0.75,0.7345965250861238,0.0
BSA,554902,2026-05-24 19:00:00+00:00,Cruzeiro EC,Chapecoense AF,1X,ROLLING_BIAS,0.8235286974193131,1,60,0.75,0.7345965250861238,0.0115526061854071
BSA,554902,2026-05-24 19:00:00+00:00,Cruzeiro EC,Chapecoense AF,1X,LOGIT_OFFSET,0.8213889882282606,1,60,0.75,0.7345965250861238,0.06288470632937353
BSA,554902,2026-05-24 19:00:00+00:00,Cruzeiro EC,Chapecoense AF,AWAY_SCORES,RAW,0.579245238048214,1,60,0.7166666666666667,0.6456586693506128,0.0
BSA,554902,2026-05-24 19:00:00+00:00,Cruzeiro EC,Chapecoense AF,AWAY_SCORES,ROLLING_BIAS,0.6325012360352544,1,60,0.7166666666666667,0.6456586693506128,0.05325599798704039
BSA,554902,2026-05-24 19:00:00+00:00,Cruzeiro EC,Chapecoense AF,AWAY_SCORES,LOGIT_OFFSET,0.6395032841475237,1,60,0.7166666666666667,0.6456586693506128,0.2535331181845526
BSA,554906,2026-05-24 19:00:00+00:00,Clube do Remo,CA Paranaense,1X,RAW,0.739998197475549,0,60,0.75,0.733746043640583,0.0
BSA,554906,2026-05-24 19:00:00+00:00,Clube do Remo,CA Paranaense,1X,ROLLING_BIAS,0.7521886647451117,0,60,0.75,0.733746043640583,0.012190467269562744
BSA,554906,2026-05-24 19:00:00+00:00,Clube do Remo,CA Paranaense,1X,LOGIT_OFFSET,0.7525348955774543,0,60,0.75,0.733746043640583,0.06621860199843041
BSA,554906,2026-05-24 19:00:00+00:00,Clube do Remo,CA Paranaense,AWAY_SCORES,RAW,0.6236567545268732,1,60,0.7333333333333333,0.6468818024058726,0.0
BSA,554906,2026-05-24 19:00:00+00:00,Clube do Remo,CA Paranaense,AWAY_SCORES,ROLLING_BIAS,0.6884954027224688,1,60,0.7333333333333333,0.6468818024058726,0.0648386481955956
BSA,554906,2026-05-24 19:00:00+00:00,Clube do Remo,CA Paranaense,AWAY_SCORES,LOGIT_OFFSET,0.6939484367344291,1,60,0.7333333333333333,0.6468818024058726,0.313545533640973
BSA,554900,2026-05-24 21:30:00+00:00,SC Corinthians Paulista,CA Mineiro,1X,RAW,0.6842487287291501,1,60,0.7333333333333333,0.7354543066072711,0.0
BSA,554900,2026-05-24 21:30:00+00:00,SC Corinthians Paulista,CA Mineiro,1X,ROLLING_BIAS,0.6826579987736967,1,60,0.7333333333333333,0.7354543066072711,-0.001590729955453396
BSA,554900,2026-05-24 21:30:00+00:00,SC Corinthians Paulista,CA Mineiro,1X,LOGIT_OFFSET,0.6824131115503068,1,60,0.7333333333333333,0.7354543066072711,-0.008482938029341715
BSA,554900,2026-05-24 21:30:00+00:00,SC Corinthians Paulista,CA Mineiro,AWAY_SCORES,RAW,0.633243881677539,0,60,0.7333333333333333,0.6442083254545717,0.0
BSA,554900,2026-05-24 21:30:00+00:00,SC Corinthians Paulista,CA Mineiro,AWAY_SCORES,ROLLING_BIAS,0.7000876375866101,0,60,0.7333333333333333,0.6442083254545717,0.0668437559090711
BSA,554900,2026-05-24 21:30:00+00:00,SC Corinthians Paulista,CA Mineiro,AWAY_SCORES,LOGIT_OFFSET,0.7043824519746406,0,60,0.7333333333333333,0.6442083254545717,0.3220963852624034
BSA,554908,2026-05-24 23:30:00+00:00,CR Vasco da Gama,RB Bragantino,1X,RAW,0.7375040395985357,0,60,0.75,0.7343303654366964,0.0
BSA,554908,2026-05-24 23:30:00+00:00,CR Vasco da Gama,RB Bragantino,1X,ROLLING_BIAS,0.7492562655210134,0,60,0.75,0.7343303654366964,0.01175222592247771
BSA,554908,2026-05-24 23:30:00+00:00,CR Vasco da Gama,RB Bragantino,1X,LOGIT_OFFSET,0.7496761508715227,0,60,0.75,0.7343303654366964,0.06384996571220161
BSA,554908,2026-05-24 23:30:00+00:00,CR Vasco da Gama,RB Bragantino,AWAY_SCORES,RAW,0.612852838065771,1,60,0.7166666666666667,0.6436165439395508,0.0
BSA,554908,2026-05-24 23:30:00+00:00,CR Vasco da Gama,RB Bragantino,AWAY_SCORES,ROLLING_BIAS,0.6676404301111079,1,60,0.7166666666666667,0.6436165439395508,0.0547875920453369
BSA,554908,2026-05-24 23:30:00+00:00,CR Vasco da Gama,RB Bragantino,AWAY_SCORES,LOGIT_OFFSET,0.6724025860540337,1,60,0.7166666666666667,0.6436165439395508,0.25975183495949017
BSA,554901,2026-05-25 23:00:00+00:00,Coritiba FBC,EC Bahia,1X,RAW,0.6900687779359039,1,60,0.7333333333333333,0.734228524973893,0.0
BSA,554901,2026-05-25 23:00:00+00:00,Coritiba FBC,EC Bahia,1X,ROLLING_BIAS,0.6893973842054841,1,60,0.7333333333333333,0.734228524973893,-0.0006713937304198003
BSA,554901,2026-05-25 23:00:00+00:00,Coritiba FBC,EC Bahia,1X,LOGIT_OFFSET,0.6893036243859947,1,60,0.7333333333333333,0.734228524973893,-0.0035751653961386826
BSA,554901,2026-05-25 23:00:00+00:00,Coritiba FBC,EC Bahia,AWAY_SCORES,RAW,0.6537155571607509,1,60,0.7166666666666667,0.6437947585163297,0.0
BSA,554901,2026-05-25 23:00:00+00:00,Coritiba FBC,EC Bahia,AWAY_SCORES,ROLLING_BIAS,0.7083694882735037,1,60,0.7166666666666667,0.6437947585163297,0.05465393111275274
BSA,554901,2026-05-25 23:00:00+00:00,Coritiba FBC,EC Bahia,AWAY_SCORES,LOGIT_OFFSET,0.7098290298314656,1,60,0.7166666666666667,0.6437947585163297,0.2591420339136966
BSA,554910,2026-05-30 19:00:00+00:00,CA Paranaense,Mirassol FC,1X,RAW,0.8328105580970366,1,60,0.7333333333333333,0.7368241131740076,0.0
BSA,554910,2026-05-30 19:00:00+00:00,CA Paranaense,Mirassol FC,1X,ROLLING_BIAS,0.8301924732165309,1,60,0.7333333333333333,0.7368241131740076,-0.0026180848805057444
BSA,554910,2026-05-30 19:00:00+00:00,CA Paranaense,Mirassol FC,1X,LOGIT_OFFSET,0.8308602566588524,1,60,0.7333333333333333,0.7368241131740076,-0.013942281976700416
BSA,554910,2026-05-30 19:00:00+00:00,CA Paranaense,Mirassol FC,AWAY_SCORES,RAW,0.5480923040025342,0,60,0.7333333333333333,0.6418998413926036,0.0
BSA,554910,2026-05-30 19:00:00+00:00,CA Paranaense,Mirassol FC,AWAY_SCORES,ROLLING_BIAS,0.6166674229580814,0,60,0.7333333333333333,0.6418998413926036,0.06857511895554724
BSA,554910,2026-05-30 19:00:00+00:00,CA Paranaense,Mirassol FC,AWAY_SCORES,LOGIT_OFFSET,0.6277067605163279,0,60,0.7333333333333333,0.6418998413926036,0.32942552949521997
BSA,554914,2026-05-30 19:00:00+00:00,CR Flamengo,Coritiba FBC,1X,RAW,0.7043095715173565,1,60,0.75,0.7402656973790314,0.0
BSA,554914,2026-05-30 19:00:00+00:00,CR Flamengo,Coritiba FBC,1X,ROLLING_BIAS,0.711610298483083,1,60,0.75,0.7402656973790314,0.007300726965726478
BSA,554914,2026-05-30 19:00:00+00:00,CR Flamengo,Coritiba FBC,1X,LOGIT_OFFSET,0.7125396066192282,1,60,0.75,0.7402656973790314,0.0398454757895709
BSA,554914,2026-05-30 19:00:00+00:00,CR Flamengo,Coritiba FBC,AWAY_SCORES,RAW,0.726501574412713,0,60,0.7166666666666667,0.6372359783556597,0.0
BSA,554914,2026-05-30 19:00:00+00:00,CR Flamengo,Coritiba FBC,AWAY_SCORES,ROLLING_BIAS,0.7860745906459683,0,60,0.7166666666666667,0.6372359783556597,0.05957301623325528
BSA,554914,2026-05-30 19:00:00+00:00,CR Flamengo,Coritiba FBC,AWAY_SCORES,LOGIT_OFFSET,0.7785339070792665,0,60,0.7166666666666667,0.6372359783556597,0.28019826147673293
BSA,554911,2026-05-30 20:30:00+00:00,EC Bahia,Botafogo FR,1X,RAW,0.6707747224277772,1,60,0.75,0.740420261017944,0.0
BSA,554911,2026-05-30 20:30:00+00:00,EC Bahia,Botafogo FR,1X,ROLLING_BIAS,0.6779595266643192,1,60,0.75,0.740420261017944,0.007184804236541997
BSA,554911,2026-05-30 20:30:00+00:00,EC Bahia,Botafogo FR,1X,LOGIT_OFFSET,0.6793769150366934,1,60,0.75,0.740420261017944,0.039218737799855824
BSA,554911,2026-05-30 20:30:00+00:00,EC Bahia,Botafogo FR,AWAY_SCORES,RAW,0.770158856989813,1,60,0.7,0.638465960676511,0.0
BSA,554911,2026-05-30 20:30:00+00:00,EC Bahia,Botafogo FR,AWAY_SCORES,ROLLING_BIAS,0.8163093864824298,1,60,0.7,0.638465960676511,0.046150529492616776
BSA,554911,2026-05-30 20:30:00+00:00,EC Bahia,Botafogo FR,AWAY_SCORES,LOGIT_OFFSET,0.8058896409935603,1,60,0.7,0.638465960676511,0.2143115394860161
BSA,554915,2026-05-30 20:30:00+00:00,Grêmio FBPA,SC Corinthians Paulista,1X,RAW,0.780906980794954,0,60,0.75,0.7381462965583911,0.0
BSA,554915,2026-05-30 20:30:00+00:00,Grêmio FBPA,SC Corinthians Paulista,1X,ROLLING_BIAS,0.7897972583761607,0,60,0.75,0.7381462965583911,0.00889027758120664
BSA,554915,2026-05-30 20:30:00+00:00,Grêmio FBPA,SC Corinthians Paulista,1X,LOGIT_OFFSET,0.789070780202252,0,60,0.75,0.7381462965583911,0.0483737443813905
BSA,554915,2026-05-30 20:30:00+00:00,Grêmio FBPA,SC Corinthians Paulista,AWAY_SCORES,RAW,0.5760435676517721,1,60,0.7166666666666667,0.6431779123533058,0.0
BSA,554915,2026-05-30 20:30:00+00:00,Grêmio FBPA,SC Corinthians Paulista,AWAY_SCORES,ROLLING_BIAS,0.6311601333867928,1,60,0.7166666666666667,0.6431779123533058,0.05511656573502066
BSA,554915,2026-05-30 20:30:00+00:00,Grêmio FBPA,SC Corinthians Paulista,AWAY_SCORES,LOGIT_OFFSET,0.6380725018956037,1,60,0.7166666666666667,0.6431779123533058,0.2604554058728814
BSA,554918,2026-05-30 23:00:00+00:00,Santos FC,EC Vitória,1X,RAW,0.7963104368475106,1,60,0.7333333333333333,0.7381279624901289,0.0
BSA,554918,2026-05-30 23:00:00+00:00,Santos FC,EC Vitória,1X,ROLLING_BIAS,0.7927144649799138,1,60,0.7333333333333333,0.7381279624901289,-0.003595971867596748
BSA,554918,2026-05-30 23:00:00+00:00,Santos FC,EC Vitória,1X,LOGIT_OFFSET,0.7931824024220779,1,60,0.7333333333333333,0.7381279624901289,-0.01917604313471928
BSA,554918,2026-05-30 23:00:00+00:00,Santos FC,EC Vitória,AWAY_SCORES,RAW,0.6355030266079921,1,60,0.7333333333333333,0.6428892428850279,0.0
BSA,554918,2026-05-30 23:00:00+00:00,Santos FC,EC Vitória,AWAY_SCORES,ROLLING_BIAS,0.7033360944442211,1,60,0.7333333333333333,0.6428892428850279,0.067833067836229
BSA,554918,2026-05-30 23:00:00+00:00,Santos FC,EC Vitória,AWAY_SCORES,LOGIT_OFFSET,0.7071322139794616,1,60,0.7333333333333333,0.6428892428850279,0.32559778531313804
BSA,554912,2026-05-31 14:00:00+00:00,RB Bragantino,SC Internacional,1X,RAW,0.7205312155069548,1,60,0.75,0.7395429766709165,0.0
BSA,554912,2026-05-31 14:00:00+00:00,RB Bragantino,SC Internacional,1X,ROLLING_BIAS,0.7283739830037674,1,60,0.75,0.7395429766709165,0.007842767496812675
BSA,554912,2026-05-31 14:00:00+00:00,RB Bragantino,SC Internacional,1X,LOGIT_OFFSET,0.7290612801511203,1,60,0.75,0.7395429766709165,0.04276698343412175
BSA,554912,2026-05-31 14:00:00+00:00,RB Bragantino,SC Internacional,AWAY_SCORES,RAW,0.6543317495251952,1,60,0.7333333333333333,0.6432898384512762,0.0
BSA,554912,2026-05-31 14:00:00+00:00,RB Bragantino,SC Internacional,AWAY_SCORES,ROLLING_BIAS,0.721864370686738,1,60,0.7333333333333333,0.6432898384512762,0.0675326211615428
BSA,554912,2026-05-31 14:00:00+00:00,RB Bragantino,SC Internacional,AWAY_SCORES,LOGIT_OFFSET,0.7235980198049955,1,60,0.7333333333333333,0.6432898384512762,0.32424477715613287
BSA,554916,2026-05-31 19:00:00+00:00,SE Palmeiras,Chapecoense AF,1X,RAW,0.8714310946462628,1,60,0.75,0.7399909575307055,0.0
BSA,554916,2026-05-31 19:00:00+00:00,SE Palmeiras,Chapecoense AF,1X,ROLLING_BIAS,0.8789378764982336,1,60,0.75,0.7399909575307055,0.007506781851970845
BSA,554916,2026-05-31 19:00:00+00:00,SE Palmeiras,Chapecoense AF,1X,LOGIT_OFFSET,0.8759501988548923,1,60,0.75,0.7399909575307055,0.04095432403597339
BSA,554916,2026-05-31 19:00:00+00:00,SE Palmeiras,Chapecoense AF,AWAY_SCORES,RAW,0.4899569332697566,0,60,0.75,0.6446226702911344,0.0
BSA,554916,2026-05-31 19:00:00+00:00,SE Palmeiras,Chapecoense AF,AWAY_SCORES,ROLLING_BIAS,0.5689899305514058,0,60,0.75,0.6446226702911344,0.0790329972816492
BSA,554916,2026-05-31 19:00:00+00:00,SE Palmeiras,Chapecoense AF,AWAY_SCORES,LOGIT_OFFSET,0.5856953093331898,0,60,0.75,0.6446226702911344,0.3863757042511928
BSA,554919,2026-05-31 19:00:00+00:00,CR Vasco da Gama,CA Mineiro,1X,RAW,0.6699404729534483,0,60,0.7666666666666667,0.7427598433788262,0.0
BSA,554919,2026-05-31 19:00:00+00:00,CR Vasco da Gama,CA Mineiro,1X,ROLLING_BIAS,0.6878705904193287,0,60,0.7666666666666667,0.7427598433788262,0.01793011746588047
BSA,554919,2026-05-31 19:00:00+00:00,CR Vasco da Gama,CA Mineiro,1X,LOGIT_OFFSET,0.6917784556416882,0,60,0.7666666666666667,0.7427598433788262,0.10053109036844361
BSA,554919,2026-05-31 19:00:00+00:00,CR Vasco da Gama,CA Mineiro,AWAY_SCORES,RAW,0.674907070896875,1,60,0.7333333333333333,0.6417735177206053,0.0
BSA,554919,2026-05-31 19:00:00+00:00,CR Vasco da Gama,CA Mineiro,AWAY_SCORES,ROLLING_BIAS,0.743576932606421,1,60,0.7333333333333333,0.6417735177206053,0.06866986170954603
BSA,554919,2026-05-31 19:00:00+00:00,CR Vasco da Gama,CA Mineiro,AWAY_SCORES,LOGIT_OFFSET,0.7427273297349231,1,60,0.7333333333333333,0.6417735177206053,0.3297285640662213
BSA,554913,2026-05-31 23:30:00+00:00,Cruzeiro EC,Fluminense FC,1X,RAW,0.7036248557236972,1,60,0.75,0.7402037828821263,0.0
BSA,554913,2026-05-31 23:30:00+00:00,Cruzeiro EC,Fluminense FC,1X,ROLLING_BIAS,0.7109720185621025,1,60,0.75,0.7402037828821263,0.007347162838405308
BSA,554913,2026-05-31 23:30:00+00:00,Cruzeiro EC,Fluminense FC,1X,LOGIT_OFFSET,0.7119276206505163,1,60,0.75,0.7402037828821263,0.04014517655976044
BSA,554913,2026-05-31 23:30:00+00:00,Cruzeiro EC,Fluminense FC,AWAY_SCORES,RAW,0.7094402433272625,1,60,0.7333333333333333,0.6441028742733119,0.0
BSA,554913,2026-05-31 23:30:00+00:00,Cruzeiro EC,Fluminense FC,AWAY_SCORES,ROLLING_BIAS,0.7763630876222786,1,60,0.7333333333333333,0.6441028742733119,0.06692284429501605
BSA,554913,2026-05-31 23:30:00+00:00,Cruzeiro EC,Fluminense FC,AWAY_SCORES,LOGIT_OFFSET,0.771076378698557,1,60,0.7333333333333333,0.6441028742733119,0.32173200518844053
BSA,554917,2026-05-31 23:30:00+00:00,Clube do Remo,São Paulo FC,1X,RAW,0.673791040557736,1,60,0.75,0.7379399106738086,0.0
BSA,554917,2026-05-31 23:30:00+00:00,Clube do Remo,São Paulo FC,1X,ROLLING_BIAS,0.6828361075523796,1,60,0.75,0.7379399106738086,0.00904506699464358
BSA,554917,2026-05-31 23:30:00+00:00,Clube do Remo,São Paulo FC,1X,LOGIT_OFFSET,0.6845170731880863,1,60,0.75,0.7379399106738086,0.04922714308334973
BSA,554917,2026-05-31 23:30:00+00:00,Clube do Remo,São Paulo FC,AWAY_SCORES,RAW,0.6945549694142127,0,60,0.75,0.6459266792177355,0.0
BSA,554917,2026-05-31 23:30:00+00:00,Clube do Remo,São Paulo FC,AWAY_SCORES,ROLLING_BIAS,0.7726099600009111,0,60,0.75,0.6459266792177355,0.0780549905866984
BSA,554917,2026-05-31 23:30:00+00:00,Clube do Remo,São Paulo FC,AWAY_SCORES,LOGIT_OFFSET,0.7692261228266418,0,60,0.75,0.6459266792177355,0.3824451508861617
BSA,554921,2026-07-16 22:30:00+00:00,Botafogo FR,Santos FC,1X,RAW,0.7221168254344876,1,60,0.75,0.7361552645681136,0.0
BSA,554921,2026-07-16 22:30:00+00:00,Botafogo FR,Santos FC,1X,ROLLING_BIAS,0.7325003770084024,1,60,0.75,0.7361552645681136,0.010383551573914795
BSA,554921,2026-07-16 22:30:00+00:00,Botafogo FR,Santos FC,1X,LOGIT_OFFSET,0.7332877505875319,1,60,0.75,0.7361552645681136,0.056381686874695205
BSA,554921,2026-07-16 22:30:00+00:00,Botafogo FR,Santos FC,AWAY_SCORES,RAW,0.7988870030359478,1,60,0.75,0.6471254817446476,0.0
BSA,554921,2026-07-16 22:30:00+00:00,Botafogo FR,Santos FC,AWAY_SCORES,ROLLING_BIAS,0.8760428917274622,1,60,0.75,0.6471254817446476,0.07715588869151435
BSA,554921,2026-07-16 22:30:00+00:00,Botafogo FR,Santos FC,AWAY_SCORES,LOGIT_OFFSET,0.852939337564244,1,60,0.75,0.6471254817446476,0.3784906683736283
BSA,554929,2026-07-16 22:30:00+00:00,EC Vitória,CR Vasco da Gama,1X,RAW,0.8631309543171131,1,60,0.75,0.7349414984457965,0.0
BSA,554929,2026-07-16 22:30:00+00:00,EC Vitória,CR Vasco da Gama,1X,ROLLING_BIAS,0.8744248304827658,1,60,0.75,0.7349414984457965,0.011293876165652694
BSA,554929,2026-07-16 22:30:00+00:00,EC Vitória,CR Vasco da Gama,1X,LOGIT_OFFSET,0.8702019814546736,1,60,0.75,0.7349414984457965,0.061203983652964214
BSA,554929,2026-07-16 22:30:00+00:00,EC Vitória,CR Vasco da Gama,AWAY_SCORES,RAW,0.5371653026727528,0,60,0.75,0.6497962284988809,0.0
BSA,554929,2026-07-16 22:30:00+00:00,EC Vitória,CR Vasco da Gama,AWAY_SCORES,ROLLING_BIAS,0.6123181312985921,0,60,0.75,0.6497962284988809,0.07515282862583939
BSA,554929,2026-07-16 22:30:00+00:00,EC Vitória,CR Vasco da Gama,AWAY_SCORES,LOGIT_OFFSET,0.6269202540915267,0,60,0.75,0.6497962284988809,0.3700912450732544
BSA,554770,2026-07-17 22:30:00+00:00,EC Bahia,Chapecoense AF,1X,RAW,0.8204342588568279,1,60,0.75,0.7383063469814439,0.0
BSA,554770,2026-07-17 22:30:00+00:00,EC Bahia,Chapecoense AF,1X,ROLLING_BIAS,0.829204498620745,1,60,0.75,0.7383063469814439,0.00877023976391711
BSA,554770,2026-07-17 22:30:00+00:00,EC Bahia,Chapecoense AF,1X,LOGIT_OFFSET,0.8273677794723917,1,60,0.75,0.7383063469814439,0.0477934754435502
BSA,554770,2026-07-17 22:30:00+00:00,EC Bahia,Chapecoense AF,AWAY_SCORES,RAW,0.5464713048561972,0,60,0.7333333333333333,0.6466290367048622,0.0
BSA,554770,2026-07-17 22:30:00+00:00,EC Bahia,Chapecoense AF,AWAY_SCORES,ROLLING_BIAS,0.6114995273275505,0,60,0.7333333333333333,0.6466290367048622,0.06502822247135331
BSA,554770,2026-07-17 22:30:00+00:00,EC Bahia,Chapecoense AF,AWAY_SCORES,LOGIT_OFFSET,0.6225566967470054,0,60,0.7333333333333333,0.6466290367048622,0.31399107924081326
PPL,545790,2025-11-09 15:30:00+00:00,AVS,Gil Vicente FC,1X,RAW,0.3208551076270117,1,40,0.6,0.6546009867740549,0.0
PPL,545790,2025-11-09 15:30:00+00:00,AVS,Gil Vicente FC,1X,ROLLING_BIAS,0.2844544497776418,1,40,0.6,0.6546009867740549,-0.03640065784936991
PPL,545790,2025-11-09 15:30:00+00:00,AVS,Gil Vicente FC,1X,LOGIT_OFFSET,0.28583825872002006,1,40,0.6,0.6546009867740549,-0.16583849068817064
PPL,545790,2025-11-09 15:30:00+00:00,AVS,Gil Vicente FC,AWAY_SCORES,RAW,0.8587854413079208,1,40,0.7,0.6872511829513871,0.0
PPL,545790,2025-11-09 15:30:00+00:00,AVS,Gil Vicente FC,AWAY_SCORES,ROLLING_BIAS,0.8672846526736627,1,40,0.7,0.6872511829513871,0.008499211365741943
PPL,545790,2025-11-09 15:30:00+00:00,AVS,Gil Vicente FC,AWAY_SCORES,LOGIT_OFFSET,0.8637486180683009,1,40,0.7,0.6872511829513871,0.04154151218344082
PPL,545791,2025-11-09 15:30:00+00:00,CF Estrela da Amadora,CD Nacional,1X,RAW,0.5920079909987819,1,41,0.6097560975609756,0.6464608433802245,0.0
PPL,545791,2025-11-09 15:30:00+00:00,CF Estrela da Amadora,CD Nacional,1X,ROLLING_BIAS,0.56733758807109,1,41,0.6097560975609756,0.6464608433802245,-0.024670402927691848
PPL,545791,2025-11-09 15:30:00+00:00,CF Estrela da Amadora,CD Nacional,1X,LOGIT_OFFSET,0.5643380307120274,1,41,0.6097560975609756,0.6464608433802245,-0.1134857703245866
PPL,545791,2025-11-09 15:30:00+00:00,CF Estrela da Amadora,CD Nacional,AWAY_SCORES,RAW,0.7011829655044917,1,41,0.7073170731707317,0.6914349453503269,0.0
PPL,545791,2025-11-09 15:30:00+00:00,CF Estrela da Amadora,CD Nacional,AWAY_SCORES,ROLLING_BIAS,0.7118578383018129,1,41,0.7073170731707317,0.6914349453503269,0.010674872797321266
PPL,545791,2025-11-09 15:30:00+00:00,CF Estrela da Amadora,CD Nacional,AWAY_SCORES,LOGIT_OFFSET,0.7121425450392379,1,41,0.7073170731707317,0.6914349453503269,0.0528752874448459
PPL,545793,2025-11-09 18:00:00+00:00,FC Famalicão,FC Porto,1X,RAW,0.5374201492035114,0,42,0.6190476190476191,0.6451643468949521,0.0
PPL,545793,2025-11-09 18:00:00+00:00,FC Famalicão,FC Porto,1X,ROLLING_BIAS,0.5197281722746729,0,42,0.6190476190476191,0.6451643468949521,-0.017691976928838504
PPL,545793,2025-11-09 18:00:00+00:00,FC Famalicão,FC Porto,1X,LOGIT_OFFSET,0.5170888725152794,0,42,0.6190476190476191,0.6451643468949521,-0.08157887242728613
PPL,545793,2025-11-09 18:00:00+00:00,FC Famalicão,FC Porto,AWAY_SCORES,RAW,0.7195590904913984,1,42,0.7142857142857143,0.6916670410682833,0.0
PPL,545793,2025-11-09 18:00:00+00:00,FC Famalicão,FC Porto,AWAY_SCORES,ROLLING_BIAS,0.7348814175096582,1,42,0.7142857142857143,0.6916670410682833,0.015322327018259752
PPL,545793,2025-11-09 18:00:00+00:00,FC Famalicão,FC Porto,AWAY_SCORES,LOGIT_OFFSET,0.7347035962024782,1,42,0.7142857142857143,0.6916670410682833,0.07634383294991158
PPL,545795,2025-11-09 20:30:00+00:00,Sporting Clube de Braga,Moreirense FC,1X,RAW,0.7847747305677143,1,43,0.6046511627906976,0.642658667878872,0.0
PPL,545795,2025-11-09 20:30:00+00:00,Sporting Clube de Braga,Moreirense FC,1X,ROLLING_BIAS,0.7588331001107064,1,43,0.6046511627906976,0.642658667878872,-0.025941630457007925
PPL,545795,2025-11-09 20:30:00+00:00,Sporting Clube de Braga,Moreirense FC,1X,LOGIT_OFFSET,0.7640824499083227,1,43,0.6046511627906976,0.642658667878872,-0.11851814265672858
PPL,545795,2025-11-09 20:30:00+00:00,Sporting Clube de Braga,Moreirense FC,AWAY_SCORES,RAW,0.6206389807753476,1,43,0.7209302325581395,0.6923156933804487,0.0
PPL,545795,2025-11-09 20:30:00+00:00,Sporting Clube de Braga,Moreirense FC,AWAY_SCORES,ROLLING_BIAS,0.6401695392617079,1,43,0.7209302325581395,0.6923156933804487,0.019530558486360317
PPL,545795,2025-11-09 20:30:00+00:00,Sporting Clube de Braga,Moreirense FC,AWAY_SCORES,LOGIT_OFFSET,0.6434102417624991,1,43,0.7209302325581395,0.6923156933804487,0.09793529597427478
PPL,545796,2025-11-09 20:30:00+00:00,Sport Lisboa e Benfica,Casa Pia AC,1X,RAW,0.8762171164631675,1,44,0.6136363636363636,0.6458885783945276,0.0
PPL,545796,2025-11-09 20:30:00+00:00,Sport Lisboa e Benfica,Casa Pia AC,1X,ROLLING_BIAS,0.8540437188169298,1,44,0.6136363636363636,0.6458885783945276,-0.022173397646237714
PPL,545796,2025-11-09 20:30:00+00:00,Sport Lisboa e Benfica,Casa Pia AC,1X,LOGIT_OFFSET,0.8647202113857486,1,44,0.6136363636363636,0.6458885783945276,-0.10202396081632406
PPL,545796,2025-11-09 20:30:00+00:00,Sport Lisboa e Benfica,Casa Pia AC,AWAY_SCORES,RAW,0.5792504636018925,1,44,0.7272727272727273,0.6906866771848782,0.0
PPL,545796,2025-11-09 20:30:00+00:00,Sport Lisboa e Benfica,Casa Pia AC,AWAY_SCORES,ROLLING_BIAS,0.6044033730372887,1,44,0.7272727272727273,0.6906866771848782,0.025152909435396276
PPL,545796,2025-11-09 20:30:00+00:00,Sport Lisboa e Benfica,Casa Pia AC,AWAY_SCORES,LOGIT_OFFSET,0.6097773853023436,1,44,0.7272727272727273,0.6906866771848782,0.1266793328031641
PPL,545801,2025-11-28 20:15:00+00:00,Vitória SC,AVS,1X,RAW,0.766107972615141,1,45,0.6222222222222222,0.6510069903516085,0.0
PPL,545801,2025-11-28 20:15:00+00:00,Vitória SC,AVS,1X,ROLLING_BIAS,0.7461800562178735,1,45,0.6222222222222222,0.6510069903516085,-0.01992791639726743
PPL,545801,2025-11-28 20:15:00+00:00,Vitória SC,AVS,1X,LOGIT_OFFSET,0.7490676133728607,1,45,0.6222222222222222,0.6510069903516085,-0.09281780467317843
PPL,545801,2025-11-28 20:15:00+00:00,Vitória SC,AVS,AWAY_SCORES,RAW,0.6917345207877375,0,45,0.7333333333333333,0.688210316883034,0.0
PPL,545801,2025-11-28 20:15:00+00:00,Vitória SC,AVS,AWAY_SCORES,ROLLING_BIAS,0.7229735321764061,0,45,0.7333333333333333,0.688210316883034,0.03123901138866869
PPL,545801,2025-11-28 20:15:00+00:00,Vitória SC,AVS,AWAY_SCORES,LOGIT_OFFSET,0.7243648727843646,0,45,0.7333333333333333,0.688210316883034,0.15797636078970909
PPL,545804,2025-11-29 15:30:00+00:00,Casa Pia AC,FC Alverca,1X,RAW,0.5289119308683093,0,46,0.6304347826086957,0.653509185618207,0.0
PPL,545804,2025-11-29 15:30:00+00:00,Casa Pia AC,FC Alverca,1X,ROLLING_BIAS,0.5128297711950135,0,46,0.6304347826086957,0.653509185618207,-0.01608215967329585
PPL,545804,2025-11-29 15:30:00+00:00,Casa Pia AC,FC Alverca,1X,LOGIT_OFFSET,0.5101024030108724,0,46,0.6304347826086957,0.653509185618207,-0.07536176362389888
PPL,545804,2025-11-29 15:30:00+00:00,Casa Pia AC,FC Alverca,AWAY_SCORES,RAW,0.8502479698295583,1,46,0.717391304347826,0.6882869300113972,0.0
PPL,545804,2025-11-29 15:30:00+00:00,Casa Pia AC,FC Alverca,AWAY_SCORES,ROLLING_BIAS,0.8705328367913118,1,46,0.717391304347826,0.6882869300113972,0.020284866961753467
PPL,545804,2025-11-29 15:30:00+00:00,Casa Pia AC,FC Alverca,AWAY_SCORES,LOGIT_OFFSET,0.862641306231727,1,46,0.717391304347826,0.6882869300113972,0.10085601962146934
PPL,545805,2025-11-29 15:30:00+00:00,Moreirense FC,FC Famalicão,1X,RAW,0.6626704120817313,1,47,0.6170212765957447,0.6508581801979963,0.0
PPL,545805,2025-11-29 15:30:00+00:00,Moreirense FC,FC Famalicão,1X,ROLLING_BIAS,0.6389340767189577,1,47,0.6170212765957447,0.6508581801979963,-0.02373633536277353
PPL,545805,2025-11-29 15:30:00+00:00,Moreirense FC,FC Famalicão,1X,LOGIT_OFFSET,0.6376123194543596,1,47,0.6170212765957447,0.6508581801979963,-0.11020142307752412
PPL,545805,2025-11-29 15:30:00+00:00,Moreirense FC,FC Famalicão,AWAY_SCORES,RAW,0.6475454277432154,1,47,0.723404255319149,0.6917329095819963,0.0
PPL,545805,2025-11-29 15:30:00+00:00,Moreirense FC,FC Famalicão,AWAY_SCORES,ROLLING_BIAS,0.6697626404245016,1,47,0.723404255319149,0.6917329095819963,0.02221721268128618
PPL,545805,2025-11-29 15:30:00+00:00,Moreirense FC,FC Famalicão,AWAY_SCORES,LOGIT_OFFSET,0.6726049016929089,1,47,0.723404255319149,0.6917329095819963,0.11172318483400917
PPL,545807,2025-11-29 18:00:00+00:00,CD Nacional,Sport Lisboa e Benfica,1X,RAW,0.3294222249552345,0,48,0.625,0.6511042683622409,0.0
PPL,545807,2025-11-29 18:00:00+00:00,CD Nacional,Sport Lisboa e Benfica,1X,ROLLING_BIAS,0.310995682581888,0,48,0.625,0.6511042683622409,-0.01842654237334651
PPL,545807,2025-11-29 18:00:00+00:00,CD Nacional,Sport Lisboa e Benfica,1X,LOGIT_OFFSET,0.31075560187794765,0,48,0.625,0.6511042683622409,-0.0857897600882019
PPL,545807,2025-11-29 18:00:00+00:00,CD Nacional,Sport Lisboa e Benfica,AWAY_SCORES,RAW,0.8651301316958359,1,48,0.7291666666666666,0.6908123370436884,0.0
PPL,545807,2025-11-29 18:00:00+00:00,CD Nacional,Sport Lisboa e Benfica,AWAY_SCORES,ROLLING_BIAS,0.8922037761355852,1,48,0.7291666666666666,0.6908123370436884,0.027073644439749356
PPL,545807,2025-11-29 18:00:00+00:00,CD Nacional,Sport Lisboa e Benfica,AWAY_SCORES,LOGIT_OFFSET,0.8803024419761128,1,48,0.7291666666666666,0.6908123370436884,0.13672775911698717
PPL,545800,2025-11-29 20:30:00+00:00,Gil Vicente FC,CD Tondela,1X,RAW,0.8694781578860549,0,49,0.6122448979591837,0.6445393287008734,0.0
PPL,545800,2025-11-29 20:30:00+00:00,Gil Vicente FC,CD Tondela,1X,ROLLING_BIAS,0.8465444317071738,0,49,0.6122448979591837,0.6445393287008734,-0.02293372617888112
PPL,545800,2025-11-29 20:30:00+00:00,Gil Vicente FC,CD Tondela,1X,LOGIT_OFFSET,0.856917976439642,0,49,0.6122448979591837,0.6445393287008734,-0.10642848112418667
PPL,545800,2025-11-29 20:30:00+00:00,Gil Vicente FC,CD Tondela,AWAY_SCORES,RAW,0.4868716520528502,1,49,0.7346938775510204,0.6943698430569976,0.0
PPL,545800,2025-11-29 20:30:00+00:00,Gil Vicente FC,CD Tondela,AWAY_SCORES,ROLLING_BIAS,0.5155075606065767,1,49,0.7346938775510204,0.6943698430569976,0.02863590855372644
PPL,545800,2025-11-29 20:30:00+00:00,Gil Vicente FC,CD Tondela,AWAY_SCORES,LOGIT_OFFSET,0.5234323805996132,1,49,0.7346938775510204,0.6943698430569976,0.14632369713894364
PPL,545806,2025-11-30 15:30:00+00:00,Rio Ave FC,CD Santa Clara,1X,RAW,0.6574183476235573,1,50,0.6,0.649038105284577,0.0
PPL,545806,2025-11-30 15:30:00+00:00,Rio Ave FC,CD Santa Clara,1X,ROLLING_BIAS,0.6223911295631452,1,50,0.6,0.649038105284577,-0.03502721806041209
PPL,545806,2025-11-30 15:30:00+00:00,Rio Ave FC,CD Santa Clara,1X,LOGIT_OFFSET,0.6199074590086185,1,50,0.6,0.649038105284577,-0.16265508458943878
PPL,545806,2025-11-30 15:30:00+00:00,Rio Ave FC,CD Santa Clara,AWAY_SCORES,RAW,0.7012814616410925,1,50,0.74,0.6902198792369145,0.0
PPL,545806,2025-11-30 15:30:00+00:00,Rio Ave FC,CD Santa Clara,AWAY_SCORES,ROLLING_BIAS,0.7368386907575821,1,50,0.74,0.6902198792369145,0.03555722911648962
PPL,545806,2025-11-30 15:30:00+00:00,Rio Ave FC,CD Santa Clara,AWAY_SCORES,LOGIT_OFFSET,0.738056238067934,1,50,0.74,0.6902198792369145,0.18248265928657503
PPL,545803,2025-11-30 18:00:00+00:00,Sporting Clube de Portugal,CF Estrela da Amadora,1X,RAW,0.8078031646890375,1,51,0.6078431372549019,0.6492024237618118,0.0
PPL,545803,2025-11-30 18:00:00+00:00,Sporting Clube de Portugal,CF Estrela da Amadora,1X,ROLLING_BIAS,0.7780943814235106,1,51,0.6078431372549019,0.6492024237618118,-0.02970878326552684
PPL,545803,2025-11-30 18:00:00+00:00,Sporting Clube de Portugal,CF Estrela da Amadora,1X,LOGIT_OFFSET,0.7854223386242187,1,51,0.6078431372549019,0.6492024237618118,-0.13824853643310814
PPL,545803,2025-11-30 18:00:00+00:00,Sporting Clube de Portugal,CF Estrela da Amadora,AWAY_SCORES,RAW,0.6135745115056808,0,51,0.7450980392156863,0.6904367730095455,0.0
PPL,545803,2025-11-30 18:00:00+00:00,Sporting Clube de Portugal,CF Estrela da Amadora,AWAY_SCORES,ROLLING_BIAS,0.6528382379354438,0,51,0.7450980392156863,0.6904367730095455,0.03926372642976306
PPL,545803,2025-11-30 18:00:00+00:00,Sporting Clube de Portugal,CF Estrela da Amadora,AWAY_SCORES,LOGIT_OFFSET,0.6603576483077052,0,51,0.7450980392156863,0.6904367730095455,0.20252577669698685
PPL,545802,2025-11-30 20:30:00+00:00,FC Porto,GD Estoril Praia,1X,RAW,0.8056164157158981,1,52,0.6153846153846154,0.6522524380104124,0.0
PPL,545802,2025-11-30 20:30:00+00:00,FC Porto,GD Estoril Praia,1X,ROLLING_BIAS,0.7789896549306004,1,52,0.6153846153846154,0.6522524380104124,-0.0266267607852978
PPL,545802,2025-11-30 20:30:00+00:00,FC Porto,GD Estoril Praia,1X,LOGIT_OFFSET,0.7853355872329459,1,52,0.6153846153846154,0.6522524380104124,-0.12473908448326139
PPL,545802,2025-11-30 20:30:00+00:00,FC Porto,GD Estoril Praia,AWAY_SCORES,RAW,0.6284640865997039,0,52,0.7307692307692307,0.6889586525960097,0.0
PPL,545802,2025-11-30 20:30:00+00:00,FC Porto,GD Estoril Praia,AWAY_SCORES,ROLLING_BIAS,0.6586606152803635,0,52,0.7307692307692307,0.6889586525960097,0.030196528680659585
PPL,545802,2025-11-30 20:30:00+00:00,FC Porto,GD Estoril Praia,AWAY_SCORES,LOGIT_OFFSET,0.6634481006618249,0,52,0.7307692307692307,0.6889586525960097,0.15306490603232287
PPL,545799,2025-12-01 20:15:00+00:00,FC Arouca,Sporting Clube de Braga,1X,RAW,0.436382962779223,0,53,0.6226415094339622,0.6551460979671196,0.0
PPL,545799,2025-12-01 20:15:00+00:00,FC Arouca,Sporting Clube de Braga,1X,ROLLING_BIAS,0.4127837409674786,0,53,0.6226415094339622,0.6551460979671196,-0.023599221811744397
PPL,545799,2025-12-01 20:15:00+00:00,FC Arouca,Sporting Clube de Braga,1X,LOGIT_OFFSET,0.40923315279821765,0,53,0.6226415094339622,0.6551460979671196,-0.11128158859759217
PPL,545799,2025-12-01 20:15:00+00:00,FC Arouca,Sporting Clube de Braga,AWAY_SCORES,RAW,0.8630307146312296,1,53,0.7169811320754716,0.687817245690419,0.0
PPL,545799,2025-12-01 20:15:00+00:00,FC Arouca,Sporting Clube de Braga,AWAY_SCORES,ROLLING_BIAS,0.8842044951573637,1,53,0.7169811320754716,0.687817245690419,0.021173780526134056
PPL,545799,2025-12-01 20:15:00+00:00,FC Arouca,Sporting Clube de Braga,AWAY_SCORES,LOGIT_OFFSET,0.8750499182900586,1,53,0.7169811320754716,0.687817245690419,0.1056730483025734
PPL,545812,2025-12-05 20:15:00+00:00,Sport Lisboa e Benfica,Sporting Clube de Portugal,1X,RAW,0.5767412288079523,1,54,0.6111111111111112,0.6510949287969733,0.0
PPL,545812,2025-12-05 20:15:00+00:00,Sport Lisboa e Benfica,Sporting Clube de Portugal,1X,ROLLING_BIAS,0.5475638483344853,1,54,0.6111111111111112,0.6510949287969733,-0.029177380473466963
PPL,545812,2025-12-05 20:15:00+00:00,Sport Lisboa e Benfica,Sporting Clube de Portugal,1X,LOGIT_OFFSET,0.5430704382174932,1,54,0.6111111111111112,0.6510949287969733,-0.13670015999962865
PPL,545812,2025-12-05 20:15:00+00:00,Sport Lisboa e Benfica,Sporting Clube de Portugal,AWAY_SCORES,RAW,0.7713978572383988,1,54,0.7222222222222222,0.6910619395596933,0.0
PPL,545812,2025-12-05 20:15:00+00:00,Sport Lisboa e Benfica,Sporting Clube de Portugal,AWAY_SCORES,ROLLING_BIAS,0.794136441884028,1,54,0.7222222222222222,0.6910619395596933,0.022738584645629167
PPL,545812,2025-12-05 20:15:00+00:00,Sport Lisboa e Benfica,Sporting Clube de Portugal,AWAY_SCORES,LOGIT_OFFSET,0.7909879647439853,1,54,0.7222222222222222,0.6910619395596933,0.11466977386019286
PPL,545811,2025-12-06 15:30:00+00:00,CD Santa Clara,Casa Pia AC,1X,RAW,0.7223443139014243,1,55,0.6181818181818182,0.6497430433426276,0.0
PPL,545811,2025-12-06 15:30:00+00:00,CD Santa Clara,Casa Pia AC,1X,ROLLING_BIAS,0.6991994154501641,1,55,0.6181818181818182,0.6497430433426276,-0.02314489845126022
PPL,545811,2025-12-06 15:30:00+00:00,CD Santa Clara,Casa Pia AC,1X,LOGIT_OFFSET,0.7000482579370658,1,55,0.6181818181818182,0.6497430433426276,-0.10859243677362515
PPL,545811,2025-12-06 15:30:00+00:00,CD Santa Clara,Casa Pia AC,AWAY_SCORES,RAW,0.6680088849741112,0,55,0.7272727272727273,0.6925225926083971,0.0
PPL,545811,2025-12-06 15:30:00+00:00,CD Santa Clara,Casa Pia AC,AWAY_SCORES,ROLLING_BIAS,0.6934923170612867,0,55,0.7272727272727273,0.6925225926083971,0.025483432087175517
PPL,545811,2025-12-06 15:30:00+00:00,CD Santa Clara,Casa Pia AC,AWAY_SCORES,LOGIT_OFFSET,0.69604527755008,0,55,0.7272727272727273,0.6925225926083971,0.1293426934461085
PPL,545808,2025-12-06 18:00:00+00:00,AVS,Rio Ave FC,1X,RAW,0.476802035259062,0,56,0.625,0.6510394946026061,0.0
PPL,545808,2025-12-06 18:00:00+00:00,AVS,Rio Ave FC,1X,ROLLING_BIAS,0.4576150392360891,0,56,0.625,0.6510394946026061,-0.019186996022972913
PPL,545808,2025-12-06 18:00:00+00:00,AVS,Rio Ave FC,1X,LOGIT_OFFSET,0.4543299443396079,0,56,0.625,0.6510394946026061,-0.09033228989819662
PPL,545808,2025-12-06 18:00:00+00:00,AVS,Rio Ave FC,AWAY_SCORES,RAW,0.8176614638730467,1,56,0.7142857142857143,0.6920848478292134,0.0
PPL,545808,2025-12-06 18:00:00+00:00,AVS,Rio Ave FC,AWAY_SCORES,ROLLING_BIAS,0.8340199970515211,1,56,0.7142857142857143,0.6920848478292134,0.016358533178474355
PPL,545808,2025-12-06 18:00:00+00:00,AVS,Rio Ave FC,AWAY_SCORES,LOGIT_OFFSET,0.8295509402026578,1,56,0.7142857142857143,0.6920848478292134,0.08186469118152731
PPL,545816,2025-12-06 20:30:00+00:00,FC Famalicão,Sporting Clube de Braga,1X,RAW,0.6086765853995129,0,57,0.6140350877192983,0.6479826970702632,0.0
PPL,545816,2025-12-06 20:30:00+00:00,FC Famalicão,Sporting Clube de Braga,1X,ROLLING_BIAS,0.5835465369189284,0,57,0.6140350877192983,0.6479826970702632,-0.02513004848058442
PPL,545816,2025-12-06 20:30:00+00:00,FC Famalicão,Sporting Clube de Braga,1X,LOGIT_OFFSET,0.5803626669752827,0,57,0.6140350877192983,0.6479826970702632,-0.11749035222435404
PPL,545816,2025-12-06 20:30:00+00:00,FC Famalicão,Sporting Clube de Braga,AWAY_SCORES,RAW,0.6879703623284477,1,57,0.7192982456140351,0.6942879463562982,0.0
PPL,545816,2025-12-06 20:30:00+00:00,FC Famalicão,Sporting Clube de Braga,AWAY_SCORES,ROLLING_BIAS,0.7064844799607983,1,57,0.7192982456140351,0.6942879463562982,0.01851411763235067
PPL,545816,2025-12-06 20:30:00+00:00,FC Famalicão,Sporting Clube de Braga,AWAY_SCORES,LOGIT_OFFSET,0.7076554542689841,1,57,0.7192982456140351,0.6942879463562982,0.09337668776397864
PPL,545809,2025-12-07 15:30:00+00:00,GD Estoril Praia,Moreirense FC,1X,RAW,0.7238979425563347,1,58,0.603448275862069,0.6473050054897331,0.0
PPL,545809,2025-12-07 15:30:00+00:00,GD Estoril Praia,Moreirense FC,1X,ROLLING_BIAS,0.6912865282178151,1,58,0.603448275862069,0.6473050054897331,-0.03261141433851955
PPL,545809,2025-12-07 15:30:00+00:00,GD Estoril Praia,Moreirense FC,1X,LOGIT_OFFSET,0.692636021254397,1,58,0.603448275862069,0.6473050054897331,-0.1514078528977298
PPL,545809,2025-12-07 15:30:00+00:00,GD Estoril Praia,Moreirense FC,AWAY_SCORES,RAW,0.6962536412868312,1,58,0.7241379310344828,0.6941790224937491,0.0
PPL,545809,2025-12-07 15:30:00+00:00,GD Estoril Praia,Moreirense FC,AWAY_SCORES,ROLLING_BIAS,0.718530778406864,1,58,0.7241379310344828,0.6941790224937491,0.022277137120032764
PPL,545809,2025-12-07 15:30:00+00:00,GD Estoril Praia,Moreirense FC,AWAY_SCORES,LOGIT_OFFSET,0.7195686138669075,1,58,0.7241379310344828,0.6941790224937491,0.11280178844265916
PPL,545810,2025-12-07 18:00:00+00:00,FC Alverca,CD Nacional,1X,RAW,0.5248798850550729,1,59,0.6101694915254238,0.6486031908637433,0.0
PPL,545810,2025-12-07 18:00:00+00:00,FC Alverca,CD Nacional,1X,ROLLING_BIAS,0.4961762361821507,1,59,0.6101694915254238,0.6486031908637433,-0.028703648872922205
PPL,545810,2025-12-07 18:00:00+00:00,FC Alverca,CD Nacional,1X,LOGIT_OFFSET,0.4914806548923314,1,59,0.6101694915254238,0.6486031908637433,-0.13368247916048803
PPL,545810,2025-12-07 18:00:00+00:00,FC Alverca,CD Nacional,AWAY_SCORES,RAW,0.7321219983597889,0,59,0.7288135593220338,0.6942141855241403,0.0
PPL,545810,2025-12-07 18:00:00+00:00,FC Alverca,CD Nacional,AWAY_SCORES,ROLLING_BIAS,0.7579620370189752,0,59,0.7288135593220338,0.6942141855241403,0.025840038659186382
PPL,545810,2025-12-07 18:00:00+00:00,FC Alverca,CD Nacional,AWAY_SCORES,LOGIT_OFFSET,0.7570909742384392,0,59,0.7288135593220338,0.6942141855241403,0.13138092449239064
PPL,545814,2025-12-07 18:00:00+00:00,CF Estrela da Amadora,FC Arouca,1X,RAW,0.7773693732907814,1,60,0.6166666666666667,0.6465411357669322,0.0
PPL,545814,2025-12-07 18:00:00+00:00,CF Estrela da Amadora,FC Arouca,1X,ROLLING_BIAS,0.7549635214655823,1,60,0.6166666666666667,0.6465411357669322,-0.022405851825199052
PPL,545814,2025-12-07 18:00:00+00:00,CF Estrela da Amadora,FC Arouca,1X,LOGIT_OFFSET,0.75875936133284,1,60,0.6166666666666667,0.6465411357669322,-0.10451186151777123
PPL,545814,2025-12-07 18:00:00+00:00,CF Estrela da Amadora,FC Arouca,AWAY_SCORES,RAW,0.7265356748034316,1,60,0.7166666666666667,0.6948459824047344,0.0
PPL,545814,2025-12-07 18:00:00+00:00,CF Estrela da Amadora,FC Arouca,AWAY_SCORES,ROLLING_BIAS,0.7429011879998808,1,60,0.7166666666666667,0.6948459824047344,0.01636551319644919
PPL,545814,2025-12-07 18:00:00+00:00,CF Estrela da Amadora,FC Arouca,AWAY_SCORES,LOGIT_OFFSET,0.7425603806944299,1,60,0.7166666666666667,0.6948459824047344,0.08220257218021222
PPL,545815,2025-12-07 20:30:00+00:00,CD Tondela,FC Porto,1X,RAW,0.3147944178171243,0,60,0.6166666666666667,0.6484546070793142,0.0
PPL,545815,2025-12-07 20:30:00+00:00,CD Tondela,FC Porto,1X,ROLLING_BIAS,0.29095346250763865,0,60,0.6166666666666667,0.6484546070793142,-0.023840955309485656
PPL,545815,2025-12-07 20:30:00+00:00,CD Tondela,FC Porto,1X,LOGIT_OFFSET,0.29125185844889634,0,60,0.6166666666666667,0.6484546070793142,-0.11151271779003526
PPL,545815,2025-12-07 20:30:00+00:00,CD Tondela,FC Porto,AWAY_SCORES,RAW,0.8443134297918287,1,60,0.7166666666666667,0.6967790520021904,0.0
PPL,545815,2025-12-07 20:30:00+00:00,CD Tondela,FC Porto,AWAY_SCORES,ROLLING_BIAS,0.8592291407901859,1,60,0.7166666666666667,0.6967790520021904,0.014915710998357201
PPL,545815,2025-12-07 20:30:00+00:00,CD Tondela,FC Porto,AWAY_SCORES,LOGIT_OFFSET,0.8539245330440516,1,60,0.7166666666666667,0.6967790520021904,0.07504046882769587
PPL,545813,2025-12-08 20:30:00+00:00,Vitória SC,Gil Vicente FC,1X,RAW,0.5498025348124436,1,60,0.6,0.6410682625498455,0.0
PPL,545813,2025-12-08 20:30:00+00:00,Vitória SC,Gil Vicente FC,1X,ROLLING_BIAS,0.5190013379000594,1,60,0.6,0.6410682625498455,-0.030801196912384143
PPL,545813,2025-12-08 20:30:00+00:00,Vitória SC,Gil Vicente FC,1X,LOGIT_OFFSET,0.5141537905988043,1,60,0.6,0.6410682625498455,-0.14324259616291604
PPL,545813,2025-12-08 20:30:00+00:00,Vitória SC,Gil Vicente FC,AWAY_SCORES,RAW,0.7570840101553704,0,60,0.7166666666666667,0.6999679416427381,0.0
PPL,545813,2025-12-08 20:30:00+00:00,Vitória SC,Gil Vicente FC,AWAY_SCORES,ROLLING_BIAS,0.7696080539233168,0,60,0.7166666666666667,0.6999679416427381,0.012524043767946358
PPL,545813,2025-12-08 20:30:00+00:00,Vitória SC,Gil Vicente FC,AWAY_SCORES,LOGIT_OFFSET,0.7685402100860469,0,60,0.7166666666666667,0.6999679416427381,0.0633281573981204
PPL,545817,2025-12-13 15:30:00+00:00,Casa Pia AC,Gil Vicente FC,1X,RAW,0.364881591465643,1,60,0.6166666666666667,0.6365192589702655,0.0
PPL,545817,2025-12-13 15:30:00+00:00,Casa Pia AC,Gil Vicente FC,1X,ROLLING_BIAS,0.34999214723794386,1,60,0.6166666666666667,0.6365192589702655,-0.014889444227699111
PPL,545817,2025-12-13 15:30:00+00:00,Casa Pia AC,Gil Vicente FC,1X,LOGIT_OFFSET,0.34894929995204843,1,60,0.6166666666666667,0.6365192589702655,-0.06942232249396085
PPL,545817,2025-12-13 15:30:00+00:00,Casa Pia AC,Gil Vicente FC,AWAY_SCORES,RAW,0.8399154656393022,1,60,0.7,0.704606539140194,0.0
PPL,545817,2025-12-13 15:30:00+00:00,Casa Pia AC,Gil Vicente FC,AWAY_SCORES,ROLLING_BIAS,0.8364605612841567,1,60,0.7,0.704606539140194,-0.003454904355145505
PPL,545817,2025-12-13 15:30:00+00:00,Casa Pia AC,Gil Vicente FC,AWAY_SCORES,LOGIT_OFFSET,0.837587153513633,1,60,0.7,0.704606539140194,-0.017215441560923674
PPL,545825,2025-12-13 18:00:00+00:00,Rio Ave FC,Vitória SC,1X,RAW,0.6886549189581574,0,60,0.6166666666666667,0.6317683962948053,0.0
PPL,545825,2025-12-13 18:00:00+00:00,Rio Ave FC,Vitória SC,1X,ROLLING_BIAS,0.6773286217370535,0,60,0.6166666666666667,0.6317683962948053,-0.011326297221103898
PPL,545825,2025-12-13 18:00:00+00:00,Rio Ave FC,Vitória SC,1X,LOGIT_OFFSET,0.6771932714293962,0,60,0.6166666666666667,0.6317683962948053,-0.052935486082774846
PPL,545825,2025-12-13 18:00:00+00:00,Rio Ave FC,Vitória SC,AWAY_SCORES,RAW,0.6656707432805267,1,60,0.7166666666666667,0.7062380888714564,0.0
PPL,545825,2025-12-13 18:00:00+00:00,Rio Ave FC,Vitória SC,AWAY_SCORES,ROLLING_BIAS,0.6734921766269344,1,60,0.7166666666666667,0.7062380888714564,0.007821433346407725
PPL,545825,2025-12-13 18:00:00+00:00,Rio Ave FC,Vitória SC,AWAY_SCORES,LOGIT_OFFSET,0.6744537714599239,1,60,0.7166666666666667,0.7062380888714564,0.03972979819735995
PPL,545820,2025-12-13 20:30:00+00:00,Sporting Clube de Portugal,AVS,1X,RAW,0.9550498163899316,1,60,0.6166666666666667,0.6350717453763343,0.0
PPL,545820,2025-12-13 20:30:00+00:00,Sporting Clube de Portugal,AVS,1X,ROLLING_BIAS,0.9412460073576809,1,60,0.6166666666666667,0.6350717453763343,-0.013803809032250647
PPL,545820,2025-12-13 20:30:00+00:00,Sporting Clube de Portugal,AVS,1X,LOGIT_OFFSET,0.9521948977539618,1,60,0.6166666666666667,0.6350717453763343,-0.06457129418790607
PPL,545820,2025-12-13 20:30:00+00:00,Sporting Clube de Portugal,AVS,AWAY_SCORES,RAW,0.4859848774765806,0,60,0.7166666666666667,0.7037122748422874,0.0
PPL,545820,2025-12-13 20:30:00+00:00,Sporting Clube de Portugal,AVS,AWAY_SCORES,ROLLING_BIAS,0.49570067134486506,0,60,0.7166666666666667,0.7037122748422874,0.009715793868284472
PPL,545820,2025-12-13 20:30:00+00:00,Sporting Clube de Portugal,AVS,AWAY_SCORES,LOGIT_OFFSET,0.49827273531315663,0,60,0.7166666666666667,0.7037122748422874,0.04916609292983419
PPL,545821,2025-12-14 15:30:00+00:00,FC Famalicão,GD Estoril Praia,1X,RAW,0.6713174936740736,1,60,0.6166666666666667,0.6402886687376727,0.0
PPL,545821,2025-12-14 15:30:00+00:00,FC Famalicão,GD Estoril Praia,1X,ROLLING_BIAS,0.6536009921208191,1,60,0.6166666666666667,0.6402886687376727,-0.017716501553254438
PPL,545821,2025-12-14 15:30:00+00:00,FC Famalicão,GD Estoril Praia,1X,LOGIT_OFFSET,0.6525507864585608,1,60,0.6166666666666667,0.6402886687376727,-0.08387946796183172
PPL,545821,2025-12-14 15:30:00+00:00,FC Famalicão,GD Estoril Praia,AWAY_SCORES,RAW,0.6868193602719188,0,60,0.7166666666666667,0.7002337879673228,0.0
PPL,545821,2025-12-14 15:30:00+00:00,FC Famalicão,GD Estoril Praia,AWAY_SCORES,ROLLING_BIAS,0.6991440192964267,0,60,0.7166666666666667,0.7002337879673228,0.012324659024507856
PPL,545821,2025-12-14 15:30:00+00:00,FC Famalicão,GD Estoril Praia,AWAY_SCORES,LOGIT_OFFSET,0.7000751695126075,0,60,0.7166666666666667,0.7002337879673228,0.06236466615557437
PPL,545824,2025-12-14 18:00:00+00:00,Moreirense FC,Sport Lisboa e Benfica,1X,RAW,0.5132574813033064,0,60,0.6333333333333333,0.6399694430898248,0.0
PPL,545824,2025-12-14 18:00:00+00:00,Moreirense FC,Sport Lisboa e Benfica,1X,ROLLING_BIAS,0.5082803989859377,0,60,0.6333333333333333,0.6399694430898248,-0.004977082317368708
PPL,545824,2025-12-14 18:00:00+00:00,Moreirense FC,Sport Lisboa e Benfica,1X,LOGIT_OFFSET,0.5073210564886047,0,60,0.6333333333333333,0.6399694430898248,-0.02375603891515711
PPL,545824,2025-12-14 18:00:00+00:00,Moreirense FC,Sport Lisboa e Benfica,AWAY_SCORES,RAW,0.7895452463045913,1,60,0.7,0.7008234608825795,0.0
PPL,545824,2025-12-14 18:00:00+00:00,Moreirense FC,Sport Lisboa e Benfica,AWAY_SCORES,ROLLING_BIAS,0.7889276506426567,1,60,0.7,0.7008234608825795,-0.0006175956619346445
PPL,545824,2025-12-14 18:00:00+00:00,Moreirense FC,Sport Lisboa e Benfica,AWAY_SCORES,LOGIT_OFFSET,0.7890334138067491,1,60,0.7,0.7008234608825795,-0.0030775510742284407
PPL,545823,2025-12-14 20:30:00+00:00,FC Arouca,FC Alverca,1X,RAW,0.429141863557049,1,60,0.6166666666666667,0.6360772998190001,0.0
PPL,545823,2025-12-14 20:30:00+00:00,FC Arouca,FC Alverca,1X,ROLLING_BIAS,0.41458388869279894,1,60,0.6166666666666667,0.6360772998190001,-0.014557974864250034
PPL,545823,2025-12-14 20:30:00+00:00,FC Arouca,FC Alverca,1X,LOGIT_OFFSET,0.4123933317018284,1,60,0.6166666666666667,0.6360772998190001,-0.06872702739646834
PPL,545823,2025-12-14 20:30:00+00:00,FC Arouca,FC Alverca,AWAY_SCORES,RAW,0.8738367346981839,0,60,0.7166666666666667,0.7027513767295586,0.0
PPL,545823,2025-12-14 20:30:00+00:00,FC Arouca,FC Alverca,AWAY_SCORES,ROLLING_BIAS,0.884273202151015,0,60,0.7166666666666667,0.7027513767295586,0.01043646745283111
PPL,545823,2025-12-14 20:30:00+00:00,FC Arouca,FC Alverca,AWAY_SCORES,LOGIT_OFFSET,0.8795628979903257,0,60,0.7166666666666667,0.7027513767295586,0.052980704358835534
PPL,545818,2025-12-15 17:30:00+00:00,CD Nacional,CD Tondela,1X,RAW,0.6555543049391834,1,60,0.6333333333333333,0.6363910793969649,0.0
PPL,545818,2025-12-15 17:30:00+00:00,CD Nacional,CD Tondela,1X,ROLLING_BIAS,0.6532609953914597,1,60,0.6333333333333333,0.6363910793969649,-0.0022933095477237764
PPL,545818,2025-12-15 17:30:00+00:00,CD Nacional,CD Tondela,1X,LOGIT_OFFSET,0.6530860731474384,1,60,0.6333333333333333,0.6363910793969649,-0.010912468190607635
PPL,545818,2025-12-15 17:30:00+00:00,CD Nacional,CD Tondela,AWAY_SCORES,RAW,0.7189149959107684,1,60,0.7,0.7028121007752797,0.0
PPL,545818,2025-12-15 17:30:00+00:00,CD Nacional,CD Tondela,AWAY_SCORES,ROLLING_BIAS,0.7168059203293086,1,60,0.7,0.7028121007752797,-0.002109075581459785
PPL,545818,2025-12-15 17:30:00+00:00,CD Nacional,CD Tondela,AWAY_SCORES,LOGIT_OFFSET,0.7167802433732895,1,60,0.7,0.7028121007752797,-0.010539818514705
PPL,545819,2025-12-15 18:45:00+00:00,Sporting Clube de Braga,CD Santa Clara,1X,RAW,0.8125787129730029,1,60,0.6333333333333333,0.6375550117946742,0.0
PPL,545819,2025-12-15 18:45:00+00:00,Sporting Clube de Braga,CD Santa Clara,1X,ROLLING_BIAS,0.8094124541269971,1,60,0.6333333333333333,0.6375550117946742,-0.003166258846005743
PPL,545819,2025-12-15 18:45:00+00:00,Sporting Clube de Braga,CD Santa Clara,1X,LOGIT_OFFSET,0.8102717593562955,1,60,0.6333333333333333,0.6375550117946742,-0.015076871381211436
PPL,545819,2025-12-15 18:45:00+00:00,Sporting Clube de Braga,CD Santa Clara,AWAY_SCORES,RAW,0.551350536693388,0,60,0.7,0.7021896860258006,0.0
PPL,545819,2025-12-15 18:45:00+00:00,Sporting Clube de Braga,CD Santa Clara,AWAY_SCORES,ROLLING_BIAS,0.5497082721740375,0,60,0.7,0.7021896860258006,-0.001642264519350456
PPL,545819,2025-12-15 18:45:00+00:00,Sporting Clube de Braga,CD Santa Clara,AWAY_SCORES,LOGIT_OFFSET,0.5493214171761535,0,60,0.7,0.7021896860258006,-0.008199591348503663
PPL,545822,2025-12-15 20:45:00+00:00,FC Porto,CF Estrela da Amadora,1X,RAW,0.869707733383112,1,60,0.6333333333333333,0.6409639272412085,0.0
PPL,545822,2025-12-15 20:45:00+00:00,FC Porto,CF Estrela da Amadora,1X,ROLLING_BIAS,0.8639847879522056,1,60,0.6333333333333333,0.6409639272412085,-0.0057229454309064565
PPL,545822,2025-12-15 20:45:00+00:00,FC Porto,CF Estrela da Amadora,1X,LOGIT_OFFSET,0.8665728304533961,1,60,0.6333333333333333,0.6409639272412085,-0.027386710381004344
PPL,545822,2025-12-15 20:45:00+00:00,FC Porto,CF Estrela da Amadora,AWAY_SCORES,RAW,0.4841053234430704,1,60,0.6833333333333333,0.6992312959546488,0.0
PPL,545822,2025-12-15 20:45:00+00:00,FC Porto,CF Estrela da Amadora,AWAY_SCORES,ROLLING_BIAS,0.4721818514770838,1,60,0.6833333333333333,0.6992312959546488,-0.011923471965986587
PPL,545822,2025-12-15 20:45:00+00:00,FC Porto,CF Estrela da Amadora,AWAY_SCORES,LOGIT_OFFSET,0.46948976456034924,1,60,0.6833333333333333,0.6992312959546488,-0.05859261814412502
PPL,545834,2025-12-19 20:15:00+00:00,GD Estoril Praia,Sporting Clube de Braga,1X,RAW,0.4919180889613989,1,60,0.6333333333333333,0.6433375473468139,0.0
PPL,545834,2025-12-19 20:15:00+00:00,GD Estoril Praia,Sporting Clube de Braga,1X,ROLLING_BIAS,0.4844149284512884,1,60,0.6333333333333333,0.6433375473468139,-0.007503160510110463
PPL,545834,2025-12-19 20:15:00+00:00,GD Estoril Praia,Sporting Clube de Braga,1X,LOGIT_OFFSET,0.48289799217463536,1,60,0.6333333333333333,0.6433375473468139,-0.03610426722883456
PPL,545834,2025-12-19 20:15:00+00:00,GD Estoril Praia,Sporting Clube de Braga,AWAY_SCORES,RAW,0.8522363378694475,0,60,0.7,0.6984371180331852,0.0
PPL,545834,2025-12-19 20:15:00+00:00,GD Estoril Praia,Sporting Clube de Braga,AWAY_SCORES,ROLLING_BIAS,0.8534084993445585,0,60,0.7,0.6984371180331852,0.001172161475111011
PPL,545834,2025-12-19 20:15:00+00:00,GD Estoril Praia,Sporting Clube de Braga,AWAY_SCORES,LOGIT_OFFSET,0.8529712381049098,0,60,0.7,0.6984371180331852,0.005847841286979474
PPL,545829,2025-12-20 18:00:00+00:00,Gil Vicente FC,Rio Ave FC,1X,RAW,0.7343537877257313,1,60,0.65,0.6432435423659584,0.0
PPL,545829,2025-12-20 18:00:00+00:00,Gil Vicente FC,Rio Ave FC,1X,ROLLING_BIAS,0.7394211309512626,1,60,0.65,0.6432435423659584,0.005067343225531262
PPL,545829,2025-12-20 18:00:00+00:00,Gil Vicente FC,Rio Ave FC,1X,LOGIT_OFFSET,0.7391274801477257,1,60,0.65,0.6432435423659584,0.0246130336843062
PPL,545829,2025-12-20 18:00:00+00:00,Gil Vicente FC,Rio Ave FC,AWAY_SCORES,RAW,0.5988258343026727,1,60,0.6833333333333333,0.6994359908786585,0.0
PPL,545829,2025-12-20 18:00:00+00:00,Gil Vicente FC,Rio Ave FC,AWAY_SCORES,ROLLING_BIAS,0.5867488411436788,1,60,0.6833333333333333,0.6994359908786585,-0.01207699315899391
PPL,545829,2025-12-20 18:00:00+00:00,Gil Vicente FC,Rio Ave FC,AWAY_SCORES,LOGIT_OFFSET,0.5844456244035862,1,60,0.6833333333333333,0.6994359908786585,-0.05952485989677471
PPL,545827,2025-12-20 20:30:00+00:00,CF Estrela da Amadora,Moreirense FC,1X,RAW,0.6996371332788842,1,60,0.65,0.643611731812775,0.0
PPL,545827,2025-12-20 20:30:00+00:00,CF Estrela da Amadora,Moreirense FC,1X,ROLLING_BIAS,0.704428334419303,1,60,0.65,0.643611731812775,0.004791201140418755
PPL,545827,2025-12-20 20:30:00+00:00,CF Estrela da Amadora,Moreirense FC,1X,LOGIT_OFFSET,0.7045076106566849,1,60,0.65,0.643611731812775,0.023285532731328842
PPL,545827,2025-12-20 20:30:00+00:00,CF Estrela da Amadora,Moreirense FC,AWAY_SCORES,RAW,0.7404902378137044,0,60,0.6833333333333333,0.6985000891773416,0.0
PPL,545827,2025-12-20 20:30:00+00:00,CF Estrela da Amadora,Moreirense FC,AWAY_SCORES,ROLLING_BIAS,0.7291151709306982,0,60,0.6833333333333333,0.6985000891773416,-0.011375066883006157
PPL,545827,2025-12-20 20:30:00+00:00,CF Estrela da Amadora,Moreirense FC,AWAY_SCORES,LOGIT_OFFSET,0.729575533279636,0,60,0.6833333333333333,0.6985000891773416,-0.056048049012754814
PPL,545826,2025-12-21 15:30:00+00:00,AVS,CD Nacional,1X,RAW,0.4786871195566566,1,60,0.65,0.6470577753908625,0.0
PPL,545826,2025-12-21 15:30:00+00:00,AVS,CD Nacional,1X,ROLLING_BIAS,0.48089378801350974,1,60,0.65,0.6470577753908625,0.0022066684568531336
PPL,545826,2025-12-21 15:30:00+00:00,AVS,CD Nacional,1X,LOGIT_OFFSET,0.48136739146255464,1,60,0.65,0.6470577753908625,0.010738247902365522
PPL,545826,2025-12-21 15:30:00+00:00,AVS,CD Nacional,AWAY_SCORES,RAW,0.756933541834973,1,60,0.6666666666666666,0.6975312206091746,0.0
PPL,545826,2025-12-21 15:30:00+00:00,AVS,CD Nacional,AWAY_SCORES,ROLLING_BIAS,0.733785126378092,1,60,0.6666666666666666,0.6975312206091746,-0.023148415456880955
PPL,545826,2025-12-21 15:30:00+00:00,AVS,CD Nacional,AWAY_SCORES,LOGIT_OFFSET,0.7356683353014319,1,60,0.6666666666666666,0.6975312206091746,-0.11236579629518696
PPL,545832,2025-12-21 18:00:00+00:00,CD Tondela,Casa Pia AC,1X,RAW,0.5956541585364246,0,60,0.65,0.6433393346321837,0.0
PPL,545832,2025-12-21 18:00:00+00:00,CD Tondela,Casa Pia AC,1X,ROLLING_BIAS,0.6006496575622868,0,60,0.65,0.6433393346321837,0.004995499025862271
PPL,545832,2025-12-21 18:00:00+00:00,CD Tondela,Casa Pia AC,1X,LOGIT_OFFSET,0.6014884455338684,0,60,0.65,0.6433393346321837,0.024281160364914553
PPL,545832,2025-12-21 18:00:00+00:00,CD Tondela,Casa Pia AC,AWAY_SCORES,RAW,0.7092593900150685,1,60,0.6833333333333333,0.6988335673167497,0.0
PPL,545832,2025-12-21 18:00:00+00:00,CD Tondela,Casa Pia AC,AWAY_SCORES,ROLLING_BIAS,0.6976342145275063,1,60,0.6833333333333333,0.6988335673167497,-0.011625175487562256
PPL,545832,2025-12-21 18:00:00+00:00,CD Tondela,Casa Pia AC,AWAY_SCORES,LOGIT_OFFSET,0.6973087575189449,1,60,0.6833333333333333,0.6988335673167497,-0.0572748088506784
PPL,545833,2025-12-21 20:30:00+00:00,CD Santa Clara,FC Arouca,1X,RAW,0.8136808522130521,1,60,0.6333333333333333,0.6407012823664379,0.0
PPL,545833,2025-12-21 20:30:00+00:00,CD Santa Clara,FC Arouca,1X,ROLLING_BIAS,0.8081548904382236,1,60,0.6333333333333333,0.6407012823664379,-0.005525961774828447
PPL,545833,2025-12-21 20:30:00+00:00,CD Santa Clara,FC Arouca,1X,LOGIT_OFFSET,0.8096248824763271,1,60,0.6333333333333333,0.6407012823664379,-0.026532560226634555
PPL,545833,2025-12-21 20:30:00+00:00,CD Santa Clara,FC Arouca,AWAY_SCORES,RAW,0.6307296197261956,0,60,0.6833333333333333,0.698934322820836,0.0
PPL,545833,2025-12-21 20:30:00+00:00,CD Santa Clara,FC Arouca,AWAY_SCORES,ROLLING_BIAS,0.6190288776105686,0,60,0.6833333333333333,0.698934322820836,-0.011700742115626994
PPL,545833,2025-12-21 20:30:00+00:00,CD Santa Clara,FC Arouca,AWAY_SCORES,LOGIT_OFFSET,0.6172033180160597,0,60,0.6833333333333333,0.698934322820836,-0.05765365763127223
PPL,545828,2025-12-22 18:45:00+00:00,FC Alverca,FC Porto,1X,RAW,0.3275251463371391,0,60,0.6333333333333333,0.6419143664247582,0.0
PPL,545828,2025-12-22 18:45:00+00:00,FC Alverca,FC Porto,1X,ROLLING_BIAS,0.3210893715185704,0,60,0.6333333333333333,0.6419143664247582,-0.0064357748185686625
PPL,545828,2025-12-22 18:45:00+00:00,FC Alverca,FC Porto,1X,LOGIT_OFFSET,0.32073837342831124,0,60,0.6333333333333333,0.6419143664247582,-0.03098072656211663
PPL,545828,2025-12-22 18:45:00+00:00,FC Alverca,FC Porto,AWAY_SCORES,RAW,0.8466503811219273,1,60,0.6833333333333333,0.6992253884924757,0.0
PPL,545828,2025-12-22 18:45:00+00:00,FC Alverca,FC Porto,AWAY_SCORES,ROLLING_BIAS,0.8347313397525704,1,60,0.6833333333333333,0.6992253884924757,-0.011919041369356842
PPL,545828,2025-12-22 18:45:00+00:00,FC Alverca,FC Porto,AWAY_SCORES,LOGIT_OFFSET,0.8388685346019621,1,60,0.6833333333333333,0.6992253884924757,-0.058734016842388374
PPL,545830,2025-12-22 20:45:00+00:00,Sport Lisboa e Benfica,FC Famalicão,1X,RAW,0.7206329803321445,1,60,0.6333333333333333,0.6375896537581439,0.0
PPL,545830,2025-12-22 20:45:00+00:00,Sport Lisboa e Benfica,FC Famalicão,1X,ROLLING_BIAS,0.7174407400135365,1,60,0.6333333333333333,0.6375896537581439,-0.003192240318607986
PPL,545830,2025-12-22 20:45:00+00:00,Sport Lisboa e Benfica,FC Famalicão,1X,LOGIT_OFFSET,0.717515777291193,1,60,0.6333333333333333,0.6375896537581439,-0.015431328691547536
PPL,545830,2025-12-22 20:45:00+00:00,Sport Lisboa e Benfica,FC Famalicão,AWAY_SCORES,RAW,0.6363685120420196,0,60,0.6833333333333333,0.7019769243119662,0.0
PPL,545830,2025-12-22 20:45:00+00:00,Sport Lisboa e Benfica,FC Famalicão,AWAY_SCORES,ROLLING_BIAS,0.6223858188080449,0,60,0.6833333333333333,0.7019769243119662,-0.013982693233974719
PPL,545830,2025-12-22 20:45:00+00:00,Sport Lisboa e Benfica,FC Famalicão,AWAY_SCORES,LOGIT_OFFSET,0.6202022056607804,0,60,0.6833333333333333,0.7019769243119662,-0.06923028579594204
PPL,545831,2025-12-23 20:45:00+00:00,Vitória SC,Sporting Clube de Portugal,1X,RAW,0.4726280522101489,0,60,0.6333333333333333,0.6369361418971562,0.0
PPL,545831,2025-12-23 20:45:00+00:00,Vitória SC,Sporting Clube de Portugal,1X,ROLLING_BIAS,0.46992594578728175,0,60,0.6333333333333333,0.6369361418971562,-0.0027021064228671676
PPL,545831,2025-12-23 20:45:00+00:00,Vitória SC,Sporting Clube de Portugal,1X,LOGIT_OFFSET,0.4693773490507424,0,60,0.6333333333333333,0.6369361418971562,-0.013046740273660831
PPL,545831,2025-12-23 20:45:00+00:00,Vitória SC,Sporting Clube de Portugal,AWAY_SCORES,RAW,0.8074188010859418,1,60,0.6833333333333333,0.7019241686420331,0.0
PPL,545831,2025-12-23 20:45:00+00:00,Vitória SC,Sporting Clube de Portugal,AWAY_SCORES,ROLLING_BIAS,0.7934756746044169,1,60,0.6833333333333333,0.7019241686420331,-0.013943126481524848
PPL,545831,2025-12-23 20:45:00+00:00,Vitória SC,Sporting Clube de Portugal,AWAY_SCORES,LOGIT_OFFSET,0.7964563363977881,1,60,0.6833333333333333,0.7019241686420331,-0.06903285329249978
PPL,545839,2025-12-27 18:00:00+00:00,FC Famalicão,CF Estrela da Amadora,1X,RAW,0.8143056980645678,0,60,0.6333333333333333,0.6334677309770338,0.0
PPL,545839,2025-12-27 18:00:00+00:00,FC Famalicão,CF Estrela da Amadora,1X,ROLLING_BIAS,0.8142048998317923,0,60,0.6333333333333333,0.6334677309770338,-0.0001007982327754231
PPL,545839,2025-12-27 18:00:00+00:00,FC Famalicão,CF Estrela da Amadora,1X,LOGIT_OFFSET,0.8142321486384146,0,60,0.6333333333333333,0.6334677309770338,-0.0004863252926673306
PPL,545839,2025-12-27 18:00:00+00:00,FC Famalicão,CF Estrela da Amadora,AWAY_SCORES,RAW,0.5590418152337215,1,60,0.6833333333333333,0.7037051651236709,0.0
PPL,545839,2025-12-27 18:00:00+00:00,FC Famalicão,CF Estrela da Amadora,AWAY_SCORES,ROLLING_BIAS,0.5437629413909684,1,60,0.6833333333333333,0.7037051651236709,-0.015278873842753171
PPL,545839,2025-12-27 18:00:00+00:00,FC Famalicão,CF Estrela da Amadora,AWAY_SCORES,LOGIT_OFFSET,0.540265247340438,1,60,0.6833333333333333,0.7037051651236709,-0.07586370294824911
PPL,545840,2025-12-27 20:30:00+00:00,GD Estoril Praia,FC Alverca,1X,RAW,0.6648521222115272,1,60,0.6166666666666667,0.6331662876768902,0.0
PPL,545840,2025-12-27 20:30:00+00:00,GD Estoril Praia,FC Alverca,1X,ROLLING_BIAS,0.6524774064538597,1,60,0.6166666666666667,0.6331662876768902,-0.012374715757667576
PPL,545840,2025-12-27 20:30:00+00:00,GD Estoril Praia,FC Alverca,1X,LOGIT_OFFSET,0.6515396727028798,1,60,0.6166666666666667,0.6331662876768902,-0.05917887880258639
PPL,545840,2025-12-27 20:30:00+00:00,GD Estoril Praia,FC Alverca,AWAY_SCORES,RAW,0.7397057978089345,1,60,0.7,0.7029191745281078,0.0
PPL,545840,2025-12-27 20:30:00+00:00,GD Estoril Praia,FC Alverca,AWAY_SCORES,ROLLING_BIAS,0.7375164169128536,1,60,0.7,0.7029191745281078,-0.0021893808960808947
PPL,545840,2025-12-27 20:30:00+00:00,GD Estoril Praia,FC Alverca,AWAY_SCORES,LOGIT_OFFSET,0.7375762807206719,1,60,0.7,0.7029191745281078,-0.011030930658753525
PPL,545835,2025-12-28 15:30:00+00:00,Casa Pia AC,Vitória SC,1X,RAW,0.6068337922751377,1,60,0.6166666666666667,0.6340050668664716,0.0
PPL,545835,2025-12-28 15:30:00+00:00,Casa Pia AC,Vitória SC,1X,ROLLING_BIAS,0.593829992125284,1,60,0.6166666666666667,0.6340050668664716,-0.013003800149853695
PPL,545835,2025-12-28 15:30:00+00:00,Casa Pia AC,Vitória SC,1X,LOGIT_OFFSET,0.591892382135673,1,60,0.6166666666666667,0.6340050668664716,-0.06222856982637619
PPL,545835,2025-12-28 15:30:00+00:00,Casa Pia AC,Vitória SC,AWAY_SCORES,RAW,0.7121100746638761,0,60,0.7,0.7043219357080098,0.0
PPL,545835,2025-12-28 15:30:00+00:00,Casa Pia AC,Vitória SC,AWAY_SCORES,ROLLING_BIAS,0.7088686228828687,0,60,0.7,0.7043219357080098,-0.0032414517810074317
PPL,545835,2025-12-28 15:30:00+00:00,Casa Pia AC,Vitória SC,AWAY_SCORES,LOGIT_OFFSET,0.7087453251594787,0,60,0.7,0.7043219357080098,-0.016356091906657905
PPL,545836,2025-12-28 15:30:00+00:00,FC Arouca,Gil Vicente FC,1X,RAW,0.4017579430779639,1,60,0.6166666666666667,0.630810240225862,0.0
PPL,545836,2025-12-28 15:30:00+00:00,FC Arouca,Gil Vicente FC,1X,ROLLING_BIAS,0.39115026290856747,1,60,0.6166666666666667,0.630810240225862,-0.01060768016939645
PPL,545836,2025-12-28 15:30:00+00:00,FC Arouca,Gil Vicente FC,1X,LOGIT_OFFSET,0.3896750758975437,1,60,0.6166666666666667,0.630810240225862,-0.05053255077578408
PPL,545836,2025-12-28 15:30:00+00:00,FC Arouca,Gil Vicente FC,AWAY_SCORES,RAW,0.8178063692260573,1,60,0.7,0.7077033550188302,0.0
PPL,545836,2025-12-28 15:30:00+00:00,FC Arouca,Gil Vicente FC,AWAY_SCORES,ROLLING_BIAS,0.8120288529619346,1,60,0.7,0.7077033550188302,-0.005777516264122706
PPL,545836,2025-12-28 15:30:00+00:00,FC Arouca,Gil Vicente FC,AWAY_SCORES,LOGIT_OFFSET,0.8134198420428397,1,60,0.7,0.7077033550188302,-0.02916913025662056
PPL,545843,2025-12-28 18:00:00+00:00,Sporting Clube de Braga,Sport Lisboa e Benfica,1X,RAW,0.5448070175550253,1,60,0.6333333333333333,0.6297886621576538,0.0
PPL,545843,2025-12-28 18:00:00+00:00,Sporting Clube de Braga,Sport Lisboa e Benfica,1X,ROLLING_BIAS,0.5474655209367849,1,60,0.6333333333333333,0.6297886621576538,0.002658503381759658
PPL,545843,2025-12-28 18:00:00+00:00,Sporting Clube de Braga,Sport Lisboa e Benfica,1X,LOGIT_OFFSET,0.547974816500893,1,60,0.6333333333333333,0.6297886621576538,0.012781267160358345
PPL,545843,2025-12-28 18:00:00+00:00,Sporting Clube de Braga,Sport Lisboa e Benfica,AWAY_SCORES,RAW,0.7302355933626544,1,60,0.7,0.7082733204915325,0.0
PPL,545843,2025-12-28 18:00:00+00:00,Sporting Clube de Braga,Sport Lisboa e Benfica,AWAY_SCORES,ROLLING_BIAS,0.724030602994005,1,60,0.7,0.7082733204915325,-0.00620499036864941
PPL,545843,2025-12-28 18:00:00+00:00,Sporting Clube de Braga,Sport Lisboa e Benfica,AWAY_SCORES,LOGIT_OFFSET,0.7240125533547712,1,60,0.7,0.7082733204915325,-0.03136485302049214
PPL,545841,2025-12-28 20:30:00+00:00,Sporting Clube de Portugal,Rio Ave FC,1X,RAW,0.8878658239597645,1,60,0.6333333333333333,0.6274515195954665,0.0
PPL,545841,2025-12-28 20:30:00+00:00,Sporting Clube de Portugal,Rio Ave FC,1X,ROLLING_BIAS,0.8922771842631646,1,60,0.6333333333333333,0.6274515195954665,0.004411360303400058
PPL,545841,2025-12-28 20:30:00+00:00,Sporting Clube de Portugal,Rio Ave FC,1X,LOGIT_OFFSET,0.8899569918140792,1,60,0.6333333333333333,0.6274515195954665,0.021177387060880085
PPL,545841,2025-12-28 20:30:00+00:00,Sporting Clube de Portugal,Rio Ave FC,AWAY_SCORES,RAW,0.5907410039515226,0,60,0.7166666666666667,0.7091190659535273,0.0
PPL,545841,2025-12-28 20:30:00+00:00,Sporting Clube de Portugal,Rio Ave FC,AWAY_SCORES,ROLLING_BIAS,0.5964017044863772,0,60,0.7166666666666667,0.7091190659535273,0.005660700534854568
PPL,545841,2025-12-28 20:30:00+00:00,Sporting Clube de Portugal,Rio Ave FC,AWAY_SCORES,LOGIT_OFFSET,0.5977579947302759,0,60,0.7166666666666667,0.7091190659535273,0.029102580341033718
PPL,545838,2025-12-29 20:15:00+00:00,FC Porto,AVS,1X,RAW,0.9611078659335458,1,60,0.65,0.6337116664670267,0.0
PPL,545838,2025-12-29 20:15:00+00:00,FC Porto,AVS,1X,ROLLING_BIAS,0.9733241160832757,1,60,0.65,0.6337116664670267,0.012216250149729935
PPL,545838,2025-12-29 20:15:00+00:00,FC Porto,AVS,1X,LOGIT_OFFSET,0.9632790816919622,1,60,0.65,0.6337116664670267,0.059701975431504836
PPL,545838,2025-12-29 20:15:00+00:00,FC Porto,AVS,AWAY_SCORES,RAW,0.4038248075982854,0,60,0.7,0.7056319587945505,0.0
PPL,545838,2025-12-29 20:15:00+00:00,FC Porto,AVS,AWAY_SCORES,ROLLING_BIAS,0.39960083850237244,0,60,0.7,0.7056319587945505,-0.004223969095912938
PPL,545838,2025-12-29 20:15:00+00:00,FC Porto,AVS,AWAY_SCORES,LOGIT_OFFSET,0.3987085890811111,0,60,0.7,0.7056319587945505,-0.02129546538282831
PPL,545846,2026-01-02 18:45:00+00:00,Gil Vicente FC,Sporting Clube de Portugal,1X,RAW,0.4798404866877664,1,60,0.65,0.6363995417127446,0.0
PPL,545846,2026-01-02 18:45:00+00:00,Gil Vicente FC,Sporting Clube de Portugal,1X,ROLLING_BIAS,0.490040830403208,1,60,0.65,0.6363995417127446,0.010200343715441595
PPL,545846,2026-01-02 18:45:00+00:00,Gil Vicente FC,Sporting Clube de Portugal,1X,LOGIT_OFFSET,0.49239835910802204,1,60,0.65,0.6363995417127446,0.050272885018945314
PPL,545846,2026-01-02 18:45:00+00:00,Gil Vicente FC,Sporting Clube de Portugal,AWAY_SCORES,RAW,0.7827430092490524,1,60,0.7,0.7008911430413286,0.0
PPL,545846,2026-01-02 18:45:00+00:00,Gil Vicente FC,Sporting Clube de Portugal,AWAY_SCORES,ROLLING_BIAS,0.7820746519680559,1,60,0.7,0.7008911430413286,-0.0006683572809964566
PPL,545846,2026-01-02 18:45:00+00:00,Gil Vicente FC,Sporting Clube de Portugal,AWAY_SCORES,LOGIT_OFFSET,0.7821681809541164,1,60,0.7,0.7008911430413286,-0.0033769973586759983
PPL,545849,2026-01-02 20:45:00+00:00,Vitória SC,CD Nacional,1X,RAW,0.6266728527651964,1,60,0.6666666666666666,0.6361688467726396,0.0
PPL,545849,2026-01-02 20:45:00+00:00,Vitória SC,CD Nacional,1X,ROLLING_BIAS,0.6495462176857166,1,60,0.6666666666666666,0.6361688467726396,0.022873364920520278
PPL,545849,2026-01-02 20:45:00+00:00,Vitória SC,CD Nacional,1X,LOGIT_OFFSET,0.6528985442923579,1,60,0.6666666666666666,0.6361688467726396,0.11383509885011407
PPL,545849,2026-01-02 20:45:00+00:00,Vitória SC,CD Nacional,AWAY_SCORES,RAW,0.7034184977618724,1,60,0.7,0.7007713066955576,0.0
PPL,545849,2026-01-02 20:45:00+00:00,Vitória SC,CD Nacional,AWAY_SCORES,ROLLING_BIAS,0.7028400177402041,1,60,0.7,0.7007713066955576,-0.0005784800216682706
PPL,545849,2026-01-02 20:45:00+00:00,Vitória SC,CD Nacional,AWAY_SCORES,LOGIT_OFFSET,0.7028085076755961,1,60,0.7,0.7007713066955576,-0.002922180296932579
PPL,545851,2026-01-03 15:30:00+00:00,CD Tondela,FC Arouca,1X,RAW,0.6548960482815795,1,60,0.6833333333333333,0.6357937004009295,0.0
PPL,545851,2026-01-03 15:30:00+00:00,CD Tondela,FC Arouca,1X,ROLLING_BIAS,0.6905507729808824,1,60,0.6833333333333333,0.6357937004009295,0.035654724699302864
PPL,545851,2026-01-03 15:30:00+00:00,CD Tondela,FC Arouca,1X,LOGIT_OFFSET,0.6942146592685493,1,60,0.6833333333333333,0.6357937004009295,0.17926702792554966
PPL,545851,2026-01-03 15:30:00+00:00,CD Tondela,FC Arouca,AWAY_SCORES,RAW,0.7139029991605572,1,60,0.7,0.7021225637706645,0.0
PPL,545851,2026-01-03 15:30:00+00:00,CD Tondela,FC Arouca,AWAY_SCORES,ROLLING_BIAS,0.7123110763325589,1,60,0.7,0.7021225637706645,-0.00159192282799836
PPL,545851,2026-01-03 15:30:00+00:00,CD Tondela,FC Arouca,AWAY_SCORES,LOGIT_OFFSET,0.7122560935084012,1,60,0.7,0.7021225637706645,-0.008049522846289195
PPL,545848,2026-01-03 18:00:00+00:00,Sport Lisboa e Benfica,GD Estoril Praia,1X,RAW,0.8250719816378356,1,60,0.7,0.6352087969478589,0.0
PPL,545848,2026-01-03 18:00:00+00:00,Sport Lisboa e Benfica,GD Estoril Praia,1X,ROLLING_BIAS,0.8736653839269414,1,60,0.7,0.6352087969478589,0.0485934022891058
PPL,545848,2026-01-03 18:00:00+00:00,Sport Lisboa e Benfica,GD Estoril Praia,1X,LOGIT_OFFSET,0.8579153173206758,1,60,0.7,0.6352087969478589,0.2469860927710479
PPL,545848,2026-01-03 18:00:00+00:00,Sport Lisboa e Benfica,GD Estoril Praia,AWAY_SCORES,RAW,0.6469430462306582,1,60,0.7,0.7013948088156504,0.0
PPL,545848,2026-01-03 18:00:00+00:00,Sport Lisboa e Benfica,GD Estoril Praia,AWAY_SCORES,ROLLING_BIAS,0.6458969396189204,1,60,0.7,0.7013948088156504,-0.0010461066117378737
PPL,545848,2026-01-03 18:00:00+00:00,Sport Lisboa e Benfica,GD Estoril Praia,AWAY_SCORES,LOGIT_OFFSET,0.6457352121211634,1,60,0.7,0.7013948088156504,-0.005283967610333146
PPL,545852,2026-01-03 18:00:00+00:00,CF Estrela da Amadora,Sporting Clube de Braga,1X,RAW,0.5392715813171409,1,60,0.7166666666666667,0.6399578702394122,0.0
PPL,545852,2026-01-03 18:00:00+00:00,CF Estrela da Amadora,Sporting Clube de Braga,1X,ROLLING_BIAS,0.5968031786375818,1,60,0.7166666666666667,0.6399578702394122,0.057531597320440886
PPL,545852,2026-01-03 18:00:00+00:00,CF Estrela da Amadora,Sporting Clube de Braga,1X,LOGIT_OFFSET,0.6119649427784849,1,60,0.7166666666666667,0.6399578702394122,0.2981687590842196
PPL,545852,2026-01-03 18:00:00+00:00,CF Estrela da Amadora,Sporting Clube de Braga,AWAY_SCORES,RAW,0.7739743888810443,1,60,0.7,0.699688908104917,0.0
PPL,545852,2026-01-03 18:00:00+00:00,CF Estrela da Amadora,Sporting Clube de Braga,AWAY_SCORES,ROLLING_BIAS,0.7742077078023565,1,60,0.7,0.699688908104917,0.00023331892131217558
PPL,545852,2026-01-03 18:00:00+00:00,CF Estrela da Amadora,Sporting Clube de Braga,AWAY_SCORES,LOGIT_OFFSET,0.7741801054037711,1,60,0.7,0.699688908104917,0.0011763184941509172
PPL,545844,2026-01-03 20:30:00+00:00,AVS,Moreirense FC,1X,RAW,0.5309724029006302,0,60,0.7166666666666667,0.6383221066394421,0.0
PPL,545844,2026-01-03 20:30:00+00:00,AVS,Moreirense FC,1X,ROLLING_BIAS,0.5897308229210486,0,60,0.7166666666666667,0.6383221066394421,0.05875842002041842
PPL,545844,2026-01-03 20:30:00+00:00,AVS,Moreirense FC,1X,LOGIT_OFFSET,0.6054617589182435,0,60,0.7166666666666667,0.6383221066394421,0.3042268948295749
PPL,545844,2026-01-03 20:30:00+00:00,AVS,Moreirense FC,AWAY_SCORES,RAW,0.8023973435153048,1,60,0.7,0.7011556779013406,0.0
PPL,545844,2026-01-03 20:30:00+00:00,AVS,Moreirense FC,AWAY_SCORES,ROLLING_BIAS,0.8015305850892993,1,60,0.7,0.7011556779013406,-0.0008667584260054761
PPL,545844,2026-01-03 20:30:00+00:00,AVS,Moreirense FC,AWAY_SCORES,LOGIT_OFFSET,0.8017021082597698,1,60,0.7,0.7011556779013406,-0.004378998015775334
PPL,545850,2026-01-04 15:30:00+00:00,Rio Ave FC,Casa Pia AC,1X,RAW,0.6163866322110927,1,60,0.7166666666666667,0.6363795703261176,0.0
PPL,545850,2026-01-04 15:30:00+00:00,Rio Ave FC,Casa Pia AC,1X,ROLLING_BIAS,0.6766019544665045,1,60,0.7166666666666667,0.6363795703261176,0.06021532225541182
PPL,545850,2026-01-04 15:30:00+00:00,Rio Ave FC,Casa Pia AC,1X,LOGIT_OFFSET,0.6868927197359568,1,60,0.7166666666666667,0.6363795703261176,0.31139301649162954
PPL,545850,2026-01-04 15:30:00+00:00,Rio Ave FC,Casa Pia AC,AWAY_SCORES,RAW,0.7476629197920028,1,60,0.7,0.701649712923524,0.0
PPL,545850,2026-01-04 15:30:00+00:00,Rio Ave FC,Casa Pia AC,AWAY_SCORES,ROLLING_BIAS,0.7464256350993599,1,60,0.7,0.701649712923524,-0.0012372846926429482
PPL,545850,2026-01-04 15:30:00+00:00,Rio Ave FC,Casa Pia AC,AWAY_SCORES,LOGIT_OFFSET,0.7464806026287671,1,60,0.7,0.701649712923524,-0.006257126961844547
PPL,545847,2026-01-04 18:00:00+00:00,CD Santa Clara,FC Porto,1X,RAW,0.4180534420645576,0,60,0.7166666666666667,0.633688192903741,0.0
PPL,545847,2026-01-04 18:00:00+00:00,CD Santa Clara,FC Porto,1X,ROLLING_BIAS,0.4802872973867518,0,60,0.7166666666666667,0.633688192903741,0.06223385532219422
PPL,545847,2026-01-04 18:00:00+00:00,CD Santa Clara,FC Porto,1X,LOGIT_OFFSET,0.49742561723557366,0,60,0.7166666666666667,0.633688192903741,0.3204717204263237
PPL,545847,2026-01-04 18:00:00+00:00,CD Santa Clara,FC Porto,AWAY_SCORES,RAW,0.7636572925935632,1,60,0.7,0.7045619864641728,0.0
PPL,545847,2026-01-04 18:00:00+00:00,CD Santa Clara,FC Porto,AWAY_SCORES,ROLLING_BIAS,0.7602358027454336,1,60,0.7,0.7045619864641728,-0.003421489848129622
PPL,545847,2026-01-04 18:00:00+00:00,CD Santa Clara,FC Porto,AWAY_SCORES,LOGIT_OFFSET,0.7605137471227741,1,60,0.7,0.7045619864641728,-0.017338044903101396
PPL,545845,2026-01-04 20:30:00+00:00,FC Alverca,FC Famalicão,1X,RAW,0.5058982173947161,1,60,0.7,0.6273418314996663,0.0
PPL,545845,2026-01-04 20:30:00+00:00,FC Alverca,FC Famalicão,1X,ROLLING_BIAS,0.5603918437699663,1,60,0.7,0.6273418314996663,0.05449362637525024
PPL,545845,2026-01-04 20:30:00+00:00,FC Alverca,FC Famalicão,1X,LOGIT_OFFSET,0.5742943749675659,1,60,0.7,0.6273418314996663,0.27580006284730796
PPL,545845,2026-01-04 20:30:00+00:00,FC Alverca,FC Famalicão,AWAY_SCORES,RAW,0.7369803230323504,0,60,0.7166666666666667,0.7080863351175233,0.0
PPL,545845,2026-01-04 20:30:00+00:00,FC Alverca,FC Famalicão,AWAY_SCORES,ROLLING_BIAS,0.7434155716942079,0,60,0.7166666666666667,0.7080863351175233,0.006435248661857518
PPL,545845,2026-01-04 20:30:00+00:00,FC Alverca,FC Famalicão,AWAY_SCORES,LOGIT_OFFSET,0.7433673989941049,0,60,0.7166666666666667,0.7080863351175233,0.03321256261031552
PPL,545842,2026-01-11 15:30:00+00:00,CD Nacional,CD Santa Clara,1X,RAW,0.6669052342746775,1,60,0.7,0.6221422392160362,0.0
PPL,545842,2026-01-11 15:30:00+00:00,CD Nacional,CD Santa Clara,1X,ROLLING_BIAS,0.7252985548626504,1,60,0.7,0.6221422392160362,0.05839332058797286
PPL,545842,2026-01-11 15:30:00+00:00,CD Nacional,CD Santa Clara,1X,LOGIT_OFFSET,0.728660748656456,1,60,0.7,0.6221422392160362,0.2936174433729378
PPL,545842,2026-01-11 15:30:00+00:00,CD Nacional,CD Santa Clara,AWAY_SCORES,RAW,0.6793016892945902,1,60,0.7,0.7101812294453537,0.0
PPL,545842,2026-01-11 15:30:00+00:00,CD Nacional,CD Santa Clara,AWAY_SCORES,ROLLING_BIAS,0.6716657672105749,1,60,0.7,0.7101812294453537,-0.007635922084015312
PPL,545842,2026-01-11 15:30:00+00:00,CD Nacional,CD Santa Clara,AWAY_SCORES,LOGIT_OFFSET,0.6707805291864866,1,60,0.7,0.7101812294453537,-0.03884711348115223
PPL,545837,2026-01-11 18:00:00+00:00,Moreirense FC,CD Tondela,1X,RAW,0.7790867129028203,1,60,0.7,0.6242721786594119,0.0
PPL,545837,2026-01-11 18:00:00+00:00,Moreirense FC,CD Tondela,1X,ROLLING_BIAS,0.8358825789082613,1,60,0.7,0.6242721786594119,0.056795866005441065
PPL,545837,2026-01-11 18:00:00+00:00,Moreirense FC,CD Tondela,1X,LOGIT_OFFSET,0.824394213519938,1,60,0.7,0.6242721786594119,0.2860551023663661
PPL,545837,2026-01-11 18:00:00+00:00,Moreirense FC,CD Tondela,AWAY_SCORES,RAW,0.6747186262930087,0,60,0.7,0.7082824568999296,0.0
PPL,545837,2026-01-11 18:00:00+00:00,Moreirense FC,CD Tondela,AWAY_SCORES,ROLLING_BIAS,0.6685067836180615,0,60,0.7,0.7082824568999296,-0.006211842674947232
PPL,545837,2026-01-11 18:00:00+00:00,Moreirense FC,CD Tondela,AWAY_SCORES,LOGIT_OFFSET,0.6677639103563311,0,60,0.7,0.7082824568999296,-0.031516327130313146
PPL,545853,2026-01-16 20:15:00+00:00,Sporting Clube de Portugal,Casa Pia AC,1X,RAW,0.94103529260662,1,60,0.7166666666666667,0.6255149589671796,0.0
PPL,545853,2026-01-16 20:15:00+00:00,Sporting Clube de Portugal,Casa Pia AC,1X,ROLLING_BIAS,0.999999,1,60,0.7166666666666667,0.6255149589671796,0.05896370739337997
PPL,545853,2026-01-16 20:15:00+00:00,Sporting Clube de Portugal,Casa Pia AC,1X,LOGIT_OFFSET,0.957689137757576,1,60,0.7166666666666667,0.6255149589671796,0.34943783160835334
PPL,545853,2026-01-16 20:15:00+00:00,Sporting Clube de Portugal,Casa Pia AC,AWAY_SCORES,RAW,0.5027387503648737,0,60,0.6833333333333333,0.7093150208507367,0.0
PPL,545853,2026-01-16 20:15:00+00:00,Sporting Clube de Portugal,Casa Pia AC,AWAY_SCORES,ROLLING_BIAS,0.48325248472682114,0,60,0.6833333333333333,0.7093150208507367,-0.019486265638052558
PPL,545853,2026-01-16 20:15:00+00:00,Sporting Clube de Portugal,Casa Pia AC,AWAY_SCORES,LOGIT_OFFSET,0.47838831479306365,0,60,0.6833333333333333,0.7093150208507367,-0.0974557472663284
PPL,545859,2026-01-17 15:30:00+00:00,Gil Vicente FC,CD Nacional,1X,RAW,0.7143381992985582,1,60,0.7333333333333333,0.6335146230815215,0.0
PPL,545859,2026-01-17 15:30:00+00:00,Gil Vicente FC,CD Nacional,1X,ROLLING_BIAS,0.789202231987417,1,60,0.7333333333333333,0.6335146230815215,0.07486403268885877
PPL,545859,2026-01-17 15:30:00+00:00,Gil Vicente FC,CD Nacional,1X,LOGIT_OFFSET,0.787395829128991,1,60,0.7333333333333333,0.6335146230815215,0.3927510747552322
PPL,545859,2026-01-17 15:30:00+00:00,Gil Vicente FC,CD Nacional,AWAY_SCORES,RAW,0.5896902836406499,1,60,0.6666666666666666,0.7047600838087237,0.0
PPL,545859,2026-01-17 15:30:00+00:00,Gil Vicente FC,CD Nacional,AWAY_SCORES,ROLLING_BIAS,0.5611202207841071,1,60,0.6666666666666666,0.7047600838087237,-0.028570062856542844
PPL,545859,2026-01-17 15:30:00+00:00,Gil Vicente FC,CD Nacional,AWAY_SCORES,LOGIT_OFFSET,0.5552681389491522,1,60,0.6666666666666666,0.7047600838087237,-0.14070558661065136
PPL,545858,2026-01-17 18:00:00+00:00,FC Alverca,Moreirense FC,1X,RAW,0.5646078251271145,1,60,0.7333333333333333,0.6400726746093806,0.0
PPL,545858,2026-01-17 18:00:00+00:00,FC Alverca,Moreirense FC,1X,ROLLING_BIAS,0.6345533191700791,1,60,0.7333333333333333,0.6400726746093806,0.06994549404296457
PPL,545858,2026-01-17 18:00:00+00:00,FC Alverca,Moreirense FC,1X,LOGIT_OFFSET,0.6517186917260471,1,60,0.7333333333333333,0.6400726746093806,0.3667183051258798
PPL,545858,2026-01-17 18:00:00+00:00,FC Alverca,Moreirense FC,AWAY_SCORES,RAW,0.7382478112448057,1,60,0.6666666666666666,0.7002751645142692,0.0
PPL,545858,2026-01-17 18:00:00+00:00,FC Alverca,Moreirense FC,AWAY_SCORES,ROLLING_BIAS,0.7130414378591037,1,60,0.6666666666666666,0.7002751645142692,-0.025206373385701974
PPL,545858,2026-01-17 18:00:00+00:00,FC Alverca,Moreirense FC,AWAY_SCORES,LOGIT_OFFSET,0.7137067556182779,1,60,0.6666666666666666,0.7002751645142692,-0.12342578808333582
PPL,545856,2026-01-17 18:00:00+00:00,AVS,FC Arouca,1X,RAW,0.6331850539564708,0,60,0.7333333333333333,0.6396160051781862,0.0
PPL,545856,2026-01-17 18:00:00+00:00,AVS,FC Arouca,1X,ROLLING_BIAS,0.7034730500728312,0,60,0.7333333333333333,0.6396160051781862,0.07028799611636039
PPL,545856,2026-01-17 18:00:00+00:00,AVS,FC Arouca,1X,LOGIT_OFFSET,0.7138841154174401,0,60,0.7333333333333333,0.6396160051781862,0.3684184891587454
PPL,545856,2026-01-17 18:00:00+00:00,AVS,FC Arouca,AWAY_SCORES,RAW,0.7813227785915378,1,60,0.6666666666666666,0.7008929119432743,0.0
PPL,545856,2026-01-17 18:00:00+00:00,AVS,FC Arouca,AWAY_SCORES,ROLLING_BIAS,0.755653094634082,1,60,0.6666666666666666,0.7008929119432743,-0.025669683957455725
PPL,545856,2026-01-17 18:00:00+00:00,AVS,FC Arouca,AWAY_SCORES,LOGIT_OFFSET,0.7590725907583455,1,60,0.6666666666666666,0.7008929119432743,-0.12578985439410229
PPL,545855,2026-01-17 20:30:00+00:00,Rio Ave FC,Sport Lisboa e Benfica,1X,RAW,0.3510377722869217,0,60,0.7333333333333333,0.641212086924069,0.0
PPL,545855,2026-01-17 20:30:00+00:00,Rio Ave FC,Sport Lisboa e Benfica,1X,ROLLING_BIAS,0.42012870709386996,0,60,0.7333333333333333,0.641212086924069,0.06909093480694828
PPL,545855,2026-01-17 20:30:00+00:00,Rio Ave FC,Sport Lisboa e Benfica,1X,LOGIT_OFFSET,0.4373372872353305,0,60,0.7333333333333333,0.641212086924069,0.3625050455744856
PPL,545855,2026-01-17 20:30:00+00:00,Rio Ave FC,Sport Lisboa e Benfica,AWAY_SCORES,RAW,0.870582386333638,1,60,0.6666666666666666,0.7019223067449434,0.0
PPL,545855,2026-01-17 20:30:00+00:00,Rio Ave FC,Sport Lisboa e Benfica,AWAY_SCORES,ROLLING_BIAS,0.8441406562749305,1,60,0.6666666666666666,0.7019223067449434,-0.026441730058707535
PPL,545855,2026-01-17 20:30:00+00:00,Rio Ave FC,Sport Lisboa e Benfica,AWAY_SCORES,LOGIT_OFFSET,0.8552440147929524,1,60,0.6666666666666666,0.7019223067449434,-0.1297805450328084
PPL,545860,2026-01-18 15:30:00+00:00,CD Santa Clara,FC Famalicão,1X,RAW,0.6652024129362821,0,60,0.7166666666666667,0.6339831376193888,0.0
PPL,545860,2026-01-18 15:30:00+00:00,CD Santa Clara,FC Famalicão,1X,ROLLING_BIAS,0.7272150597217405,0,60,0.7166666666666667,0.6339831376193888,0.06201264678545837
PPL,545860,2026-01-18 15:30:00+00:00,CD Santa Clara,FC Famalicão,1X,LOGIT_OFFSET,0.7323572566133777,0,60,0.7166666666666667,0.6339831376193888,0.32005016303022604
PPL,545860,2026-01-18 15:30:00+00:00,CD Santa Clara,FC Famalicão,AWAY_SCORES,RAW,0.5619119896484256,1,60,0.6666666666666666,0.7060880301709148,0.0
PPL,545860,2026-01-18 15:30:00+00:00,CD Santa Clara,FC Famalicão,AWAY_SCORES,ROLLING_BIAS,0.5323459670202395,1,60,0.6666666666666666,0.7060880301709148,-0.029566022628186084
PPL,545860,2026-01-18 15:30:00+00:00,CD Santa Clara,FC Famalicão,AWAY_SCORES,LOGIT_OFFSET,0.5257009138283322,1,60,0.6666666666666666,0.7060880301709148,-0.14603106857585502
PPL,545854,2026-01-18 18:00:00+00:00,CD Tondela,Sporting Clube de Braga,1X,RAW,0.4319439626924388,0,60,0.7,0.6304662258939409,0.0
PPL,545854,2026-01-18 18:00:00+00:00,CD Tondela,Sporting Clube de Braga,1X,ROLLING_BIAS,0.4840942932719831,0,60,0.7,0.6304662258939409,0.052150330579544324
PPL,545854,2026-01-18 18:00:00+00:00,CD Tondela,Sporting Clube de Braga,1X,LOGIT_OFFSET,0.4974711454772704,0,60,0.7,0.6304662258939409,0.2638087029014704
PPL,545854,2026-01-18 18:00:00+00:00,CD Tondela,Sporting Clube de Braga,AWAY_SCORES,RAW,0.8349813961156711,1,60,0.6666666666666666,0.7057990556050237,0.0
PPL,545854,2026-01-18 18:00:00+00:00,CD Tondela,Sporting Clube de Braga,AWAY_SCORES,ROLLING_BIAS,0.8056321044119034,1,60,0.6666666666666666,0.7057990556050237,-0.029349291703767766
PPL,545854,2026-01-18 18:00:00+00:00,CD Tondela,Sporting Clube de Braga,AWAY_SCORES,LOGIT_OFFSET,0.8140247051409524,1,60,0.6666666666666666,0.7057990556050237,-0.14497435185781538
PPL,545861,2026-01-18 20:30:00+00:00,Vitória SC,FC Porto,1X,RAW,0.3385614556829163,0,60,0.6833333333333333,0.6248968257285624,0.0
PPL,545861,2026-01-18 20:30:00+00:00,Vitória SC,FC Porto,1X,ROLLING_BIAS,0.38238883638649446,0,60,0.6833333333333333,0.6248968257285624,0.04382738070357817
PPL,545861,2026-01-18 20:30:00+00:00,Vitória SC,FC Porto,1X,LOGIT_OFFSET,0.38905577151631837,0,60,0.6833333333333333,0.6248968257285624,0.2184284757823422
PPL,545861,2026-01-18 20:30:00+00:00,Vitória SC,FC Porto,AWAY_SCORES,RAW,0.8573332850059251,1,60,0.6833333333333333,0.708186503527156,0.0
PPL,545861,2026-01-18 20:30:00+00:00,Vitória SC,FC Porto,AWAY_SCORES,ROLLING_BIAS,0.8386934073605581,1,60,0.6833333333333333,0.708186503527156,-0.01863987764536701
PPL,545861,2026-01-18 20:30:00+00:00,Vitória SC,FC Porto,AWAY_SCORES,LOGIT_OFFSET,0.8454831495050182,1,60,0.6833333333333333,0.708186503527156,-0.09371041122738775
PPL,545857,2026-01-19 20:15:00+00:00,CF Estrela da Amadora,GD Estoril Praia,1X,RAW,0.7136823572509959,0,60,0.6833333333333333,0.6217243178088059,0.0
PPL,545857,2026-01-19 20:15:00+00:00,CF Estrela da Amadora,GD Estoril Praia,1X,ROLLING_BIAS,0.7598891188943915,0,60,0.6833333333333333,0.6217243178088059,0.046206761643395544
PPL,545857,2026-01-19 20:15:00+00:00,CF Estrela da Amadora,GD Estoril Praia,1X,LOGIT_OFFSET,0.7584716635763795,0,60,0.6833333333333333,0.6217243178088059,0.23098248623889725
PPL,545857,2026-01-19 20:15:00+00:00,CF Estrela da Amadora,GD Estoril Praia,AWAY_SCORES,RAW,0.7551681414781188,1,60,0.6833333333333333,0.7083045921134287,0.0
PPL,545857,2026-01-19 20:15:00+00:00,CF Estrela da Amadora,GD Estoril Praia,AWAY_SCORES,ROLLING_BIAS,0.7364396973930474,1,60,0.6833333333333333,0.7083045921134287,-0.01872844408507146
PPL,545857,2026-01-19 20:15:00+00:00,CF Estrela da Amadora,GD Estoril Praia,AWAY_SCORES,LOGIT_OFFSET,0.7373388921572851,1,60,0.6833333333333333,0.7083045921134287,-0.09418577010001532
PPL,545862,2026-01-23 20:15:00+00:00,Casa Pia AC,AVS,1X,RAW,0.7909310455873446,1,60,0.6666666666666666,0.6225745168949602,0.0
PPL,545862,2026-01-23 20:15:00+00:00,Casa Pia AC,AVS,1X,ROLLING_BIAS,0.8240001579161245,1,60,0.6666666666666666,0.6225745168949602,0.03306911232877985
PPL,545862,2026-01-23 20:15:00+00:00,Casa Pia AC,AVS,1X,LOGIT_OFFSET,0.8167414388284852,1,60,0.6666666666666666,0.6225745168949602,0.16387784294147878
PPL,545862,2026-01-23 20:15:00+00:00,Casa Pia AC,AVS,AWAY_SCORES,RAW,0.64512648190113,1,60,0.6833333333333333,0.7100983040090104,0.0
PPL,545862,2026-01-23 20:15:00+00:00,Casa Pia AC,AVS,AWAY_SCORES,ROLLING_BIAS,0.6250527538943722,1,60,0.6833333333333333,0.7100983040090104,-0.020073728006757774
PPL,545862,2026-01-23 20:15:00+00:00,Casa Pia AC,AVS,AWAY_SCORES,LOGIT_OFFSET,0.6216469742602551,1,60,0.6833333333333333,0.7100983040090104,-0.10114027878885441
PPL,545865,2026-01-24 15:30:00+00:00,Moreirense FC,CD Santa Clara,1X,RAW,0.7359997660368833,1,60,0.6833333333333333,0.6302663305721621,0.0
PPL,545865,2026-01-24 15:30:00+00:00,Moreirense FC,CD Santa Clara,1X,ROLLING_BIAS,0.7758000181077618,1,60,0.6833333333333333,0.6302663305721621,0.03980025207087845
PPL,545865,2026-01-24 15:30:00+00:00,Moreirense FC,CD Santa Clara,1X,LOGIT_OFFSET,0.772920266606206,1,60,0.6833333333333333,0.6302663305721621,0.19959487956727567
PPL,545865,2026-01-24 15:30:00+00:00,Moreirense FC,CD Santa Clara,AWAY_SCORES,RAW,0.6558378714363202,0,60,0.6833333333333333,0.706431576512432,0.0
PPL,545865,2026-01-24 15:30:00+00:00,Moreirense FC,CD Santa Clara,AWAY_SCORES,ROLLING_BIAS,0.6385141890519962,0,60,0.6833333333333333,0.706431576512432,-0.017323682384324024
PPL,545865,2026-01-24 15:30:00+00:00,Moreirense FC,CD Santa Clara,AWAY_SCORES,LOGIT_OFFSET,0.6359977459410548,0,60,0.6833333333333333,0.706431576512432,-0.08676580175989405
PPL,545868,2026-01-24 18:00:00+00:00,FC Arouca,Sporting Clube de Portugal,1X,RAW,0.2553375461395799,0,60,0.7,0.6280416907080093,0.0
PPL,545868,2026-01-24 18:00:00+00:00,FC Arouca,Sporting Clube de Portugal,1X,ROLLING_BIAS,0.30930627810857286,0,60,0.7,0.6280416907080093,0.05396873196899299
PPL,545868,2026-01-24 18:00:00+00:00,FC Arouca,Sporting Clube de Portugal,1X,LOGIT_OFFSET,0.3104362909908277,0,60,0.7,0.6280416907080093,0.2722642599715983
PPL,545868,2026-01-24 18:00:00+00:00,FC Arouca,Sporting Clube de Portugal,AWAY_SCORES,RAW,0.921658610009511,1,60,0.6666666666666666,0.7092476801688232,0.0
PPL,545868,2026-01-24 18:00:00+00:00,FC Arouca,Sporting Clube de Portugal,AWAY_SCORES,ROLLING_BIAS,0.8897228498828935,1,60,0.6666666666666666,0.7092476801688232,-0.031935760126617474
PPL,545868,2026-01-24 18:00:00+00:00,FC Arouca,Sporting Clube de Portugal,AWAY_SCORES,LOGIT_OFFSET,0.9094922424922316,1,60,0.6666666666666666,0.7092476801688232,-0.15764790956894809
PPL,545867,2026-01-24 20:30:00+00:00,GD Estoril Praia,Vitória SC,1X,RAW,0.7842143722026472,1,60,0.6833333333333333,0.6213403440166096,0.0
PPL,545867,2026-01-24 20:30:00+00:00,GD Estoril Praia,Vitória SC,1X,ROLLING_BIAS,0.83070911419019,1,60,0.6833333333333333,0.6213403440166096,0.046494741987542776
PPL,545867,2026-01-24 20:30:00+00:00,GD Estoril Praia,Vitória SC,1X,LOGIT_OFFSET,0.8210570265330481,1,60,0.6833333333333333,0.6213403440166096,0.233128429845501
PPL,545867,2026-01-24 20:30:00+00:00,GD Estoril Praia,Vitória SC,AWAY_SCORES,RAW,0.5826226702966195,1,60,0.6666666666666666,0.7129206326416301,0.0
PPL,545867,2026-01-24 20:30:00+00:00,GD Estoril Praia,Vitória SC,AWAY_SCORES,ROLLING_BIAS,0.5479321958153969,1,60,0.6666666666666666,0.7129206326416301,-0.034690474481222644
PPL,545867,2026-01-24 20:30:00+00:00,GD Estoril Praia,Vitória SC,AWAY_SCORES,LOGIT_OFFSET,0.5401370384380471,1,60,0.6666666666666666,0.7129206326416301,-0.1726547292080341
PPL,545866,2026-01-25 15:30:00+00:00,CD Nacional,Rio Ave FC,1X,RAW,0.605160052740605,1,60,0.6833333333333333,0.6209471974751698,0.0
PPL,545866,2026-01-25 15:30:00+00:00,CD Nacional,Rio Ave FC,1X,ROLLING_BIAS,0.6519496546342277,1,60,0.6833333333333333,0.6209471974751698,0.04678960189362269
PPL,545866,2026-01-25 15:30:00+00:00,CD Nacional,Rio Ave FC,1X,LOGIT_OFFSET,0.6595747047286318,1,60,0.6833333333333333,0.6209471974751698,0.23438704911493413
PPL,545866,2026-01-25 15:30:00+00:00,CD Nacional,Rio Ave FC,AWAY_SCORES,RAW,0.8286806899085619,0,60,0.6833333333333333,0.7124047686214792,0.0
PPL,545866,2026-01-25 15:30:00+00:00,CD Nacional,Rio Ave FC,AWAY_SCORES,ROLLING_BIAS,0.8068771134424526,0,60,0.6833333333333333,0.7124047686214792,-0.02180357646610931
PPL,545866,2026-01-25 15:30:00+00:00,CD Nacional,Rio Ave FC,AWAY_SCORES,LOGIT_OFFSET,0.8124930219472866,0,60,0.6833333333333333,0.7124047686214792,-0.11001451539916147
PPL,545870,2026-01-25 18:00:00+00:00,Sport Lisboa e Benfica,CF Estrela da Amadora,1X,RAW,0.8513765723391862,1,60,0.6833333333333333,0.6176062580922483,0.0
PPL,545870,2026-01-25 18:00:00+00:00,Sport Lisboa e Benfica,CF Estrela da Amadora,1X,ROLLING_BIAS,0.9006718787699999,1,60,0.6833333333333333,0.6176062580922483,0.0492953064308137
PPL,545870,2026-01-25 18:00:00+00:00,Sport Lisboa e Benfica,CF Estrela da Amadora,1X,LOGIT_OFFSET,0.8798518745578399,1,60,0.6833333333333333,0.6176062580922483,0.24558944802464527
PPL,545870,2026-01-25 18:00:00+00:00,Sport Lisboa e Benfica,CF Estrela da Amadora,AWAY_SCORES,RAW,0.6167745052179339,0,60,0.6833333333333333,0.7157417120099601,0.0
PPL,545870,2026-01-25 18:00:00+00:00,Sport Lisboa e Benfica,CF Estrela da Amadora,AWAY_SCORES,ROLLING_BIAS,0.5924682212104638,0,60,0.6833333333333333,0.7157417120099601,-0.024306284007470036
PPL,545870,2026-01-25 18:00:00+00:00,Sport Lisboa e Benfica,CF Estrela da Amadora,AWAY_SCORES,LOGIT_OFFSET,0.5872713278318371,0,60,0.6833333333333333,0.7157417120099601,-0.12318338021057777
PPL,545869,2026-01-25 18:00:00+00:00,FC Famalicão,CD Tondela,1X,RAW,0.835411497967233,1,60,0.7,0.624522818251581,0.0
PPL,545869,2026-01-25 18:00:00+00:00,FC Famalicão,CD Tondela,1X,ROLLING_BIAS,0.8920193842785473,1,60,0.7,0.624522818251581,0.056607886311314304
PPL,545869,2026-01-25 18:00:00+00:00,FC Famalicão,CD Tondela,1X,LOGIT_OFFSET,0.8712205798679108,1,60,0.7,0.624522818251581,0.2873181908714174
PPL,545869,2026-01-25 18:00:00+00:00,FC Famalicão,CD Tondela,AWAY_SCORES,RAW,0.5327579933580935,0,60,0.6666666666666666,0.7116374418530718,0.0
PPL,545869,2026-01-25 18:00:00+00:00,FC Famalicão,CD Tondela,AWAY_SCORES,ROLLING_BIAS,0.4990299119682896,0,60,0.6666666666666666,0.7116374418530718,-0.03372808138980388
PPL,545869,2026-01-25 18:00:00+00:00,FC Famalicão,CD Tondela,AWAY_SCORES,LOGIT_OFFSET,0.49090197362216376,0,60,0.6666666666666666,0.7116374418530718,-0.16761605861462453
PPL,545863,2026-01-25 20:30:00+00:00,Sporting Clube de Braga,FC Alverca,1X,RAW,0.7868624276333486,1,60,0.7,0.6288339894042357,0.0
PPL,545863,2026-01-25 20:30:00+00:00,Sporting Clube de Braga,FC Alverca,1X,ROLLING_BIAS,0.8402369355801718,1,60,0.7,0.6288339894042357,0.05337450794682319
PPL,545863,2026-01-25 20:30:00+00:00,Sporting Clube de Braga,FC Alverca,1X,LOGIT_OFFSET,0.8290557224048533,1,60,0.7,0.6288339894042357,0.27283413770038645
PPL,545863,2026-01-25 20:30:00+00:00,Sporting Clube de Braga,FC Alverca,AWAY_SCORES,RAW,0.6411121659023649,0,60,0.65,0.7076601107884001,0.0
PPL,545863,2026-01-25 20:30:00+00:00,Sporting Clube de Braga,FC Alverca,AWAY_SCORES,ROLLING_BIAS,0.5978670828110648,0,60,0.65,0.7076601107884001,-0.04324508309130004
PPL,545863,2026-01-25 20:30:00+00:00,Sporting Clube de Braga,FC Alverca,AWAY_SCORES,LOGIT_OFFSET,0.5910598366029485,0,60,0.65,0.7076601107884001,-0.211846114519354
PPL,545864,2026-01-26 20:15:00+00:00,FC Porto,Gil Vicente FC,1X,RAW,0.7903414969834008,1,60,0.7,0.6299092912997679,0.0
PPL,545864,2026-01-26 20:15:00+00:00,FC Porto,Gil Vicente FC,1X,ROLLING_BIAS,0.8429095285085748,1,60,0.7,0.6299092912997679,0.052568031525173975
PPL,545864,2026-01-26 20:15:00+00:00,FC Porto,Gil Vicente FC,1X,LOGIT_OFFSET,0.8314996787253275,1,60,0.7,0.6299092912997679,0.2693081600146937
PPL,545864,2026-01-26 20:15:00+00:00,FC Porto,Gil Vicente FC,AWAY_SCORES,RAW,0.5061210292454611,0,60,0.65,0.7072118321372044,0.0
PPL,545864,2026-01-26 20:15:00+00:00,FC Porto,Gil Vicente FC,AWAY_SCORES,ROLLING_BIAS,0.4632121551425578,0,60,0.65,0.7072118321372044,-0.04290887410290328
PPL,545864,2026-01-26 20:15:00+00:00,FC Porto,Gil Vicente FC,AWAY_SCORES,LOGIT_OFFSET,0.4537155685020047,0,60,0.65,0.7072118321372044,-0.21015461652367892
PPL,545879,2026-01-30 20:45:00+00:00,Vitória SC,Moreirense FC,1X,RAW,0.6432076094318686,1,60,0.7166666666666667,0.6351349489951734,0.0
PPL,545879,2026-01-30 20:45:00+00:00,Vitória SC,Moreirense FC,1X,ROLLING_BIAS,0.7043563976854885,1,60,0.7166666666666667,0.6351349489951734,0.06114878825361991
PPL,545879,2026-01-30 20:45:00+00:00,Vitória SC,Moreirense FC,1X,LOGIT_OFFSET,0.7126386680338505,1,60,0.7166666666666667,0.6351349489951734,0.3189206199386173
PPL,545879,2026-01-30 20:45:00+00:00,Vitória SC,Moreirense FC,AWAY_SCORES,RAW,0.7307980311244698,0,60,0.6333333333333333,0.7020194915600779,0.0
PPL,545879,2026-01-30 20:45:00+00:00,Vitória SC,Moreirense FC,AWAY_SCORES,ROLLING_BIAS,0.6792834124544114,0,60,0.6333333333333333,0.7020194915600779,-0.051514618670058465
PPL,545879,2026-01-30 20:45:00+00:00,Vitória SC,Moreirense FC,AWAY_SCORES,LOGIT_OFFSET,0.6791718664334465,0,60,0.6333333333333333,0.7020194915600779,-0.24870657659826864
PPL,545878,2026-01-31 15:30:00+00:00,CD Santa Clara,GD Estoril Praia,1X,RAW,0.6053672779440271,0,60,0.7333333333333333,0.6357104660623795,0.0
PPL,545878,2026-01-31 15:30:00+00:00,CD Santa Clara,GD Estoril Praia,1X,ROLLING_BIAS,0.6785844283972424,0,60,0.7333333333333333,0.6357104660623795,0.07321715045321531
PPL,545878,2026-01-31 15:30:00+00:00,CD Santa Clara,GD Estoril Praia,1X,LOGIT_OFFSET,0.6932445337635434,0,60,0.7333333333333333,0.6357104660623795,0.387452066201338
PPL,545878,2026-01-31 15:30:00+00:00,CD Santa Clara,GD Estoril Praia,AWAY_SCORES,RAW,0.7200365877205596,1,60,0.6166666666666667,0.7027332860400117,0.0
PPL,545878,2026-01-31 15:30:00+00:00,CD Santa Clara,GD Estoril Praia,AWAY_SCORES,ROLLING_BIAS,0.6554866231905507,1,60,0.6166666666666667,0.7027332860400117,-0.06454996453000883
PPL,545878,2026-01-31 15:30:00+00:00,CD Santa Clara,GD Estoril Praia,AWAY_SCORES,LOGIT_OFFSET,0.653840787996868,1,60,0.6166666666666667,0.7027332860400117,-0.30867804392593723
PPL,545872,2026-01-31 18:00:00+00:00,Rio Ave FC,FC Arouca,1X,RAW,0.7053756304577699,0,60,0.7166666666666667,0.6337349549855076,0.0
PPL,545872,2026-01-31 18:00:00+00:00,Rio Ave FC,FC Arouca,1X,ROLLING_BIAS,0.7675744142186391,0,60,0.7166666666666667,0.6337349549855076,0.06219878376086929
PPL,545872,2026-01-31 18:00:00+00:00,Rio Ave FC,FC Arouca,1X,LOGIT_OFFSET,0.7679479363302747,0,60,0.7166666666666667,0.6337349549855076,0.32373093206302617
PPL,545872,2026-01-31 18:00:00+00:00,Rio Ave FC,FC Arouca,AWAY_SCORES,RAW,0.7387488280246656,1,60,0.6166666666666667,0.7031296684805738,0.0
PPL,545872,2026-01-31 18:00:00+00:00,Rio Ave FC,FC Arouca,AWAY_SCORES,ROLLING_BIAS,0.6739015766642352,1,60,0.6166666666666667,0.7031296684805738,-0.06484725136043035
PPL,545872,2026-01-31 18:00:00+00:00,Rio Ave FC,FC Arouca,AWAY_SCORES,LOGIT_OFFSET,0.6746414727053172,1,60,0.6166666666666667,0.7031296684805738,-0.31022202997756515
PPL,545877,2026-01-31 20:30:00+00:00,FC Alverca,CF Estrela da Amadora,1X,RAW,0.6607423599129254,1,60,0.7,0.636743217408886,0.0
PPL,545877,2026-01-31 20:30:00+00:00,FC Alverca,CF Estrela da Amadora,1X,ROLLING_BIAS,0.7081849468562609,1,60,0.7,0.636743217408886,0.047442586943335474
PPL,545877,2026-01-31 20:30:00+00:00,FC Alverca,CF Estrela da Amadora,1X,LOGIT_OFFSET,0.71321297784069,1,60,0.7,0.636743217408886,0.2444360535640243
PPL,545877,2026-01-31 20:30:00+00:00,FC Alverca,CF Estrela da Amadora,AWAY_SCORES,RAW,0.7257900259217405,1,60,0.6333333333333333,0.7032401156416551,0.0
PPL,545877,2026-01-31 20:30:00+00:00,FC Alverca,CF Estrela da Amadora,AWAY_SCORES,ROLLING_BIAS,0.6733599391904991,1,60,0.6333333333333333,0.7032401156416551,-0.05243008673124139
PPL,545877,2026-01-31 20:30:00+00:00,FC Alverca,CF Estrela da Amadora,AWAY_SCORES,LOGIT_OFFSET,0.6725868209368461,1,60,0.6333333333333333,0.7032401156416551,-0.25345832376251287
PPL,545873,2026-02-01 15:30:00+00:00,Gil Vicente FC,FC Famalicão,1X,RAW,0.6949760466753092,1,60,0.7,0.6347994338525882,0.0
PPL,545873,2026-02-01 15:30:00+00:00,Gil Vicente FC,FC Famalicão,1X,ROLLING_BIAS,0.7438764712858681,1,60,0.7,0.6347994338525882,0.04890042461055888
PPL,545873,2026-02-01 15:30:00+00:00,Gil Vicente FC,FC Famalicão,1X,LOGIT_OFFSET,0.7454663811440043,1,60,0.7,0.6347994338525882,0.25109004179886607
PPL,545873,2026-02-01 15:30:00+00:00,Gil Vicente FC,FC Famalicão,AWAY_SCORES,RAW,0.5710905692325953,0,60,0.6333333333333333,0.7032276881602936,0.0
PPL,545873,2026-02-01 15:30:00+00:00,Gil Vicente FC,FC Famalicão,AWAY_SCORES,ROLLING_BIAS,0.5186698031123751,0,60,0.6333333333333333,0.7032276881602936,-0.052420766120220175
PPL,545873,2026-02-01 15:30:00+00:00,Gil Vicente FC,FC Famalicão,AWAY_SCORES,LOGIT_OFFSET,0.5082224222304851,0,60,0.6333333333333333,0.7032276881602936,-0.2534093784277816
PPL,545871,2026-02-01 18:00:00+00:00,Sporting Clube de Portugal,CD Nacional,1X,RAW,0.9053690316373232,1,60,0.7166666666666667,0.6411357943335579,0.0
PPL,545871,2026-02-01 18:00:00+00:00,Sporting Clube de Portugal,CD Nacional,1X,ROLLING_BIAS,0.9620171858871547,1,60,0.7166666666666667,0.6411357943335579,0.056648154249831495
PPL,545871,2026-02-01 18:00:00+00:00,Sporting Clube de Portugal,CD Nacional,1X,LOGIT_OFFSET,0.9277367369802645,1,60,0.7166666666666667,0.6411357943335579,0.2940742758524091
PPL,545871,2026-02-01 18:00:00+00:00,Sporting Clube de Portugal,CD Nacional,AWAY_SCORES,RAW,0.4809689802054436,1,60,0.6166666666666667,0.6986739738176396,0.0
PPL,545871,2026-02-01 18:00:00+00:00,Sporting Clube de Portugal,CD Nacional,AWAY_SCORES,ROLLING_BIAS,0.41946349984221387,1,60,0.6166666666666667,0.6986739738176396,-0.061505480363229725
PPL,545871,2026-02-01 18:00:00+00:00,Sporting Clube de Portugal,CD Nacional,AWAY_SCORES,LOGIT_OFFSET,0.4087743654028296,1,60,0.6166666666666667,0.6986739738176396,-0.2928735270289453
PPL,545874,2026-02-01 20:30:00+00:00,CD Tondela,Sport Lisboa e Benfica,1X,RAW,0.3091476901871982,1,60,0.7166666666666667,0.6470619026139725,0.0
PPL,545874,2026-02-01 20:30:00+00:00,CD Tondela,Sport Lisboa e Benfica,1X,ROLLING_BIAS,0.36135126322671884,1,60,0.7166666666666667,0.6470619026139725,0.05220357303952067
PPL,545874,2026-02-01 20:30:00+00:00,CD Tondela,Sport Lisboa e Benfica,1X,LOGIT_OFFSET,0.37045948293921366,1,60,0.7166666666666667,0.6470619026139725,0.27386080812864744
PPL,545874,2026-02-01 20:30:00+00:00,CD Tondela,Sport Lisboa e Benfica,AWAY_SCORES,RAW,0.8539767390106923,0,60,0.6333333333333333,0.6940720566518076,0.0
PPL,545874,2026-02-01 20:30:00+00:00,CD Tondela,Sport Lisboa e Benfica,AWAY_SCORES,ROLLING_BIAS,0.8084226965218365,0,60,0.6333333333333333,0.6940720566518076,-0.04555404248885575
PPL,545874,2026-02-01 20:30:00+00:00,CD Tondela,Sport Lisboa e Benfica,AWAY_SCORES,LOGIT_OFFSET,0.8245061608825999,0,60,0.6333333333333333,0.6940720566518076,-0.21895734817139623
PPL,545875,2026-02-02 18:45:00+00:00,AVS,Sporting Clube de Braga,1X,RAW,0.34101703018662,0,60,0.7166666666666667,0.6461330042593317,0.0
PPL,545875,2026-02-02 18:45:00+00:00,AVS,Sporting Clube de Braga,1X,ROLLING_BIAS,0.3939172769921212,0,60,0.7166666666666667,0.6461330042593317,0.052900246805501205
PPL,545875,2026-02-02 18:45:00+00:00,AVS,Sporting Clube de Braga,1X,LOGIT_OFFSET,0.405963800183468,0,60,0.7166666666666667,0.6461330042593317,0.2780890073266286
PPL,545875,2026-02-02 18:45:00+00:00,AVS,Sporting Clube de Braga,AWAY_SCORES,RAW,0.8777108250201151,1,60,0.6166666666666667,0.6943064112079973,0.0
PPL,545875,2026-02-02 18:45:00+00:00,AVS,Sporting Clube de Braga,AWAY_SCORES,ROLLING_BIAS,0.8194810166141171,1,60,0.6166666666666667,0.6943064112079973,-0.05822980840599801
PPL,545875,2026-02-02 18:45:00+00:00,AVS,Sporting Clube de Braga,AWAY_SCORES,LOGIT_OFFSET,0.8447044916645801,1,60,0.6166666666666667,0.6943064112079973,-0.27727161120880006
PPL,545876,2026-02-02 20:45:00+00:00,Casa Pia AC,FC Porto,1X,RAW,0.2287938846077337,1,60,0.7166666666666667,0.6403390394464729,0.0
PPL,545876,2026-02-02 20:45:00+00:00,Casa Pia AC,FC Porto,1X,ROLLING_BIAS,0.28603960502287906,1,60,0.7166666666666667,0.6403390394464729,0.05724572041514536
PPL,545876,2026-02-02 20:45:00+00:00,Casa Pia AC,FC Porto,1X,LOGIT_OFFSET,0.2862093380744917,1,60,0.7166666666666667,0.6403390394464729,0.3012679075526412
PPL,545876,2026-02-02 20:45:00+00:00,Casa Pia AC,FC Porto,AWAY_SCORES,RAW,0.9056729331283891,1,60,0.6166666666666667,0.6978404125703238,0.0
PPL,545876,2026-02-02 20:45:00+00:00,Casa Pia AC,FC Porto,AWAY_SCORES,ROLLING_BIAS,0.8447926237006463,1,60,0.6166666666666667,0.6978404125703238,-0.06088030942774281
PPL,545876,2026-02-02 20:45:00+00:00,Casa Pia AC,FC Porto,AWAY_SCORES,LOGIT_OFFSET,0.8776280702716426,1,60,0.6166666666666667,0.6978404125703238,-0.29175217983351076
PPL,545884,2026-02-07 15:30:00+00:00,CF Estrela da Amadora,CD Santa Clara,1X,RAW,0.6684161182870934,1,60,0.7166666666666667,0.6282347739167695,0.0
PPL,545884,2026-02-07 15:30:00+00:00,CF Estrela da Amadora,CD Santa Clara,1X,ROLLING_BIAS,0.7347400378495162,1,60,0.7166666666666667,0.6282347739167695,0.0663239195624229
PPL,545884,2026-02-07 15:30:00+00:00,CF Estrela da Amadora,CD Santa Clara,1X,LOGIT_OFFSET,0.7404341585184936,1,60,0.7166666666666667,0.6282347739167695,0.3471962233311173
PPL,545884,2026-02-07 15:30:00+00:00,CF Estrela da Amadora,CD Santa Clara,AWAY_SCORES,RAW,0.707467622624325,0,60,0.6333333333333333,0.704835213497854,0.0
PPL,545884,2026-02-07 15:30:00+00:00,CF Estrela da Amadora,CD Santa Clara,AWAY_SCORES,ROLLING_BIAS,0.6538412125009345,0,60,0.6333333333333333,0.704835213497854,-0.05362641012339053
PPL,545884,2026-02-07 15:30:00+00:00,CF Estrela da Amadora,CD Santa Clara,AWAY_SCORES,LOGIT_OFFSET,0.6506011865572376,0,60,0.6333333333333333,0.704835213497854,-0.26143367684860747
PPL,545883,2026-02-07 15:30:00+00:00,Moreirense FC,Gil Vicente FC,1X,RAW,0.6325200969779585,0,60,0.7166666666666667,0.6281864176603199,0.0
PPL,545883,2026-02-07 15:30:00+00:00,Moreirense FC,Gil Vicente FC,1X,ROLLING_BIAS,0.6988802837327186,0,60,0.7166666666666667,0.6281864176603199,0.06636018675476008
PPL,545883,2026-02-07 15:30:00+00:00,Moreirense FC,Gil Vicente FC,1X,LOGIT_OFFSET,0.708973882024331,0,60,0.7166666666666667,0.6281864176603199,0.347362309978689
PPL,545883,2026-02-07 15:30:00+00:00,Moreirense FC,Gil Vicente FC,AWAY_SCORES,RAW,0.6978122646788762,1,60,0.6333333333333333,0.7051793512037274,0.0
PPL,545883,2026-02-07 15:30:00+00:00,Moreirense FC,Gil Vicente FC,AWAY_SCORES,ROLLING_BIAS,0.6439277512760806,1,60,0.6333333333333333,0.7051793512037274,-0.05388451340279565
PPL,545883,2026-02-07 15:30:00+00:00,Moreirense FC,Gil Vicente FC,AWAY_SCORES,LOGIT_OFFSET,0.639714777725264,1,60,0.6333333333333333,0.7051793512037274,-0.2627752250763833
PPL,545885,2026-02-07 18:00:00+00:00,GD Estoril Praia,CD Tondela,1X,RAW,0.8682069757952577,1,60,0.7166666666666667,0.630174127921564,0.0
PPL,545885,2026-02-07 18:00:00+00:00,GD Estoril Praia,CD Tondela,1X,ROLLING_BIAS,0.9330763798540848,1,60,0.7166666666666667,0.630174127921564,0.06486940405882702
PPL,545885,2026-02-07 18:00:00+00:00,GD Estoril Praia,CD Tondela,1X,LOGIT_OFFSET,0.9024826106595911,1,60,0.7166666666666667,0.630174127921564,0.339921263672901
PPL,545885,2026-02-07 18:00:00+00:00,GD Estoril Praia,CD Tondela,AWAY_SCORES,RAW,0.5977572118874581,1,60,0.6333333333333333,0.7036504681766321,0.0
PPL,545885,2026-02-07 18:00:00+00:00,GD Estoril Praia,CD Tondela,AWAY_SCORES,ROLLING_BIAS,0.545019360754984,1,60,0.6333333333333333,0.7036504681766321,-0.05273785113247409
PPL,545885,2026-02-07 18:00:00+00:00,GD Estoril Praia,CD Tondela,AWAY_SCORES,LOGIT_OFFSET,0.5348227783143696,1,60,0.6333333333333333,0.7036504681766321,-0.2566118328308373
PPL,545886,2026-02-07 20:30:00+00:00,FC Arouca,Vitória SC,1X,RAW,0.6311743509327308,1,60,0.7166666666666667,0.6374918797922009,0.0
PPL,545886,2026-02-07 20:30:00+00:00,FC Arouca,Vitória SC,1X,ROLLING_BIAS,0.6905554410885801,1,60,0.7166666666666667,0.6374918797922009,0.05938109015584936
PPL,545886,2026-02-07 20:30:00+00:00,FC Arouca,Vitória SC,1X,LOGIT_OFFSET,0.7007749100084507,1,60,0.7166666666666667,0.6374918797922009,0.31373254086951374
PPL,545886,2026-02-07 20:30:00+00:00,FC Arouca,Vitória SC,AWAY_SCORES,RAW,0.7176487260573767,1,60,0.65,0.6990491427964532,0.0
PPL,545886,2026-02-07 20:30:00+00:00,FC Arouca,Vitória SC,AWAY_SCORES,ROLLING_BIAS,0.6808618689600368,1,60,0.65,0.6990491427964532,-0.036786857097339976
PPL,545886,2026-02-07 20:30:00+00:00,FC Arouca,Vitória SC,AWAY_SCORES,LOGIT_OFFSET,0.6798368539256344,1,60,0.65,0.6990491427964532,-0.17980611049061773
PPL,545881,2026-02-08 15:30:00+00:00,CD Nacional,Casa Pia AC,1X,RAW,0.7331301973955117,1,60,0.7166666666666667,0.6370855472254267,0.0
PPL,545881,2026-02-08 15:30:00+00:00,CD Nacional,Casa Pia AC,1X,ROLLING_BIAS,0.7928160369764417,1,60,0.7166666666666667,0.6370855472254267,0.05968583958092999
PPL,545881,2026-02-08 15:30:00+00:00,CD Nacional,Casa Pia AC,1X,LOGIT_OFFSET,0.7901380517879577,1,60,0.7166666666666667,0.6370855472254267,0.3151953542378858
PPL,545881,2026-02-08 15:30:00+00:00,CD Nacional,Casa Pia AC,AWAY_SCORES,RAW,0.7579242490039957,0,60,0.65,0.6990280382988968,0.0
PPL,545881,2026-02-08 15:30:00+00:00,CD Nacional,Casa Pia AC,AWAY_SCORES,ROLLING_BIAS,0.7211532202798231,0,60,0.65,0.6990280382988968,-0.036771028724172594
PPL,545881,2026-02-08 15:30:00+00:00,CD Nacional,Casa Pia AC,AWAY_SCORES,LOGIT_OFFSET,0.7234437663086482,0,60,0.65,0.6990280382988968,-0.1797241060540904
PPL,545888,2026-02-08 18:00:00+00:00,Sporting Clube de Braga,Rio Ave FC,1X,RAW,0.8713758297484853,1,60,0.7166666666666667,0.6357614052991353,0.0
PPL,545888,2026-02-08 18:00:00+00:00,Sporting Clube de Braga,Rio Ave FC,1X,ROLLING_BIAS,0.9320547757741338,1,60,0.7166666666666667,0.6357614052991353,0.060678946025648495
PPL,545888,2026-02-08 18:00:00+00:00,Sporting Clube de Braga,Rio Ave FC,1X,LOGIT_OFFSET,0.9031459059547489,1,60,0.7166666666666667,0.6357614052991353,0.3194998257010492
PPL,545888,2026-02-08 18:00:00+00:00,Sporting Clube de Braga,Rio Ave FC,AWAY_SCORES,RAW,0.6034120057196763,0,60,0.65,0.7024709335040736,0.0
PPL,545888,2026-02-08 18:00:00+00:00,Sporting Clube de Braga,Rio Ave FC,AWAY_SCORES,ROLLING_BIAS,0.5640588055916211,0,60,0.65,0.7024709335040736,-0.03935320012805521
PPL,545888,2026-02-08 18:00:00+00:00,Sporting Clube de Braga,Rio Ave FC,AWAY_SCORES,LOGIT_OFFSET,0.5565062223347144,0,60,0.65,0.7024709335040736,-0.19270769902839457
PPL,545882,2026-02-08 20:30:00+00:00,Sport Lisboa e Benfica,FC Alverca,1X,RAW,0.8954753489381081,1,60,0.7166666666666667,0.6357892069052248,0.0
PPL,545882,2026-02-08 20:30:00+00:00,Sport Lisboa e Benfica,FC Alverca,1X,ROLLING_BIAS,0.9561334437591895,1,60,0.7166666666666667,0.6357892069052248,0.06065809482108142
PPL,545882,2026-02-08 20:30:00+00:00,Sport Lisboa e Benfica,FC Alverca,1X,LOGIT_OFFSET,0.9218208390678906,1,60,0.7166666666666667,0.6357892069052248,0.31941600466725006
PPL,545882,2026-02-08 20:30:00+00:00,Sport Lisboa e Benfica,FC Alverca,AWAY_SCORES,RAW,0.5665195868575197,1,60,0.6333333333333333,0.7044593782086838,0.0
PPL,545882,2026-02-08 20:30:00+00:00,Sport Lisboa e Benfica,FC Alverca,AWAY_SCORES,ROLLING_BIAS,0.5131750532010069,1,60,0.6333333333333333,0.7044593782086838,-0.053344533656512816
PPL,545882,2026-02-08 20:30:00+00:00,Sport Lisboa e Benfica,FC Alverca,AWAY_SCORES,LOGIT_OFFSET,0.5024142443773109,1,60,0.6333333333333333,0.7044593782086838,-0.25800799038587
PPL,545880,2026-02-09 18:45:00+00:00,FC Famalicão,AVS,1X,RAW,0.9054029654759592,1,60,0.7166666666666667,0.64251516123817,0.0
PPL,545880,2026-02-09 18:45:00+00:00,FC Famalicão,AVS,1X,ROLLING_BIAS,0.9610165945473317,1,60,0.7166666666666667,0.64251516123817,0.05561362907137246
PPL,545880,2026-02-09 18:45:00+00:00,FC Famalicão,AVS,1X,LOGIT_OFFSET,0.9278825659919644,1,60,0.7166666666666667,0.64251516123817,0.29585537901003167
PPL,545880,2026-02-09 18:45:00+00:00,FC Famalicão,AVS,AWAY_SCORES,RAW,0.540014081786834,1,60,0.65,0.699697432358485,0.0
PPL,545880,2026-02-09 18:45:00+00:00,FC Famalicão,AVS,AWAY_SCORES,ROLLING_BIAS,0.5027410075179702,1,60,0.65,0.699697432358485,-0.037273074268863726
PPL,545880,2026-02-09 18:45:00+00:00,FC Famalicão,AVS,AWAY_SCORES,LOGIT_OFFSET,0.49476724431278024,1,60,0.65,0.699697432358485,-0.18133112713615557
PPL,545887,2026-02-09 20:45:00+00:00,FC Porto,Sporting Clube de Portugal,1X,RAW,0.7171971122740015,1,60,0.7166666666666667,0.6453659808673403,0.0
PPL,545887,2026-02-09 20:45:00+00:00,FC Porto,Sporting Clube de Portugal,1X,ROLLING_BIAS,0.7706726266234962,1,60,0.7166666666666667,0.6453659808673403,0.05347551434949471
PPL,545887,2026-02-09 20:45:00+00:00,FC Porto,Sporting Clube de Portugal,1X,LOGIT_OFFSET,0.7715702302576102,1,60,0.7166666666666667,0.6453659808673403,0.2865983186190192
PPL,545887,2026-02-09 20:45:00+00:00,FC Porto,Sporting Clube de Portugal,AWAY_SCORES,RAW,0.6116062202238333,1,60,0.65,0.698717236483221,0.0
PPL,545887,2026-02-09 20:45:00+00:00,FC Porto,Sporting Clube de Portugal,AWAY_SCORES,ROLLING_BIAS,0.5750682928614175,1,60,0.65,0.698717236483221,-0.03653792736241579
PPL,545887,2026-02-09 20:45:00+00:00,FC Porto,Sporting Clube de Portugal,AWAY_SCORES,LOGIT_OFFSET,0.5686289855878073,1,60,0.65,0.698717236483221,-0.17780929019824052
PPL,545895,2026-02-13 18:30:00+00:00,CD Santa Clara,Sport Lisboa e Benfica,1X,RAW,0.3955852931823177,0,60,0.7166666666666667,0.6456586471839255,0.0
PPL,545895,2026-02-13 18:30:00+00:00,CD Santa Clara,Sport Lisboa e Benfica,1X,ROLLING_BIAS,0.4488413077943736,0,60,0.7166666666666667,0.6456586471839255,0.05325601461205587
PPL,545895,2026-02-13 18:30:00+00:00,CD Santa Clara,Sport Lisboa e Benfica,1X,LOGIT_OFFSET,0.46547286551234185,0,60,0.7166666666666667,0.6456586471839255,0.2855654486161563
PPL,545895,2026-02-13 18:30:00+00:00,CD Santa Clara,Sport Lisboa e Benfica,AWAY_SCORES,RAW,0.7934312845751421,1,60,0.6666666666666666,0.6965691695233899,0.0
PPL,545895,2026-02-13 18:30:00+00:00,CD Santa Clara,Sport Lisboa e Benfica,AWAY_SCORES,ROLLING_BIAS,0.7710044074325997,1,60,0.6666666666666666,0.6965691695233899,-0.022426877142542434
PPL,545895,2026-02-13 18:30:00+00:00,CD Santa Clara,Sport Lisboa e Benfica,AWAY_SCORES,LOGIT_OFFSET,0.774774318504881,1,60,0.6666666666666666,0.6965691695233899,-0.1102649622894075
PPL,545890,2026-02-13 20:45:00+00:00,CD Tondela,FC Alverca,1X,RAW,0.6381503149824987,1,60,0.7,0.6442736167443532,0.0
PPL,545890,2026-02-13 20:45:00+00:00,CD Tondela,FC Alverca,1X,ROLLING_BIAS,0.6799451024242338,1,60,0.7,0.6442736167443532,0.04179478744173504
PPL,545890,2026-02-13 20:45:00+00:00,CD Tondela,FC Alverca,1X,LOGIT_OFFSET,0.6875839328851747,1,60,0.7,0.6442736167443532,0.22150309023540724
PPL,545890,2026-02-13 20:45:00+00:00,CD Tondela,FC Alverca,AWAY_SCORES,RAW,0.6904666962638287,1,60,0.6666666666666666,0.6971774652357259,0.0
PPL,545890,2026-02-13 20:45:00+00:00,CD Tondela,FC Alverca,AWAY_SCORES,ROLLING_BIAS,0.6675835973370343,1,60,0.6666666666666666,0.6971774652357259,-0.02288309892679441
PPL,545890,2026-02-13 20:45:00+00:00,CD Tondela,FC Alverca,AWAY_SCORES,LOGIT_OFFSET,0.6658925896072296,1,60,0.6666666666666666,0.6971774652357259,-0.11263619766587904
PPL,545891,2026-02-14 15:30:00+00:00,Casa Pia AC,FC Arouca,1X,RAW,0.6324111189059332,1,60,0.7166666666666667,0.6449818860184544,0.0
PPL,545891,2026-02-14 15:30:00+00:00,Casa Pia AC,FC Arouca,1X,ROLLING_BIAS,0.6861747043920924,1,60,0.7166666666666667,0.6449818860184544,0.05376358548615923
PPL,545891,2026-02-14 15:30:00+00:00,Casa Pia AC,FC Arouca,1X,LOGIT_OFFSET,0.6966603380525427,1,60,0.7166666666666667,0.6449818860184544,0.2888702533960226
PPL,545891,2026-02-14 15:30:00+00:00,Casa Pia AC,FC Arouca,AWAY_SCORES,RAW,0.8041487812179381,1,60,0.6666666666666666,0.6968642536732054,0.0
PPL,545891,2026-02-14 15:30:00+00:00,Casa Pia AC,FC Arouca,AWAY_SCORES,ROLLING_BIAS,0.781500590963034,1,60,0.6666666666666666,0.6968642536732054,-0.022648190254904055
PPL,545891,2026-02-14 15:30:00+00:00,Casa Pia AC,FC Arouca,AWAY_SCORES,LOGIT_OFFSET,0.7860009581110128,1,60,0.6666666666666666,0.6968642536732054,-0.11144254665269858
PPL,545889,2026-02-14 18:00:00+00:00,Vitória SC,CF Estrela da Amadora,1X,RAW,0.7353831440544243,1,60,0.7166666666666667,0.6419607237966692,0.0
PPL,545889,2026-02-14 18:00:00+00:00,Vitória SC,CF Estrela da Amadora,1X,ROLLING_BIAS,0.7914126012069224,1,60,0.7166666666666667,0.6419607237966692,0.056029457152498074
PPL,545889,2026-02-14 18:00:00+00:00,Vitória SC,CF Estrela da Amadora,1X,LOGIT_OFFSET,0.7894288436491014,1,60,0.7166666666666667,0.6419607237966692,0.29937737566852274
PPL,545889,2026-02-14 18:00:00+00:00,Vitória SC,CF Estrela da Amadora,AWAY_SCORES,RAW,0.6792436441366501,1,60,0.6833333333333333,0.6997545730314011,0.0
PPL,545889,2026-02-14 18:00:00+00:00,Vitória SC,CF Estrela da Amadora,AWAY_SCORES,ROLLING_BIAS,0.6669277143630993,1,60,0.6833333333333333,0.6997545730314011,-0.012315929773550782
PPL,545889,2026-02-14 18:00:00+00:00,Vitória SC,CF Estrela da Amadora,AWAY_SCORES,LOGIT_OFFSET,0.6656719213728403,1,60,0.6833333333333333,0.6997545730314011,-0.06162391574092483
PPL,545894,2026-02-14 20:30:00+00:00,Gil Vicente FC,Sporting Clube de Braga,1X,RAW,0.6515037725206514,1,60,0.7333333333333333,0.6487583570919572,0.0
PPL,545894,2026-02-14 20:30:00+00:00,Gil Vicente FC,Sporting Clube de Braga,1X,ROLLING_BIAS,0.7149350047016835,1,60,0.7333333333333333,0.6487583570919572,0.06343123218103208
PPL,545894,2026-02-14 20:30:00+00:00,Gil Vicente FC,Sporting Clube de Braga,1X,LOGIT_OFFSET,0.725010694032261,1,60,0.7333333333333333,0.6487583570919572,0.34379841367008235
PPL,545894,2026-02-14 20:30:00+00:00,Gil Vicente FC,Sporting Clube de Braga,AWAY_SCORES,RAW,0.7172884059644756,1,60,0.6833333333333333,0.6969644607483131,0.0
PPL,545894,2026-02-14 20:30:00+00:00,Gil Vicente FC,Sporting Clube de Braga,AWAY_SCORES,ROLLING_BIAS,0.7070650604032408,1,60,0.6833333333333333,0.6969644607483131,-0.010223345561234831
PPL,545894,2026-02-14 20:30:00+00:00,Gil Vicente FC,Sporting Clube de Braga,AWAY_SCORES,LOGIT_OFFSET,0.7068528248683389,1,60,0.6833333333333333,0.6969644607483131,-0.050903035289061274
PPL,545897,2026-02-15 15:30:00+00:00,CD Nacional,FC Porto,1X,RAW,0.3629014644684605,0,60,0.7333333333333333,0.6476062036284325,0.0
PPL,545897,2026-02-15 15:30:00+00:00,CD Nacional,FC Porto,1X,ROLLING_BIAS,0.4271968117471361,0,60,0.7333333333333333,0.6476062036284325,0.06429534727867559
PPL,545897,2026-02-15 15:30:00+00:00,CD Nacional,FC Porto,1X,LOGIT_OFFSET,0.44647491623934976,0,60,0.7333333333333333,0.6476062036284325,0.3478691313350609
PPL,545897,2026-02-15 15:30:00+00:00,CD Nacional,FC Porto,AWAY_SCORES,RAW,0.8661657235464257,1,60,0.7,0.6983131256470206,0.0
PPL,545897,2026-02-15 15:30:00+00:00,CD Nacional,FC Porto,AWAY_SCORES,ROLLING_BIAS,0.8674308793111603,1,60,0.7,0.6983131256470206,0.0012651557647345157
PPL,545897,2026-02-15 15:30:00+00:00,CD Nacional,FC Porto,AWAY_SCORES,LOGIT_OFFSET,0.866905571105933,1,60,0.7,0.6983131256470206,0.006397223074860084
PPL,545896,2026-02-15 18:00:00+00:00,AVS,GD Estoril Praia,1X,RAW,0.3387377150235874,1,60,0.7333333333333333,0.6457774271660709,0.0
PPL,545896,2026-02-15 18:00:00+00:00,AVS,GD Estoril Praia,1X,ROLLING_BIAS,0.4044046446490342,1,60,0.7333333333333333,0.6457774271660709,0.06566692962544679
PPL,545896,2026-02-15 18:00:00+00:00,AVS,GD Estoril Praia,1X,LOGIT_OFFSET,0.42241920111010195,1,60,0.7333333333333333,0.6457774271660709,0.35607429991643164
PPL,545896,2026-02-15 18:00:00+00:00,AVS,GD Estoril Praia,AWAY_SCORES,RAW,0.9181816883098958,0,60,0.7,0.699292241021362,0.0
PPL,545896,2026-02-15 18:00:00+00:00,AVS,GD Estoril Praia,AWAY_SCORES,ROLLING_BIAS,0.9187125075438742,0,60,0.7,0.699292241021362,0.0005308192339784634
PPL,545896,2026-02-15 18:00:00+00:00,AVS,GD Estoril Praia,AWAY_SCORES,LOGIT_OFFSET,0.9183835975457488,0,60,0.7,0.699292241021362,0.0026907026135913614
PPL,545892,2026-02-15 20:30:00+00:00,Sporting Clube de Portugal,FC Famalicão,1X,RAW,0.9083955515974356,1,60,0.75,0.637851294115388,0.0
PPL,545892,2026-02-15 20:30:00+00:00,Sporting Clube de Portugal,FC Famalicão,1X,ROLLING_BIAS,0.9925070810108946,1,60,0.75,0.637851294115388,0.08411152941345901
PPL,545892,2026-02-15 20:30:00+00:00,Sporting Clube de Portugal,FC Famalicão,1X,LOGIT_OFFSET,0.9402369864446687,1,60,0.75,0.637851294115388,0.461544910134803
PPL,545892,2026-02-15 20:30:00+00:00,Sporting Clube de Portugal,FC Famalicão,AWAY_SCORES,RAW,0.4464637474006208,0,60,0.6833333333333333,0.7052779055726315,0.0
PPL,545892,2026-02-15 20:30:00+00:00,Sporting Clube de Portugal,FC Famalicão,AWAY_SCORES,ROLLING_BIAS,0.4300053182211472,0,60,0.6833333333333333,0.7052779055726315,-0.0164584291794736
PPL,545892,2026-02-15 20:30:00+00:00,Sporting Clube de Portugal,FC Famalicão,AWAY_SCORES,LOGIT_OFFSET,0.4260553037340506,0,60,0.6833333333333333,0.7052779055726315,-0.08299484206054306
PPL,545893,2026-02-16 20:15:00+00:00,Rio Ave FC,Moreirense FC,1X,RAW,0.5657584843322312,0,60,0.75,0.6419103512718198,0.0
PPL,545893,2026-02-16 20:15:00+00:00,Rio Ave FC,Moreirense FC,1X,ROLLING_BIAS,0.6468257208783663,0,60,0.75,0.6419103512718198,0.08106723654613512
PPL,545893,2026-02-16 20:15:00+00:00,Rio Ave FC,Moreirense FC,1X,LOGIT_OFFSET,0.6712063726268914,0,60,0.75,0.6419103512718198,0.4490799539818068
PPL,545893,2026-02-16 20:15:00+00:00,Rio Ave FC,Moreirense FC,AWAY_SCORES,RAW,0.7707394507485421,1,60,0.6666666666666666,0.7003905380658263,0.0
PPL,545893,2026-02-16 20:15:00+00:00,Rio Ave FC,Moreirense FC,AWAY_SCORES,ROLLING_BIAS,0.7454465471991724,1,60,0.6666666666666666,0.7003905380658263,-0.02529290354936975
PPL,545893,2026-02-16 20:15:00+00:00,Rio Ave FC,Moreirense FC,AWAY_SCORES,LOGIT_OFFSET,0.7477402617348833,1,60,0.6666666666666666,0.7003905380658263,-0.12589484333263745
PPL,545901,2026-02-20 20:45:00+00:00,CF Estrela da Amadora,CD Tondela,1X,RAW,0.7285260734095947,0,60,0.7333333333333333,0.6412257628061047,0.0
PPL,545901,2026-02-20 20:45:00+00:00,CF Estrela da Amadora,CD Tondela,1X,ROLLING_BIAS,0.7976067513050162,0,60,0.7333333333333333,0.6412257628061047,0.0690806778954215
PPL,545901,2026-02-20 20:45:00+00:00,CF Estrela da Amadora,CD Tondela,1X,LOGIT_OFFSET,0.7963753344607463,0,60,0.7333333333333333,0.6412257628061047,0.37663486059560286
PPL,545901,2026-02-20 20:45:00+00:00,CF Estrela da Amadora,CD Tondela,AWAY_SCORES,RAW,0.6823816024224274,1,60,0.6833333333333333,0.701367694333904,0.0
PPL,545901,2026-02-20 20:45:00+00:00,CF Estrela da Amadora,CD Tondela,AWAY_SCORES,ROLLING_BIAS,0.6688558316719995,1,60,0.6833333333333333,0.701367694333904,-0.013525770750427935
PPL,545901,2026-02-20 20:45:00+00:00,CF Estrela da Amadora,CD Tondela,AWAY_SCORES,LOGIT_OFFSET,0.6673957195225587,1,60,0.6833333333333333,0.701367694333904,-0.06830866491562126
PPL,545902,2026-02-21 15:30:00+00:00,FC Alverca,CD Santa Clara,1X,RAW,0.7176178624862377,1,60,0.7166666666666667,0.6466718983116321,0.0
PPL,545902,2026-02-21 15:30:00+00:00,FC Alverca,CD Santa Clara,1X,ROLLING_BIAS,0.7701139387525137,1,60,0.7166666666666667,0.6466718983116321,0.05249607626627595
PPL,545902,2026-02-21 15:30:00+00:00,FC Alverca,CD Santa Clara,1X,LOGIT_OFFSET,0.7712609003715188,1,60,0.7166666666666667,0.6466718983116321,0.2827687061514988
PPL,545902,2026-02-21 15:30:00+00:00,FC Alverca,CD Santa Clara,AWAY_SCORES,RAW,0.5945576303557446,1,60,0.6833333333333333,0.699110614887177,0.0
PPL,545902,2026-02-21 15:30:00+00:00,FC Alverca,CD Santa Clara,AWAY_SCORES,ROLLING_BIAS,0.5827246691903619,1,60,0.6833333333333333,0.699110614887177,-0.011832961165382683
PPL,545902,2026-02-21 15:30:00+00:00,FC Alverca,CD Santa Clara,AWAY_SCORES,LOGIT_OFFSET,0.5801284813093572,1,60,0.6833333333333333,0.699110614887177,-0.059538066986444545
PPL,545903,2026-02-21 15:30:00+00:00,FC Arouca,CD Nacional,1X,RAW,0.526650806020135,1,60,0.7166666666666667,0.6495520790604854,0.0
PPL,545903,2026-02-21 15:30:00+00:00,FC Arouca,CD Nacional,1X,ROLLING_BIAS,0.576986746724771,1,60,0.7166666666666667,0.6495520790604854,0.050335940704635984
PPL,545903,2026-02-21 15:30:00+00:00,FC Arouca,CD Nacional,1X,LOGIT_OFFSET,0.5935413901804204,1,60,0.7166666666666667,0.6495520790604854,0.27192049584391226
PPL,545903,2026-02-21 15:30:00+00:00,FC Arouca,CD Nacional,AWAY_SCORES,RAW,0.7925661344273904,0,60,0.6833333333333333,0.6968493155037284,0.0
PPL,545903,2026-02-21 15:30:00+00:00,FC Arouca,CD Nacional,AWAY_SCORES,ROLLING_BIAS,0.7824291477995942,0,60,0.6833333333333333,0.6968493155037284,-0.010136986627796274
PPL,545903,2026-02-21 15:30:00+00:00,FC Arouca,CD Nacional,AWAY_SCORES,LOGIT_OFFSET,0.7840700220564871,0,60,0.6833333333333333,0.6968493155037284,-0.05091923264505845
PPL,545898,2026-02-21 18:00:00+00:00,Sport Lisboa e Benfica,AVS,1X,RAW,0.9425425952789862,1,60,0.7166666666666667,0.6435318287614915,0.0
PPL,545898,2026-02-21 18:00:00+00:00,Sport Lisboa e Benfica,AVS,1X,ROLLING_BIAS,0.9973937237078676,1,60,0.7166666666666667,0.6435318287614915,0.0548511284288814
PPL,545898,2026-02-21 18:00:00+00:00,Sport Lisboa e Benfica,AVS,1X,LOGIT_OFFSET,0.9565160841443621,1,60,0.7166666666666667,0.6435318287614915,0.2933692586811044
PPL,545898,2026-02-21 18:00:00+00:00,Sport Lisboa e Benfica,AVS,AWAY_SCORES,RAW,0.5310696558251096,0,60,0.6833333333333333,0.7002130676783263,0.0
PPL,545898,2026-02-21 18:00:00+00:00,Sport Lisboa e Benfica,AVS,AWAY_SCORES,ROLLING_BIAS,0.5184098550663649,0,60,0.6833333333333333,0.7002130676783263,-0.012659800758744622
PPL,545898,2026-02-21 18:00:00+00:00,Sport Lisboa e Benfica,AVS,AWAY_SCORES,LOGIT_OFFSET,0.5151512901748881,0,60,0.6833333333333333,0.7002130676783263,-0.06381523260117644
PPL,545905,2026-02-21 18:00:00+00:00,Moreirense FC,Sporting Clube de Portugal,1X,RAW,0.4544548479226115,0,60,0.7166666666666667,0.6432224075839156,0.0
PPL,545905,2026-02-21 18:00:00+00:00,Moreirense FC,Sporting Clube de Portugal,1X,ROLLING_BIAS,0.5095380422346748,0,60,0.7166666666666667,0.6432224075839156,0.05508319431206332
PPL,545905,2026-02-21 18:00:00+00:00,Moreirense FC,Sporting Clube de Portugal,1X,LOGIT_OFFSET,0.5278710514286727,0,60,0.7166666666666667,0.6432224075839156,0.29428689828126914
PPL,545905,2026-02-21 18:00:00+00:00,Moreirense FC,Sporting Clube de Portugal,AWAY_SCORES,RAW,0.8312513293780701,1,60,0.6833333333333333,0.7023338151487731,0.0
PPL,545905,2026-02-21 18:00:00+00:00,Moreirense FC,Sporting Clube de Portugal,AWAY_SCORES,ROLLING_BIAS,0.8170009680164902,1,60,0.6833333333333333,0.7023338151487731,-0.014250361361579866
PPL,545905,2026-02-21 18:00:00+00:00,Moreirense FC,Sporting Clube de Portugal,AWAY_SCORES,LOGIT_OFFSET,0.8209619354193599,1,60,0.6833333333333333,0.7023338151487731,-0.07164342911874795
PPL,545906,2026-02-21 20:30:00+00:00,Sporting Clube de Braga,Vitória SC,1X,RAW,0.8834360176275613,1,60,0.7,0.6427993136044965,0.0
PPL,545906,2026-02-21 20:30:00+00:00,Sporting Clube de Braga,Vitória SC,1X,ROLLING_BIAS,0.9263365324241889,1,60,0.7,0.6427993136044965,0.0429005147966276
PPL,545906,2026-02-21 20:30:00+00:00,Sporting Clube de Braga,Vitória SC,1X,LOGIT_OFFSET,0.904792010043245,1,60,0.7,0.6427993136044965,0.2262626849718499
PPL,545906,2026-02-21 20:30:00+00:00,Sporting Clube de Braga,Vitória SC,AWAY_SCORES,RAW,0.5094488471177296,1,60,0.6833333333333333,0.7031422871509235,0.0
PPL,545906,2026-02-21 20:30:00+00:00,Sporting Clube de Braga,Vitória SC,AWAY_SCORES,ROLLING_BIAS,0.494592131754537,1,60,0.6833333333333333,0.7031422871509235,-0.014856715363192663
PPL,545906,2026-02-21 20:30:00+00:00,Sporting Clube de Braga,Vitória SC,AWAY_SCORES,LOGIT_OFFSET,0.4907442667887852,1,60,0.6833333333333333,0.7031422871509235,-0.07482705128566755
PPL,545900,2026-02-22 18:00:00+00:00,GD Estoril Praia,Gil Vicente FC,1X,RAW,0.6590692295359151,1,60,0.7,0.6470786996855359,0.0
PPL,545900,2026-02-22 18:00:00+00:00,GD Estoril Praia,Gil Vicente FC,1X,ROLLING_BIAS,0.6987602047717631,1,60,0.7,0.6470786996855359,0.03969097523584808
PPL,545900,2026-02-22 18:00:00+00:00,GD Estoril Praia,Gil Vicente FC,1X,LOGIT_OFFSET,0.7048200205771732,1,60,0.7,0.6470786996855359,0.21120806632974162
PPL,545900,2026-02-22 18:00:00+00:00,GD Estoril Praia,Gil Vicente FC,AWAY_SCORES,RAW,0.7579999952152798,1,60,0.6833333333333333,0.6999094596401878,0.0
PPL,545900,2026-02-22 18:00:00+00:00,GD Estoril Praia,Gil Vicente FC,AWAY_SCORES,ROLLING_BIAS,0.745567900485139,1,60,0.6833333333333333,0.6999094596401878,-0.012432094730140841
PPL,545900,2026-02-22 18:00:00+00:00,GD Estoril Praia,Gil Vicente FC,AWAY_SCORES,LOGIT_OFFSET,0.7463350554689681,1,60,0.6833333333333333,0.6999094596401878,-0.06258527821163153
PPL,545904,2026-02-22 20:30:00+00:00,FC Porto,Rio Ave FC,1X,RAW,0.9236230740686292,1,60,0.7,0.6471482527064414,0.0
PPL,545904,2026-02-22 20:30:00+00:00,FC Porto,Rio Ave FC,1X,ROLLING_BIAS,0.9632618845387981,1,60,0.7,0.6471482527064414,0.03963881047016893
PPL,545904,2026-02-22 20:30:00+00:00,FC Porto,Rio Ave FC,1X,LOGIT_OFFSET,0.9372370739149024,1,60,0.7,0.6471482527064414,0.21094828786501854
PPL,545904,2026-02-22 20:30:00+00:00,FC Porto,Rio Ave FC,AWAY_SCORES,RAW,0.4174218685319476,0,60,0.6833333333333333,0.7006444095744333,0.0
PPL,545904,2026-02-22 20:30:00+00:00,FC Porto,Rio Ave FC,AWAY_SCORES,ROLLING_BIAS,0.40443856135112266,0,60,0.6833333333333333,0.7006444095744333,-0.012983307180824966
PPL,545904,2026-02-22 20:30:00+00:00,FC Porto,Rio Ave FC,AWAY_SCORES,LOGIT_OFFSET,0.40160114724458584,0,60,0.6833333333333333,0.7006444095744333,-0.06543216222972938
PPL,545899,2026-02-23 20:15:00+00:00,FC Famalicão,Casa Pia AC,1X,RAW,0.8354307162622449,1,60,0.7,0.6487907709136213,0.0
PPL,545899,2026-02-23 20:15:00+00:00,FC Famalicão,Casa Pia AC,1X,ROLLING_BIAS,0.8738376380770289,1,60,0.7,0.6487907709136213,0.038406921814784
PPL,545899,2026-02-23 20:15:00+00:00,FC Famalicão,Casa Pia AC,1X,LOGIT_OFFSET,0.8617686103932414,1,60,0.7,0.6487907709136213,0.2054420234810361
PPL,545899,2026-02-23 20:15:00+00:00,FC Famalicão,Casa Pia AC,AWAY_SCORES,RAW,0.5707237580745064,0,60,0.6666666666666666,0.6968190566127881,0.0
PPL,545899,2026-02-23 20:15:00+00:00,FC Famalicão,Casa Pia AC,AWAY_SCORES,ROLLING_BIAS,0.5481094656149152,0,60,0.6666666666666666,0.6968190566127881,-0.022614292459591123
PPL,545899,2026-02-23 20:15:00+00:00,FC Famalicão,Casa Pia AC,AWAY_SCORES,LOGIT_OFFSET,0.5429031332154611,0,60,0.6666666666666666,0.6968190566127881,-0.11276909272302174
PPL,545909,2026-02-27 18:45:00+00:00,FC Porto,FC Arouca,1X,RAW,0.8680785787687173,1,60,0.7,0.6537267564960397,0.0
PPL,545909,2026-02-27 18:45:00+00:00,FC Porto,FC Arouca,1X,ROLLING_BIAS,0.9027835113966874,1,60,0.7,0.6537267564960397,0.03470493262797014
PPL,545909,2026-02-27 18:45:00+00:00,FC Porto,FC Arouca,1X,LOGIT_OFFSET,0.8880595954514797,1,60,0.7,0.6537267564960397,0.1869964378301116
PPL,545909,2026-02-27 18:45:00+00:00,FC Porto,FC Arouca,AWAY_SCORES,RAW,0.5258311398226398,1,60,0.65,0.6934315460993458,0.0
PPL,545909,2026-02-27 18:45:00+00:00,FC Porto,FC Arouca,AWAY_SCORES,ROLLING_BIAS,0.49325748024813054,1,60,0.65,0.6934315460993458,-0.032573659574509306
PPL,545909,2026-02-27 18:45:00+00:00,FC Porto,FC Arouca,AWAY_SCORES,LOGIT_OFFSET,0.4858315460483089,1,60,0.65,0.6934315460993458,-0.16010562332909767
PPL,545907,2026-02-27 20:45:00+00:00,Sporting Clube de Portugal,GD Estoril Praia,1X,RAW,0.882910896326251,1,60,0.7166666666666667,0.6593451927605078,0.0
PPL,545907,2026-02-27 20:45:00+00:00,Sporting Clube de Portugal,GD Estoril Praia,1X,ROLLING_BIAS,0.9259020017558701,1,60,0.7166666666666667,0.6593451927605078,0.04299110542961915
PPL,545907,2026-02-27 20:45:00+00:00,Sporting Clube de Portugal,GD Estoril Praia,1X,LOGIT_OFFSET,0.9052665432529519,1,60,0.7166666666666667,0.6593451927605078,0.236873122987676
PPL,545907,2026-02-27 20:45:00+00:00,Sporting Clube de Portugal,GD Estoril Praia,AWAY_SCORES,RAW,0.6121824794716774,0,60,0.65,0.6888221093711347,0.0
PPL,545907,2026-02-27 20:45:00+00:00,Sporting Clube de Portugal,GD Estoril Praia,AWAY_SCORES,ROLLING_BIAS,0.5830658974433263,0,60,0.65,0.6888221093711347,-0.0291165820283511
PPL,545907,2026-02-27 20:45:00+00:00,Sporting Clube de Portugal,GD Estoril Praia,AWAY_SCORES,LOGIT_OFFSET,0.5778305830287864,0,60,0.65,0.6888221093711347,-0.14262146479098187
PPL,545914,2026-02-28 15:30:00+00:00,AVS,CF Estrela da Amadora,1X,RAW,0.6067940253877551,1,60,0.7166666666666667,0.6637872638290937,0.0
PPL,545914,2026-02-28 15:30:00+00:00,AVS,CF Estrela da Amadora,1X,ROLLING_BIAS,0.6464535775159348,1,60,0.7166666666666667,0.6637872638290937,0.03965955212817973
PPL,545914,2026-02-28 15:30:00+00:00,AVS,CF Estrela da Amadora,1X,LOGIT_OFFSET,0.6580019113275332,1,60,0.7166666666666667,0.6637872638290937,0.22054686937677195
PPL,545914,2026-02-28 15:30:00+00:00,AVS,CF Estrela da Amadora,AWAY_SCORES,RAW,0.7913357089749378,0,60,0.6333333333333333,0.6865641020324628,0.0
PPL,545914,2026-02-28 15:30:00+00:00,AVS,CF Estrela da Amadora,AWAY_SCORES,ROLLING_BIAS,0.7514126324505906,0,60,0.6333333333333333,0.6865641020324628,-0.03992307652434712
PPL,545914,2026-02-28 15:30:00+00:00,AVS,CF Estrela da Amadora,AWAY_SCORES,LOGIT_OFFSET,0.7576529531534968,0,60,0.6333333333333333,0.6865641020324628,-0.1931409324401669
PPL,545912,2026-02-28 18:00:00+00:00,CD Nacional,Sporting Clube de Braga,1X,RAW,0.4779234436129036,0,60,0.7333333333333333,0.6669329402178137,0.0
PPL,545912,2026-02-28 18:00:00+00:00,CD Nacional,Sporting Clube de Braga,1X,ROLLING_BIAS,0.5277237384495433,0,60,0.7333333333333333,0.6669329402178137,0.049800294836639725
PPL,545912,2026-02-28 18:00:00+00:00,CD Nacional,Sporting Clube de Braga,1X,LOGIT_OFFSET,0.5479716632364884,0,60,0.7333333333333333,0.6669329402178137,0.2808423833824076
PPL,545912,2026-02-28 18:00:00+00:00,CD Nacional,Sporting Clube de Braga,AWAY_SCORES,RAW,0.850791292017044,1,60,0.6166666666666667,0.6870254089721524,0.0
PPL,545912,2026-02-28 18:00:00+00:00,CD Nacional,Sporting Clube de Braga,AWAY_SCORES,ROLLING_BIAS,0.7980222352879297,1,60,0.6166666666666667,0.6870254089721524,-0.05276905672911425
PPL,545912,2026-02-28 18:00:00+00:00,CD Nacional,Sporting Clube de Braga,AWAY_SCORES,LOGIT_OFFSET,0.8157328706608249,1,60,0.6166666666666667,0.6870254089721524,-0.25312035534261107
PPL,545908,2026-02-28 20:30:00+00:00,Vitória SC,FC Alverca,1X,RAW,0.7429552562264102,1,60,0.7166666666666667,0.6664666939881169,0.0
PPL,545908,2026-02-28 20:30:00+00:00,Vitória SC,FC Alverca,1X,ROLLING_BIAS,0.7806052357353226,1,60,0.7166666666666667,0.6664666939881169,0.03764997950891236
PPL,545908,2026-02-28 20:30:00+00:00,Vitória SC,FC Alverca,1X,LOGIT_OFFSET,0.7808453340880788,1,60,0.7166666666666667,0.6664666939881169,0.2092137244455992
PPL,545908,2026-02-28 20:30:00+00:00,Vitória SC,FC Alverca,AWAY_SCORES,RAW,0.6827646463980135,1,60,0.6333333333333333,0.6889222584552305,0.0
PPL,545908,2026-02-28 20:30:00+00:00,Vitória SC,FC Alverca,AWAY_SCORES,ROLLING_BIAS,0.6410729525565906,1,60,0.6333333333333333,0.6889222584552305,-0.041691693841422905
PPL,545908,2026-02-28 20:30:00+00:00,Vitória SC,FC Alverca,AWAY_SCORES,LOGIT_OFFSET,0.6373319074374616,1,60,0.6333333333333333,0.6889222584552305,-0.20270377618188684
PPL,545911,2026-03-01 15:30:00+00:00,CD Tondela,CD Santa Clara,1X,RAW,0.6429814757135582,1,60,0.7166666666666667,0.6677341943539791,0.0
PPL,545911,2026-03-01 15:30:00+00:00,CD Tondela,CD Santa Clara,1X,ROLLING_BIAS,0.6796808299480739,1,60,0.7166666666666667,0.6677341943539791,0.036699354234515646
PPL,545911,2026-03-01 15:30:00+00:00,CD Tondela,CD Santa Clara,1X,LOGIT_OFFSET,0.6884088276297673,1,60,0.7166666666666667,0.6677341943539791,0.204362658590329
PPL,545911,2026-03-01 15:30:00+00:00,CD Tondela,CD Santa Clara,AWAY_SCORES,RAW,0.6266213083651819,1,60,0.6333333333333333,0.6889799744069542,0.0
PPL,545911,2026-03-01 15:30:00+00:00,CD Tondela,CD Santa Clara,AWAY_SCORES,ROLLING_BIAS,0.5848863275599663,1,60,0.6333333333333333,0.6889799744069542,-0.04173498080521565
PPL,545911,2026-03-01 15:30:00+00:00,CD Tondela,CD Santa Clara,AWAY_SCORES,LOGIT_OFFSET,0.5780624614008445,1,60,0.6333333333333333,0.6889799744069542,-0.202924583318195
PPL,545915,2026-03-01 18:00:00+00:00,Casa Pia AC,Moreirense FC,1X,RAW,0.590749554835126,1,60,0.7166666666666667,0.665465773734158,0.0
PPL,545915,2026-03-01 18:00:00+00:00,Casa Pia AC,Moreirense FC,1X,ROLLING_BIAS,0.6291502245345075,1,60,0.7166666666666667,0.665465773734158,0.038400669699381496
PPL,545915,2026-03-01 18:00:00+00:00,Casa Pia AC,Moreirense FC,1X,LOGIT_OFFSET,0.6410829667055402,1,60,0.7166666666666667,0.665465773734158,0.21300276653337433
PPL,545915,2026-03-01 18:00:00+00:00,Casa Pia AC,Moreirense FC,AWAY_SCORES,RAW,0.8052084474296279,1,60,0.65,0.6881783524414904,0.0
PPL,545915,2026-03-01 18:00:00+00:00,Casa Pia AC,Moreirense FC,AWAY_SCORES,ROLLING_BIAS,0.7765746830985102,1,60,0.65,0.6881783524414904,-0.02863376433111775
PPL,545915,2026-03-01 18:00:00+00:00,Casa Pia AC,Moreirense FC,AWAY_SCORES,LOGIT_OFFSET,0.7822056502789404,1,60,0.65,0.6881783524414904,-0.14060474094848122
PPL,545910,2026-03-01 20:30:00+00:00,Rio Ave FC,FC Famalicão,1X,RAW,0.5795568621672018,1,60,0.7166666666666667,0.6596276781046331,0.0
PPL,545910,2026-03-01 20:30:00+00:00,Rio Ave FC,FC Famalicão,1X,ROLLING_BIAS,0.622336103588727,1,60,0.7166666666666667,0.6596276781046331,0.04277924142152523
PPL,545910,2026-03-01 20:30:00+00:00,Rio Ave FC,FC Famalicão,1X,LOGIT_OFFSET,0.6353486635695117,1,60,0.7166666666666667,0.6596276781046331,0.23427773466665597
PPL,545910,2026-03-01 20:30:00+00:00,Rio Ave FC,FC Famalicão,AWAY_SCORES,RAW,0.7193413892104352,0,60,0.6666666666666666,0.6932195140592362,0.0
PPL,545910,2026-03-01 20:30:00+00:00,Rio Ave FC,FC Famalicão,AWAY_SCORES,ROLLING_BIAS,0.699426753666008,0,60,0.6666666666666666,0.6932195140592362,-0.019914635544427184
PPL,545910,2026-03-01 20:30:00+00:00,Rio Ave FC,FC Famalicão,AWAY_SCORES,LOGIT_OFFSET,0.698875385078209,0,60,0.6666666666666666,0.6932195140592362,-0.09924876545446847
PPL,545913,2026-03-02 20:15:00+00:00,Gil Vicente FC,Sport Lisboa e Benfica,1X,RAW,0.5956793295338498,0,60,0.7166666666666667,0.6573813224857773,0.0
PPL,545913,2026-03-02 20:15:00+00:00,Gil Vicente FC,Sport Lisboa e Benfica,1X,ROLLING_BIAS,0.6401433376695169,0,60,0.7166666666666667,0.6573813224857773,0.04446400813566709
PPL,545913,2026-03-02 20:15:00+00:00,Gil Vicente FC,Sport Lisboa e Benfica,1X,LOGIT_OFFSET,0.6525777732609589,0,60,0.7166666666666667,0.6573813224857773,0.2428953101386244
PPL,545913,2026-03-02 20:15:00+00:00,Gil Vicente FC,Sport Lisboa e Benfica,AWAY_SCORES,RAW,0.7056522447749672,1,60,0.65,0.6953803658187326,0.0
PPL,545913,2026-03-02 20:15:00+00:00,Gil Vicente FC,Sport Lisboa e Benfica,AWAY_SCORES,ROLLING_BIAS,0.6716169704109178,1,60,0.65,0.6953803658187326,-0.034035274364049406
PPL,545913,2026-03-02 20:15:00+00:00,Gil Vicente FC,Sport Lisboa e Benfica,AWAY_SCORES,LOGIT_OFFSET,0.6696172124453768,1,60,0.65,0.6953803658187326,-0.16790635586728192
PPL,545918,2026-03-06 20:15:00+00:00,FC Famalicão,FC Arouca,1X,RAW,0.7942540656103434,1,60,0.7,0.6578991808925563,0.0
PPL,545918,2026-03-06 20:15:00+00:00,FC Famalicão,FC Arouca,1X,ROLLING_BIAS,0.8258296799409262,1,60,0.7,0.6578991808925563,0.03157561433058276
PPL,545918,2026-03-06 20:15:00+00:00,FC Famalicão,FC Arouca,1X,LOGIT_OFFSET,0.8206803893530297,1,60,0.7,0.6578991808925563,0.1702026787833546
PPL,545918,2026-03-06 20:15:00+00:00,FC Famalicão,FC Arouca,AWAY_SCORES,RAW,0.6879891930014118,0,60,0.65,0.6948371063775688,0.0
PPL,545918,2026-03-06 20:15:00+00:00,FC Famalicão,FC Arouca,AWAY_SCORES,ROLLING_BIAS,0.6543613632182352,0,60,0.65,0.6948371063775688,-0.03362782978317658
PPL,545918,2026-03-06 20:15:00+00:00,FC Famalicão,FC Arouca,AWAY_SCORES,LOGIT_OFFSET,0.6513454127318883,0,60,0.65,0.6948371063775688,-0.1657769263373115
PPL,545916,2026-03-07 15:30:00+00:00,FC Alverca,AVS,1X,RAW,0.8439735430983554,1,60,0.7166666666666667,0.6605836644201207,0.0
PPL,545916,2026-03-07 15:30:00+00:00,FC Alverca,AVS,1X,ROLLING_BIAS,0.8860357947832649,1,60,0.7166666666666667,0.6605836644201207,0.04206225168490951
PPL,545916,2026-03-07 15:30:00+00:00,FC Alverca,AVS,1X,LOGIT_OFFSET,0.8720270795971378,1,60,0.7166666666666667,0.6605836644201207,0.23090623715396677
PPL,545916,2026-03-07 15:30:00+00:00,FC Alverca,AVS,AWAY_SCORES,RAW,0.5701076007305063,0,60,0.6333333333333333,0.6932815466177333,0.0
PPL,545916,2026-03-07 15:30:00+00:00,FC Alverca,AVS,AWAY_SCORES,ROLLING_BIAS,0.5251464407672062,0,60,0.6333333333333333,0.6932815466177333,-0.04496115996330008
PPL,545916,2026-03-07 15:30:00+00:00,FC Alverca,AVS,AWAY_SCORES,LOGIT_OFFSET,0.5158617361222644,0,60,0.6333333333333333,0.6932815466177333,-0.21882193187337712
PPL,545921,2026-03-07 15:30:00+00:00,Moreirense FC,CD Nacional,1X,RAW,0.7066368770158229,1,60,0.7333333333333333,0.6687992606003113,0.0
PPL,545921,2026-03-07 15:30:00+00:00,Moreirense FC,CD Nacional,1X,ROLLING_BIAS,0.7550374315655894,1,60,0.7333333333333333,0.6687992606003113,0.04840055454976655
PPL,545921,2026-03-07 15:30:00+00:00,Moreirense FC,CD Nacional,1X,LOGIT_OFFSET,0.7595117667576383,1,60,0.7333333333333333,0.6687992606003113,0.2708988988950527
PPL,545921,2026-03-07 15:30:00+00:00,Moreirense FC,CD Nacional,AWAY_SCORES,RAW,0.6563937046705522,1,60,0.6166666666666667,0.6882736335243479,0.0
PPL,545921,2026-03-07 15:30:00+00:00,Moreirense FC,CD Nacional,AWAY_SCORES,ROLLING_BIAS,0.6026884795272913,1,60,0.6166666666666667,0.6882736335243479,-0.053705225143260926
PPL,545921,2026-03-07 15:30:00+00:00,Moreirense FC,CD Nacional,AWAY_SCORES,LOGIT_OFFSET,0.5962991435024578,1,60,0.6166666666666667,0.6882736335243479,-0.2571959465572058
PPL,545923,2026-03-07 18:00:00+00:00,Sporting Clube de Braga,Sporting Clube de Portugal,1X,RAW,0.6018062111932329,1,60,0.75,0.6694898350016371,0.0
PPL,545923,2026-03-07 18:00:00+00:00,Sporting Clube de Braga,Sporting Clube de Portugal,1X,ROLLING_BIAS,0.6621888349420051,1,60,0.75,0.6694898350016371,0.060382623748772235
PPL,545923,2026-03-07 18:00:00+00:00,Sporting Clube de Braga,Sporting Clube de Portugal,1X,LOGIT_OFFSET,0.6807009146955074,1,60,0.75,0.6694898350016371,0.343998097348759
PPL,545923,2026-03-07 18:00:00+00:00,Sporting Clube de Braga,Sporting Clube de Portugal,AWAY_SCORES,RAW,0.7575332748553739,1,60,0.6166666666666667,0.6898483287747167,0.0
PPL,545923,2026-03-07 18:00:00+00:00,Sporting Clube de Braga,Sporting Clube de Portugal,AWAY_SCORES,ROLLING_BIAS,0.7026470282743364,1,60,0.6166666666666667,0.6898483287747167,-0.05488624658103747
PPL,545923,2026-03-07 18:00:00+00:00,Sporting Clube de Braga,Sporting Clube de Portugal,AWAY_SCORES,LOGIT_OFFSET,0.7060577356769233,1,60,0.6166666666666667,0.6898483287747167,-0.2628893340278253
PPL,545917,2026-03-07 20:30:00+00:00,GD Estoril Praia,Casa Pia AC,1X,RAW,0.8266850469210489,1,60,0.7666666666666667,0.6723208724766503,0.0
PPL,545917,2026-03-07 20:30:00+00:00,GD Estoril Praia,Casa Pia AC,1X,ROLLING_BIAS,0.8974443925635612,1,60,0.7666666666666667,0.6723208724766503,0.0707593456425123
PPL,545917,2026-03-07 20:30:00+00:00,GD Estoril Praia,Casa Pia AC,1X,LOGIT_OFFSET,0.8778982843333707,1,60,0.7666666666666667,0.6723208724766503,0.4103629982369389
PPL,545917,2026-03-07 20:30:00+00:00,GD Estoril Praia,Casa Pia AC,AWAY_SCORES,RAW,0.6772681205076097,0,60,0.6166666666666667,0.6885575267537118,0.0
PPL,545917,2026-03-07 20:30:00+00:00,GD Estoril Praia,Casa Pia AC,AWAY_SCORES,ROLLING_BIAS,0.6233499754423257,0,60,0.6166666666666667,0.6885575267537118,-0.05391814506528392
PPL,545917,2026-03-07 20:30:00+00:00,GD Estoril Praia,Casa Pia AC,AWAY_SCORES,LOGIT_OFFSET,0.6186226782381233,0,60,0.6166666666666667,0.6885575267537118,-0.2575390632894723
PPL,545920,2026-03-08 15:30:00+00:00,CF Estrela da Amadora,Gil Vicente FC,1X,RAW,0.5526784640492042,1,60,0.7833333333333333,0.6804562656639525,0.0
PPL,545920,2026-03-08 15:30:00+00:00,CF Estrela da Amadora,Gil Vicente FC,1X,ROLLING_BIAS,0.6298362648012399,1,60,0.7833333333333333,0.6804562656639525,0.07715780075203571
PPL,545920,2026-03-08 15:30:00+00:00,CF Estrela da Amadora,Gil Vicente FC,1X,LOGIT_OFFSET,0.661442672589478,1,60,0.7833333333333333,0.6804562656639525,0.45823114457834613
PPL,545920,2026-03-08 15:30:00+00:00,CF Estrela da Amadora,Gil Vicente FC,AWAY_SCORES,RAW,0.7805204134796173,1,60,0.6,0.6855564406787398,0.0
PPL,545920,2026-03-08 15:30:00+00:00,CF Estrela da Amadora,Gil Vicente FC,AWAY_SCORES,ROLLING_BIAS,0.7163530829705624,1,60,0.6,0.6855564406787398,-0.06416733050905488
PPL,545920,2026-03-08 15:30:00+00:00,CF Estrela da Amadora,Gil Vicente FC,AWAY_SCORES,LOGIT_OFFSET,0.7244186563572635,1,60,0.6,0.6855564406787398,-0.3022150290383909
PPL,545924,2026-03-08 18:00:00+00:00,Sport Lisboa e Benfica,FC Porto,1X,RAW,0.6178726111551567,1,60,0.8,0.6777728674439224,0.0
PPL,545924,2026-03-08 18:00:00+00:00,Sport Lisboa e Benfica,FC Porto,1X,ROLLING_BIAS,0.7095429605722149,1,60,0.8,0.6777728674439224,0.0916703494170582
PPL,545924,2026-03-08 18:00:00+00:00,Sport Lisboa e Benfica,FC Porto,1X,LOGIT_OFFSET,0.7380017890666021,1,60,0.8,0.6777728674439224,0.5550802998411561
PPL,545924,2026-03-08 18:00:00+00:00,Sport Lisboa e Benfica,FC Porto,AWAY_SCORES,RAW,0.6908155432107602,1,60,0.6,0.6859789785454314,0.0
PPL,545924,2026-03-08 18:00:00+00:00,Sport Lisboa e Benfica,FC Porto,AWAY_SCORES,ROLLING_BIAS,0.6263313093016867,1,60,0.6,0.6859789785454314,-0.06448423390907354
PPL,545924,2026-03-08 18:00:00+00:00,Sport Lisboa e Benfica,FC Porto,AWAY_SCORES,LOGIT_OFFSET,0.6224589729845864,1,60,0.6,0.6859789785454314,-0.3039363242954968
PPL,545922,2026-03-08 20:30:00+00:00,CD Santa Clara,Vitória SC,1X,RAW,0.6588728918144565,1,60,0.8,0.674888560203386,0.0
PPL,545922,2026-03-08 20:30:00+00:00,CD Santa Clara,Vitória SC,1X,ROLLING_BIAS,0.7527064716619171,1,60,0.8,0.674888560203386,0.09383357984746055
PPL,545922,2026-03-08 20:30:00+00:00,CD Santa Clara,Vitória SC,1X,LOGIT_OFFSET,0.772690799937512,1,60,0.8,0.674888560203386,0.5652922866384553
PPL,545922,2026-03-08 20:30:00+00:00,CD Santa Clara,Vitória SC,AWAY_SCORES,RAW,0.6903356694288679,0,60,0.6,0.6867404629005919,0.0
PPL,545922,2026-03-08 20:30:00+00:00,CD Santa Clara,Vitória SC,AWAY_SCORES,ROLLING_BIAS,0.625280322253424,0,60,0.6,0.6867404629005919,-0.06505534717544392
PPL,545922,2026-03-08 20:30:00+00:00,CD Santa Clara,Vitória SC,AWAY_SCORES,LOGIT_OFFSET,0.621261885579995,0,60,0.6,0.6867404629005919,-0.306781316834919
PPL,545919,2026-03-09 20:15:00+00:00,CD Tondela,Rio Ave FC,1X,RAW,0.7059210567776336,0,60,0.8,0.6736031122996788,0.0
PPL,545919,2026-03-09 20:15:00+00:00,CD Tondela,Rio Ave FC,1X,ROLLING_BIAS,0.8007187225528745,0,60,0.8,0.6736031122996788,0.09479766577524085
PPL,545919,2026-03-09 20:15:00+00:00,CD Tondela,Rio Ave FC,1X,LOGIT_OFFSET,0.8093034048195396,0,60,0.8,0.6736031122996788,0.5698350574974427
PPL,545919,2026-03-09 20:15:00+00:00,CD Tondela,Rio Ave FC,AWAY_SCORES,RAW,0.6140980637445168,1,60,0.6,0.6873154262004678,0.0
PPL,545919,2026-03-09 20:15:00+00:00,CD Tondela,Rio Ave FC,AWAY_SCORES,ROLLING_BIAS,0.548611494094166,1,60,0.6,0.6873154262004678,-0.06548656965035082
PPL,545919,2026-03-09 20:15:00+00:00,CD Tondela,Rio Ave FC,AWAY_SCORES,LOGIT_OFFSET,0.5388295237878518,1,60,0.6,0.6873154262004678,-0.30893987500709474
PPL,545928,2026-03-14 15:30:00+00:00,Vitória SC,FC Famalicão,1X,RAW,0.7287854718221114,0,60,0.8,0.6811128374769797,0.0
PPL,545928,2026-03-14 15:30:00+00:00,Vitória SC,FC Famalicão,1X,ROLLING_BIAS,0.8179508437143767,0,60,0.8,0.6811128374769797,0.08916537189226525
PPL,545928,2026-03-14 15:30:00+00:00,Vitória SC,FC Famalicão,1X,LOGIT_OFFSET,0.820791012702882,0,60,0.8,0.6811128374769797,0.5332465865538121
PPL,545928,2026-03-14 15:30:00+00:00,Vitória SC,FC Famalicão,AWAY_SCORES,RAW,0.5825829709601877,1,60,0.6,0.6821894170960511,0.0
PPL,545928,2026-03-14 15:30:00+00:00,Vitória SC,FC Famalicão,AWAY_SCORES,ROLLING_BIAS,0.5209409081381494,1,60,0.6,0.6821894170960511,-0.061642062822038324
PPL,545928,2026-03-14 15:30:00+00:00,Vitória SC,FC Famalicão,AWAY_SCORES,LOGIT_OFFSET,0.511325247034866,1,60,0.6,0.6821894170960511,-0.2880770853389891
PPL,545927,2026-03-14 18:00:00+00:00,Gil Vicente FC,FC Alverca,1X,RAW,0.8334992084423657,1,60,0.7833333333333333,0.6801890224706375,0.0
PPL,545927,2026-03-14 18:00:00+00:00,Gil Vicente FC,FC Alverca,1X,ROLLING_BIAS,0.9108574415893875,1,60,0.7833333333333333,0.6801890224706375,0.07735823314702184
PPL,545927,2026-03-14 18:00:00+00:00,Gil Vicente FC,FC Alverca,1X,LOGIT_OFFSET,0.8871648243289748,1,60,0.7833333333333333,0.6801890224706375,0.4514699667802276
PPL,545927,2026-03-14 18:00:00+00:00,Gil Vicente FC,FC Alverca,AWAY_SCORES,RAW,0.5846853212183794,1,60,0.6,0.6821887554404439,0.0
PPL,545927,2026-03-14 18:00:00+00:00,Gil Vicente FC,FC Alverca,AWAY_SCORES,ROLLING_BIAS,0.5230437546380464,1,60,0.6,0.6821887554404439,-0.06164156658033293
PPL,545927,2026-03-14 18:00:00+00:00,Gil Vicente FC,FC Alverca,AWAY_SCORES,LOGIT_OFFSET,0.5134873511731912,1,60,0.6,0.6821887554404439,-0.2880747994792076
PPL,545932,2026-03-14 20:30:00+00:00,FC Arouca,Sport Lisboa e Benfica,1X,RAW,0.2933962688455561,0,60,0.7833333333333333,0.683994675065667,0.0
PPL,545932,2026-03-14 20:30:00+00:00,FC Arouca,Sport Lisboa e Benfica,1X,ROLLING_BIAS,0.3679002625463058,0,60,0.7833333333333333,0.683994675065667,0.07450399370074973
PPL,545932,2026-03-14 20:30:00+00:00,FC Arouca,Sport Lisboa e Benfica,1X,LOGIT_OFFSET,0.39145931035427545,0,60,0.7833333333333333,0.683994675065667,0.4377636650562716
PPL,545932,2026-03-14 20:30:00+00:00,FC Arouca,Sport Lisboa e Benfica,AWAY_SCORES,RAW,0.8957073337354671,1,60,0.6166666666666667,0.6781221659622741,0.0
PPL,545932,2026-03-14 20:30:00+00:00,FC Arouca,Sport Lisboa e Benfica,AWAY_SCORES,ROLLING_BIAS,0.8496157092637615,1,60,0.6166666666666667,0.6781221659622741,-0.04609162447170556
PPL,545932,2026-03-14 20:30:00+00:00,FC Arouca,Sport Lisboa e Benfica,AWAY_SCORES,LOGIT_OFFSET,0.8737081010732891,1,60,0.6166666666666667,0.6781221659622741,-0.21626222386426047
PPL,545925,2026-03-15 15:30:00+00:00,CD Nacional,GD Estoril Praia,1X,RAW,0.670409348933922,0,60,0.7666666666666667,0.6746950033407731,0.0
PPL,545925,2026-03-15 15:30:00+00:00,CD Nacional,GD Estoril Praia,1X,ROLLING_BIAS,0.7393880964283421,0,60,0.7666666666666667,0.6746950033407731,0.06897874749442012
PPL,545925,2026-03-15 15:30:00+00:00,CD Nacional,GD Estoril Praia,1X,LOGIT_OFFSET,0.7514463539772469,0,60,0.7666666666666667,0.6746950033407731,0.3963040585511097
PPL,545925,2026-03-15 15:30:00+00:00,CD Nacional,GD Estoril Praia,AWAY_SCORES,RAW,0.7850103447281123,1,60,0.6333333333333333,0.6827710464375664,0.0
PPL,545925,2026-03-15 15:30:00+00:00,CD Nacional,GD Estoril Praia,AWAY_SCORES,ROLLING_BIAS,0.7479320598999375,1,60,0.6333333333333333,0.6827710464375664,-0.03707828482817477
PPL,545925,2026-03-15 15:30:00+00:00,CD Nacional,GD Estoril Praia,AWAY_SCORES,LOGIT_OFFSET,0.7536318523199748,1,60,0.6333333333333333,0.6827710464375664,-0.17702994701372957
PPL,545931,2026-03-15 15:30:00+00:00,AVS,CD Santa Clara,1X,RAW,0.6092284803652981,0,60,0.75,0.6719449675235513,0.0
PPL,545931,2026-03-15 15:30:00+00:00,AVS,CD Santa Clara,1X,ROLLING_BIAS,0.6677697547226347,0,60,0.75,0.6719449675235513,0.05854127435733658
PPL,545931,2026-03-15 15:30:00+00:00,AVS,CD Santa Clara,1X,LOGIT_OFFSET,0.6840368318358324,0,60,0.75,0.6719449675235513,0.3283157835978557
PPL,545931,2026-03-15 15:30:00+00:00,AVS,CD Santa Clara,AWAY_SCORES,RAW,0.7146084269004673,1,60,0.65,0.6869752522937334,0.0
PPL,545931,2026-03-15 15:30:00+00:00,AVS,CD Santa Clara,AWAY_SCORES,ROLLING_BIAS,0.6868769876801674,1,60,0.65,0.6869752522937334,-0.02773143922029997
PPL,545931,2026-03-15 15:30:00+00:00,AVS,CD Santa Clara,AWAY_SCORES,LOGIT_OFFSET,0.6864739139506769,1,60,0.65,0.6869752522937334,-0.13418689984502283
PPL,545926,2026-03-15 18:00:00+00:00,Rio Ave FC,CF Estrela da Amadora,1X,RAW,0.61006654850467,1,60,0.7333333333333333,0.6689844017357504,0.0
PPL,545926,2026-03-15 18:00:00+00:00,Rio Ave FC,CF Estrela da Amadora,1X,ROLLING_BIAS,0.6583282472028572,1,60,0.7333333333333333,0.6689844017357504,0.048261698698187194
PPL,545926,2026-03-15 18:00:00+00:00,Rio Ave FC,CF Estrela da Amadora,1X,LOGIT_OFFSET,0.6709571839605173,1,60,0.7333333333333333,0.6689844017357504,0.2649254836473799
PPL,545926,2026-03-15 18:00:00+00:00,Rio Ave FC,CF Estrela da Amadora,AWAY_SCORES,RAW,0.7459853437806949,1,60,0.6666666666666666,0.688200189977035,0.0
PPL,545926,2026-03-15 18:00:00+00:00,Rio Ave FC,CF Estrela da Amadora,AWAY_SCORES,ROLLING_BIAS,0.7298352012979186,1,60,0.6666666666666666,0.688200189977035,-0.016150142482776353
PPL,545926,2026-03-15 18:00:00+00:00,Rio Ave FC,CF Estrela da Amadora,AWAY_SCORES,LOGIT_OFFSET,0.7306986688857608,1,60,0.6666666666666666,0.688200189977035,-0.07914377217425904
PPL,545929,2026-03-15 20:30:00+00:00,FC Porto,Moreirense FC,1X,RAW,0.8074091084041419,1,60,0.7333333333333333,0.6659798192611048,0.0
PPL,545929,2026-03-15 20:30:00+00:00,FC Porto,Moreirense FC,1X,ROLLING_BIAS,0.8579242439583132,1,60,0.7333333333333333,0.6659798192611048,0.05051513555417131
PPL,545929,2026-03-15 20:30:00+00:00,FC Porto,Moreirense FC,1X,LOGIT_OFFSET,0.8467408108568385,1,60,0.7333333333333333,0.6659798192611048,0.2760018215053428
PPL,545929,2026-03-15 20:30:00+00:00,FC Porto,Moreirense FC,AWAY_SCORES,RAW,0.5425147870031133,0,60,0.6833333333333333,0.6921979285526223,0.0
PPL,545929,2026-03-15 20:30:00+00:00,FC Porto,Moreirense FC,AWAY_SCORES,ROLLING_BIAS,0.5358663405886466,0,60,0.6833333333333333,0.6921979285526223,-0.006648446414466713
PPL,545929,2026-03-15 20:30:00+00:00,FC Porto,Moreirense FC,AWAY_SCORES,LOGIT_OFFSET,0.5343010351367705,0,60,0.6833333333333333,0.6921979285526223,-0.033050790216341414
PPL,545935,2026-03-20 20:15:00+00:00,CF Estrela da Amadora,Casa Pia AC,1X,RAW,0.7564719571599452,1,60,0.7333333333333333,0.6687165109106428,0.0
PPL,545935,2026-03-20 20:15:00+00:00,CF Estrela da Amadora,Casa Pia AC,1X,ROLLING_BIAS,0.8049345739769631,1,60,0.7333333333333333,0.6687165109106428,0.04846261681701791
PPL,545935,2026-03-20 20:15:00+00:00,CF Estrela da Amadora,Casa Pia AC,1X,LOGIT_OFFSET,0.8021073095217884,1,60,0.7333333333333333,0.6687165109106428,0.2660841230215452
PPL,545935,2026-03-20 20:15:00+00:00,CF Estrela da Amadora,Casa Pia AC,AWAY_SCORES,RAW,0.6321342346152365,0,60,0.6833333333333333,0.689059874483933,0.0
PPL,545935,2026-03-20 20:15:00+00:00,CF Estrela da Amadora,Casa Pia AC,AWAY_SCORES,ROLLING_BIAS,0.6278393287522868,0,60,0.6833333333333333,0.689059874483933,-0.004294905862949783
PPL,545935,2026-03-20 20:15:00+00:00,CF Estrela da Amadora,Casa Pia AC,AWAY_SCORES,LOGIT_OFFSET,0.6271635295035557,0,60,0.6833333333333333,0.689059874483933,-0.02131625186711416
PPL,545936,2026-03-21 15:30:00+00:00,Moreirense FC,FC Arouca,1X,RAW,0.6653737141666113,0,60,0.75,0.671234922230908,0.0
PPL,545936,2026-03-21 15:30:00+00:00,Moreirense FC,FC Arouca,1X,ROLLING_BIAS,0.7244475224934304,0,60,0.75,0.671234922230908,0.05907380832681908
PPL,545936,2026-03-21 15:30:00+00:00,Moreirense FC,FC Arouca,1X,LOGIT_OFFSET,0.7346495511284791,0,60,0.75,0.671234922230908,0.33100766887463307
PPL,545936,2026-03-21 15:30:00+00:00,Moreirense FC,FC Arouca,AWAY_SCORES,RAW,0.7642128752851778,1,60,0.6666666666666666,0.687594835265511,0.0
PPL,545936,2026-03-21 15:30:00+00:00,Moreirense FC,FC Arouca,AWAY_SCORES,ROLLING_BIAS,0.7485167488360445,1,60,0.6666666666666666,0.687594835265511,-0.01569612644913332
PPL,545936,2026-03-21 15:30:00+00:00,Moreirense FC,FC Arouca,AWAY_SCORES,LOGIT_OFFSET,0.750090928322887,1,60,0.6666666666666666,0.687594835265511,-0.07681970034736291
PPL,545939,2026-03-21 15:30:00+00:00,FC Famalicão,CD Nacional,1X,RAW,0.8408824617669232,1,60,0.75,0.6705682236260555,0.0
PPL,545939,2026-03-21 15:30:00+00:00,FC Famalicão,CD Nacional,1X,ROLLING_BIAS,0.9004562940473815,1,60,0.75,0.6705682236260555,0.059573832280458316
PPL,545939,2026-03-21 15:30:00+00:00,FC Famalicão,CD Nacional,1X,LOGIT_OFFSET,0.8806174922941603,1,60,0.75,0.6705682236260555,0.33348194176055235
PPL,545939,2026-03-21 15:30:00+00:00,FC Famalicão,CD Nacional,AWAY_SCORES,RAW,0.5131847543806887,0,60,0.6666666666666666,0.6880192360531862,0.0
PPL,545939,2026-03-21 15:30:00+00:00,FC Famalicão,CD Nacional,AWAY_SCORES,ROLLING_BIAS,0.497170327340799,0,60,0.6666666666666666,0.6880192360531862,-0.016014427039889645
PPL,545939,2026-03-21 15:30:00+00:00,FC Famalicão,CD Nacional,AWAY_SCORES,LOGIT_OFFSET,0.49357994683012185,0,60,0.6666666666666666,0.6880192360531862,-0.07843287077174646
PPL,545940,2026-03-21 18:00:00+00:00,CD Santa Clara,Gil Vicente FC,1X,RAW,0.6198292040064832,1,60,0.75,0.6735705586569554,0.0
PPL,545940,2026-03-21 18:00:00+00:00,CD Santa Clara,Gil Vicente FC,1X,ROLLING_BIAS,0.6771512850137666,1,60,0.75,0.6735705586569554,0.05732208100728342
PPL,545940,2026-03-21 18:00:00+00:00,CD Santa Clara,Gil Vicente FC,1X,LOGIT_OFFSET,0.6924638022337458,1,60,0.75,0.6735705586569554,0.3228398211247273
PPL,545940,2026-03-21 18:00:00+00:00,CD Santa Clara,Gil Vicente FC,AWAY_SCORES,RAW,0.7289389527456105,0,60,0.65,0.6844758148608353,0.0
PPL,545940,2026-03-21 18:00:00+00:00,CD Santa Clara,Gil Vicente FC,AWAY_SCORES,ROLLING_BIAS,0.703082091599984,0,60,0.65,0.6844758148608353,-0.025856861145626464
PPL,545940,2026-03-21 18:00:00+00:00,CD Santa Clara,Gil Vicente FC,AWAY_SCORES,LOGIT_OFFSET,0.703537112492367,0,60,0.65,0.6844758148608353,-0.12504733803649098
PPL,545942,2026-03-21 18:00:00+00:00,Sport Lisboa e Benfica,Vitória SC,1X,RAW,0.8688808363696193,1,60,0.75,0.6723181112791417,0.0
PPL,545942,2026-03-21 18:00:00+00:00,Sport Lisboa e Benfica,Vitória SC,1X,ROLLING_BIAS,0.9271422529102631,1,60,0.75,0.6723181112791417,0.05826141654064376
PPL,545942,2026-03-21 18:00:00+00:00,Sport Lisboa e Benfica,Vitória SC,1X,LOGIT_OFFSET,0.901918977438013,1,60,0.75,0.6723181112791417,0.32763135984510744
PPL,545942,2026-03-21 18:00:00+00:00,Sport Lisboa e Benfica,Vitória SC,AWAY_SCORES,RAW,0.5776105169257807,0,60,0.65,0.6871066212527188,0.0
PPL,545942,2026-03-21 18:00:00+00:00,Sport Lisboa e Benfica,Vitória SC,AWAY_SCORES,ROLLING_BIAS,0.5497805509862416,0,60,0.65,0.6871066212527188,-0.027829965939539125
PPL,545942,2026-03-21 18:00:00+00:00,Sport Lisboa e Benfica,Vitória SC,AWAY_SCORES,LOGIT_OFFSET,0.5444247399679687,0,60,0.65,0.6871066212527188,-0.1348031752674337
PPL,545934,2026-03-21 20:30:00+00:00,CD Tondela,AVS,1X,RAW,0.8015484049031659,1,60,0.75,0.6717099746913465,0.0
PPL,545934,2026-03-21 20:30:00+00:00,CD Tondela,AVS,1X,ROLLING_BIAS,0.8602659238846561,1,60,0.75,0.6717099746913465,0.058717518981490135
PPL,545934,2026-03-21 20:30:00+00:00,CD Tondela,AVS,1X,LOGIT_OFFSET,0.8488453344887693,1,60,0.75,0.6717099746913465,0.3295732623119402
PPL,545934,2026-03-21 20:30:00+00:00,CD Tondela,AVS,AWAY_SCORES,RAW,0.5676006018019896,0,60,0.6333333333333333,0.6887173135313911,0.0
PPL,545934,2026-03-21 20:30:00+00:00,CD Tondela,AVS,AWAY_SCORES,ROLLING_BIAS,0.5260626166534462,0,60,0.6333333333333333,0.6887173135313911,-0.041537985148543344
PPL,545934,2026-03-21 20:30:00+00:00,CD Tondela,AVS,AWAY_SCORES,LOGIT_OFFSET,0.5182876505503489,0,60,0.6333333333333333,0.6887173135313911,-0.1988850640043587
PPL,545937,2026-03-22 15:30:00+00:00,GD Estoril Praia,Rio Ave FC,1X,RAW,0.8050980762712038,0,60,0.75,0.679916653269946,0.0
PPL,545937,2026-03-22 15:30:00+00:00,GD Estoril Praia,Rio Ave FC,1X,ROLLING_BIAS,0.8576605863187443,0,60,0.75,0.679916653269946,0.052562510047540534
PPL,545937,2026-03-22 15:30:00+00:00,GD Estoril Praia,Rio Ave FC,1X,LOGIT_OFFSET,0.8472973016009846,0,60,0.75,0.679916653269946,0.29509112811103344
PPL,545937,2026-03-22 15:30:00+00:00,GD Estoril Praia,Rio Ave FC,AWAY_SCORES,RAW,0.6469342590613368,1,60,0.6333333333333333,0.6839443779112462,0.0
PPL,545937,2026-03-22 15:30:00+00:00,GD Estoril Praia,Rio Ave FC,AWAY_SCORES,ROLLING_BIAS,0.6089759756279022,1,60,0.6333333333333333,0.6839443779112462,-0.03795828343343466
PPL,545937,2026-03-22 15:30:00+00:00,GD Estoril Praia,Rio Ave FC,AWAY_SCORES,LOGIT_OFFSET,0.604652293679057,1,60,0.6333333333333333,0.6839443779112462,-0.18070248115598697
PPL,545938,2026-03-22 18:00:00+00:00,FC Alverca,Sporting Clube de Portugal,1X,RAW,0.4424842360302266,0,60,0.75,0.6876513373713559,0.0
PPL,545938,2026-03-22 18:00:00+00:00,FC Alverca,Sporting Clube de Portugal,1X,ROLLING_BIAS,0.4892457330017097,0,60,0.75,0.6876513373713559,0.04676149697148313
PPL,545938,2026-03-22 18:00:00+00:00,FC Alverca,Sporting Clube de Portugal,1X,LOGIT_OFFSET,0.507941696193921,0,60,0.75,0.6876513373713559,0.2628553966682698
PPL,545938,2026-03-22 18:00:00+00:00,FC Alverca,Sporting Clube de Portugal,AWAY_SCORES,RAW,0.7945395291631864,1,60,0.6333333333333333,0.6800981018119333,0.0
PPL,545938,2026-03-22 18:00:00+00:00,FC Alverca,Sporting Clube de Portugal,AWAY_SCORES,ROLLING_BIAS,0.7594659528042363,1,60,0.6333333333333333,0.6800981018119333,-0.03507357635895003
PPL,545938,2026-03-22 18:00:00+00:00,FC Alverca,Sporting Clube de Portugal,AWAY_SCORES,LOGIT_OFFSET,0.7661444444745819,1,60,0.6333333333333333,0.6800981018119333,-0.16584199774654368
PPL,545941,2026-03-22 20:30:00+00:00,Sporting Clube de Braga,FC Porto,1X,RAW,0.5882717210910242,0,60,0.7333333333333333,0.6912128432283973,0.0
PPL,545941,2026-03-22 20:30:00+00:00,Sporting Clube de Braga,FC Porto,1X,ROLLING_BIAS,0.6198620886697263,0,60,0.7333333333333333,0.6912128432283973,0.03159036757870204
PPL,545941,2026-03-22 20:30:00+00:00,Sporting Clube de Braga,FC Porto,1X,LOGIT_OFFSET,0.6294066444292703,0,60,0.7333333333333333,0.6912128432283973,0.17284681919816308
PPL,545941,2026-03-22 20:30:00+00:00,Sporting Clube de Braga,FC Porto,AWAY_SCORES,RAW,0.7402937597665595,1,60,0.6333333333333333,0.6782458784125133,0.0
PPL,545941,2026-03-22 20:30:00+00:00,Sporting Clube de Braga,FC Porto,AWAY_SCORES,ROLLING_BIAS,0.7066093509571746,1,60,0.6333333333333333,0.6782458784125133,-0.03368440880938495
PPL,545941,2026-03-22 20:30:00+00:00,Sporting Clube de Braga,FC Porto,AWAY_SCORES,LOGIT_OFFSET,0.7086883395271457,1,60,0.6333333333333333,0.6782458784125133,-0.15847377297648535
PPL,545943,2026-04-03 14:30:00+00:00,Gil Vicente FC,AVS,1X,RAW,0.914902520235426,1,60,0.7166666666666667,0.6898771032751295,0.0
PPL,545943,2026-04-03 14:30:00+00:00,Gil Vicente FC,AVS,1X,ROLLING_BIAS,0.9349946927790789,1,60,0.7166666666666667,0.6898771032751295,0.02009217254365292
PPL,545943,2026-04-03 14:30:00+00:00,Gil Vicente FC,AVS,1X,LOGIT_OFFSET,0.9229498010415643,1,60,0.7166666666666667,0.6898771032751295,0.10809759813982284
PPL,545943,2026-04-03 14:30:00+00:00,Gil Vicente FC,AVS,AWAY_SCORES,RAW,0.4723556723867519,0,60,0.65,0.6787929806982171,0.0
PPL,545943,2026-04-03 14:30:00+00:00,Gil Vicente FC,AVS,AWAY_SCORES,ROLLING_BIAS,0.45076093686308905,0,60,0.65,0.6787929806982171,-0.021594735523662867
PPL,545943,2026-04-03 14:30:00+00:00,Gil Vicente FC,AVS,AWAY_SCORES,LOGIT_OFFSET,0.44684284108955774,0,60,0.65,0.6787929806982171,-0.10274501784207059
PPL,545951,2026-04-03 17:00:00+00:00,Vitória SC,CD Tondela,1X,RAW,0.6752555251174317,1,60,0.7333333333333333,0.6945834769960872,0.0
PPL,545951,2026-04-03 17:00:00+00:00,Vitória SC,CD Tondela,1X,ROLLING_BIAS,0.7043179173703662,1,60,0.7333333333333333,0.6945834769960872,0.0290623922529345
PPL,545951,2026-04-03 17:00:00+00:00,Vitória SC,CD Tondela,1X,LOGIT_OFFSET,0.7094077328997798,1,60,0.7333333333333333,0.6945834769960872,0.16045676922362262
PPL,545951,2026-04-03 17:00:00+00:00,Vitória SC,CD Tondela,AWAY_SCORES,RAW,0.6848393861386595,0,60,0.6333333333333333,0.6750353708266817,0.0
PPL,545951,2026-04-03 17:00:00+00:00,Vitória SC,CD Tondela,AWAY_SCORES,ROLLING_BIAS,0.6535628580186481,0,60,0.6333333333333333,0.6750353708266817,-0.03127652812001136
PPL,545951,2026-04-03 17:00:00+00:00,Vitória SC,CD Tondela,AWAY_SCORES,LOGIT_OFFSET,0.65222480153759,0,60,0.6333333333333333,0.6750353708266817,-0.1472689432998211
PPL,545947,2026-04-03 19:30:00+00:00,Sporting Clube de Portugal,CD Santa Clara,1X,RAW,0.9224400610861916,1,60,0.7333333333333333,0.6913676194847901,0.0
PPL,545947,2026-04-03 19:30:00+00:00,Sporting Clube de Portugal,CD Santa Clara,1X,ROLLING_BIAS,0.953914346472599,1,60,0.7333333333333333,0.6913676194847901,0.0314742853864074
PPL,545947,2026-04-03 19:30:00+00:00,Sporting Clube de Portugal,CD Santa Clara,1X,LOGIT_OFFSET,0.9339226508594407,1,60,0.7333333333333333,0.6913676194847901,0.17259625078095114
PPL,545947,2026-04-03 19:30:00+00:00,Sporting Clube de Portugal,CD Santa Clara,AWAY_SCORES,RAW,0.4031548653266436,1,60,0.6166666666666667,0.6764867403975352,0.0
PPL,545947,2026-04-03 19:30:00+00:00,Sporting Clube de Portugal,CD Santa Clara,AWAY_SCORES,ROLLING_BIAS,0.3582898100284922,1,60,0.6166666666666667,0.6764867403975352,-0.04486505529815138
PPL,545947,2026-04-03 19:30:00+00:00,Sporting Clube de Portugal,CD Santa Clara,AWAY_SCORES,LOGIT_OFFSET,0.3539445866340585,1,60,0.6166666666666667,0.6764867403975352,-0.20940800886248312
PPL,545944,2026-04-04 14:30:00+00:00,CD Nacional,CF Estrela da Amadora,1X,RAW,0.7407627941409151,1,60,0.7333333333333333,0.6962220479873477,0.0
PPL,545944,2026-04-04 14:30:00+00:00,CD Nacional,CF Estrela da Amadora,1X,ROLLING_BIAS,0.7685962581504042,1,60,0.7333333333333333,0.6962220479873477,0.02783346400948916
PPL,545944,2026-04-04 14:30:00+00:00,CD Nacional,CF Estrela da Amadora,1X,LOGIT_OFFSET,0.769266115731004,1,60,0.7333333333333333,0.6962220479873477,0.15423497074091475
PPL,545944,2026-04-04 14:30:00+00:00,CD Nacional,CF Estrela da Amadora,AWAY_SCORES,RAW,0.7186314508596696,0,60,0.6166666666666667,0.6712451760520229,0.0
PPL,545944,2026-04-04 14:30:00+00:00,CD Nacional,CF Estrela da Amadora,AWAY_SCORES,ROLLING_BIAS,0.6776975688206525,0,60,0.6166666666666667,0.6712451760520229,-0.040933882039017155
PPL,545944,2026-04-04 14:30:00+00:00,CD Nacional,CF Estrela da Amadora,AWAY_SCORES,LOGIT_OFFSET,0.6783857943542524,0,60,0.6166666666666667,0.6712451760520229,-0.1913198315906405
PPL,545948,2026-04-04 17:00:00+00:00,Moreirense FC,Sporting Clube de Braga,1X,RAW,0.3955823082911072,0,60,0.7333333333333333,0.6963492579331043,0.0
PPL,545948,2026-04-04 17:00:00+00:00,Moreirense FC,Sporting Clube de Braga,1X,ROLLING_BIAS,0.4233203648412789,0,60,0.7333333333333333,0.6963492579331043,0.027738056550171697
PPL,545948,2026-04-04 17:00:00+00:00,Moreirense FC,Sporting Clube de Braga,1X,LOGIT_OFFSET,0.43286653463093466,0,60,0.7333333333333333,0.6963492579331043,0.1537414056445331
PPL,545948,2026-04-04 17:00:00+00:00,Moreirense FC,Sporting Clube de Braga,AWAY_SCORES,RAW,0.8573409630443135,1,60,0.6166666666666667,0.6705902960829507,0.0
PPL,545948,2026-04-04 17:00:00+00:00,Moreirense FC,Sporting Clube de Braga,AWAY_SCORES,ROLLING_BIAS,0.8168982409821005,1,60,0.6166666666666667,0.6705902960829507,-0.040442722062213
PPL,545948,2026-04-04 17:00:00+00:00,Moreirense FC,Sporting Clube de Braga,AWAY_SCORES,LOGIT_OFFSET,0.8326519937848424,1,60,0.6166666666666667,0.6705902960829507,-0.18883800321802294
PPL,545945,2026-04-04 17:00:00+00:00,Rio Ave FC,FC Alverca,1X,RAW,0.6607832713752928,0,60,0.7166666666666667,0.6884193659088146,0.0
PPL,545945,2026-04-04 17:00:00+00:00,Rio Ave FC,FC Alverca,1X,ROLLING_BIAS,0.6819687469436819,0,60,0.7166666666666667,0.6884193659088146,0.021185475568389123
PPL,545945,2026-04-04 17:00:00+00:00,Rio Ave FC,FC Alverca,1X,LOGIT_OFFSET,0.686053830399027,0,60,0.7166666666666667,0.6884193659088146,0.11494787220695332
PPL,545945,2026-04-04 17:00:00+00:00,Rio Ave FC,FC Alverca,AWAY_SCORES,RAW,0.7150963782520923,1,60,0.6333333333333333,0.6748224453716947,0.0
PPL,545945,2026-04-04 17:00:00+00:00,Rio Ave FC,FC Alverca,AWAY_SCORES,ROLLING_BIAS,0.6839795442233212,1,60,0.6333333333333333,0.6748224453716947,-0.03111683402877108
PPL,545945,2026-04-04 17:00:00+00:00,Rio Ave FC,FC Alverca,AWAY_SCORES,LOGIT_OFFSET,0.6841049573706343,1,60,0.6333333333333333,0.6748224453716947,-0.14756503713516753
PPL,545946,2026-04-04 19:30:00+00:00,FC Porto,FC Famalicão,1X,RAW,0.8653179219471452,1,60,0.7,0.6845078312827678,0.0
PPL,545946,2026-04-04 19:30:00+00:00,FC Porto,FC Famalicão,1X,ROLLING_BIAS,0.8769370484850693,1,60,0.7,0.6845078312827678,0.011619126537924074
PPL,545946,2026-04-04 19:30:00+00:00,FC Porto,FC Famalicão,1X,LOGIT_OFFSET,0.8723388730292098,1,60,0.7,0.6845078312827678,0.06161870108196696
PPL,545946,2026-04-04 19:30:00+00:00,FC Porto,FC Famalicão,AWAY_SCORES,RAW,0.4216648066832938,1,60,0.6333333333333333,0.6772987252282707,0.0
PPL,545946,2026-04-04 19:30:00+00:00,FC Porto,FC Famalicão,AWAY_SCORES,ROLLING_BIAS,0.38869076276209075,1,60,0.6333333333333333,0.6772987252282707,-0.03297404392120307
PPL,545946,2026-04-04 19:30:00+00:00,FC Porto,FC Famalicão,AWAY_SCORES,LOGIT_OFFSET,0.38402082615237654,1,60,0.6333333333333333,0.6772987252282707,-0.15657345002294565
PPL,545950,2026-04-06 17:45:00+00:00,FC Arouca,GD Estoril Praia,1X,RAW,0.511164333128092,1,60,0.7,0.6838397472239544,0.0
PPL,545950,2026-04-06 17:45:00+00:00,FC Arouca,GD Estoril Praia,1X,ROLLING_BIAS,0.5232845227101262,1,60,0.7,0.6838397472239544,0.012120189582034202
PPL,545950,2026-04-06 17:45:00+00:00,FC Arouca,GD Estoril Praia,1X,LOGIT_OFFSET,0.5271738056022229,1,60,0.7,0.6838397472239544,0.0641376724851482
PPL,545950,2026-04-06 17:45:00+00:00,FC Arouca,GD Estoril Praia,AWAY_SCORES,RAW,0.8564079914954992,1,60,0.6333333333333333,0.6753262373098786,0.0
PPL,545950,2026-04-06 17:45:00+00:00,FC Arouca,GD Estoril Praia,AWAY_SCORES,ROLLING_BIAS,0.8249133135130902,1,60,0.6333333333333333,0.6753262373098786,-0.031494677982409014
PPL,545950,2026-04-06 17:45:00+00:00,FC Arouca,GD Estoril Praia,AWAY_SCORES,LOGIT_OFFSET,0.8369797975444065,1,60,0.6333333333333333,0.6753262373098786,-0.14984508530689172
PPL,545949,2026-04-06 19:45:00+00:00,Casa Pia AC,Sport Lisboa e Benfica,1X,RAW,0.3621933952288765,1,60,0.7,0.6804058675715225,0.0
PPL,545949,2026-04-06 19:45:00+00:00,Casa Pia AC,Sport Lisboa e Benfica,1X,ROLLING_BIAS,0.37688899455023456,1,60,0.7,0.6804058675715225,0.014695599321358055
PPL,545949,2026-04-06 19:45:00+00:00,Casa Pia AC,Sport Lisboa e Benfica,1X,LOGIT_OFFSET,0.38031175740109635,1,60,0.7,0.6804058675715225,0.07763161346129734
PPL,545949,2026-04-06 19:45:00+00:00,Casa Pia AC,Sport Lisboa e Benfica,AWAY_SCORES,RAW,0.8810087041814473,1,60,0.6333333333333333,0.679406266831073,0.0
PPL,545949,2026-04-06 19:45:00+00:00,Casa Pia AC,Sport Lisboa e Benfica,AWAY_SCORES,ROLLING_BIAS,0.8464540040581425,1,60,0.6333333333333333,0.679406266831073,-0.03455470012330475
PPL,545949,2026-04-06 19:45:00+00:00,Casa Pia AC,Sport Lisboa e Benfica,AWAY_SCORES,LOGIT_OFFSET,0.8625475455729122,1,60,0.6333333333333333,0.679406266831073,-0.16540495835702232
PPL,545958,2026-04-10 19:45:00+00:00,FC Famalicão,Moreirense FC,1X,RAW,0.7987638818140161,1,60,0.7166666666666667,0.6798493359389652,0.0
PPL,545958,2026-04-10 19:45:00+00:00,FC Famalicão,Moreirense FC,1X,ROLLING_BIAS,0.8263768798597922,1,60,0.7166666666666667,0.6798493359389652,0.027612998045776105
PPL,545958,2026-04-10 19:45:00+00:00,FC Famalicão,Moreirense FC,1X,LOGIT_OFFSET,0.8215230180774505,1,60,0.7166666666666667,0.6798493359389652,0.14811386756406053
PPL,545958,2026-04-10 19:45:00+00:00,FC Famalicão,Moreirense FC,AWAY_SCORES,RAW,0.5732925762721309,1,60,0.6333333333333333,0.6808658904911782,0.0
PPL,545958,2026-04-10 19:45:00+00:00,FC Famalicão,Moreirense FC,AWAY_SCORES,ROLLING_BIAS,0.5376431584037473,1,60,0.6333333333333333,0.6808658904911782,-0.035649417868383604
PPL,545958,2026-04-10 19:45:00+00:00,FC Famalicão,Moreirense FC,AWAY_SCORES,LOGIT_OFFSET,0.5309598641894191,1,60,0.6333333333333333,0.6808658904911782,-0.17129951182095277
PPL,545954,2026-04-11 14:30:00+00:00,AVS,Vitória SC,1X,RAW,0.6797417466325675,1,60,0.7166666666666667,0.6825262287194905,0.0
PPL,545954,2026-04-11 14:30:00+00:00,AVS,Vitória SC,1X,ROLLING_BIAS,0.7053470750929496,1,60,0.7166666666666667,0.6825262287194905,0.025605328460382104
PPL,545954,2026-04-11 14:30:00+00:00,AVS,Vitória SC,1X,LOGIT_OFFSET,0.7089988838204466,1,60,0.7166666666666667,0.6825262287194905,0.13794161981093894
PPL,545954,2026-04-11 14:30:00+00:00,AVS,Vitória SC,AWAY_SCORES,RAW,0.6645750620524506,1,60,0.6333333333333333,0.6789129884913164,0.0
PPL,545954,2026-04-11 14:30:00+00:00,AVS,Vitória SC,AWAY_SCORES,ROLLING_BIAS,0.6303903206839633,1,60,0.6333333333333333,0.6789129884913164,-0.03418474136848737
PPL,545954,2026-04-11 14:30:00+00:00,AVS,Vitória SC,AWAY_SCORES,LOGIT_OFFSET,0.6270591445008532,1,60,0.6333333333333333,0.6789129884913164,-0.1641286096871505
PPL,545959,2026-04-11 17:00:00+00:00,CD Santa Clara,Rio Ave FC,1X,RAW,0.7292530999220117,0,60,0.7166666666666667,0.6833150725149344,0.0
PPL,545959,2026-04-11 17:00:00+00:00,CD Santa Clara,Rio Ave FC,1X,ROLLING_BIAS,0.7542667955358109,0,60,0.7166666666666667,0.6833150725149344,0.02501369561379918
PPL,545959,2026-04-11 17:00:00+00:00,CD Santa Clara,Rio Ave FC,1X,LOGIT_OFFSET,0.7550439528634175,0,60,0.7166666666666667,0.6833150725149344,0.13486074511166485
PPL,545959,2026-04-11 17:00:00+00:00,CD Santa Clara,Rio Ave FC,AWAY_SCORES,RAW,0.6212837359719243,1,60,0.6333333333333333,0.6765867598385583,0.0
PPL,545959,2026-04-11 17:00:00+00:00,CD Santa Clara,Rio Ave FC,AWAY_SCORES,ROLLING_BIAS,0.5888436660930055,1,60,0.6333333333333333,0.6765867598385583,-0.03244006987891879
PPL,545959,2026-04-11 17:00:00+00:00,CD Santa Clara,Rio Ave FC,AWAY_SCORES,LOGIT_OFFSET,0.5841391722991739,1,60,0.6333333333333333,0.6765867598385583,-0.1552119906509834
PPL,545956,2026-04-11 19:30:00+00:00,CF Estrela da Amadora,Sporting Clube de Portugal,1X,RAW,0.3769542792700427,0,60,0.7,0.6832129051127275,0.0
PPL,545956,2026-04-11 19:30:00+00:00,CF Estrela da Amadora,Sporting Clube de Portugal,1X,ROLLING_BIAS,0.3895446004354971,0,60,0.7,0.6832129051127275,0.012590321165454388
PPL,545956,2026-04-11 19:30:00+00:00,CF Estrela da Amadora,Sporting Clube de Portugal,1X,LOGIT_OFFSET,0.39279203640980503,0,60,0.7,0.6832129051127275,0.06690496026290221
PPL,545956,2026-04-11 19:30:00+00:00,CF Estrela da Amadora,Sporting Clube de Portugal,AWAY_SCORES,RAW,0.8943278645624263,1,60,0.6333333333333333,0.6756207613691461,0.0
PPL,545956,2026-04-11 19:30:00+00:00,CF Estrela da Amadora,Sporting Clube de Portugal,AWAY_SCORES,ROLLING_BIAS,0.8626122935355667,1,60,0.6333333333333333,0.6756207613691461,-0.031715571026859624
PPL,545956,2026-04-11 19:30:00+00:00,CF Estrela da Amadora,Sporting Clube de Portugal,AWAY_SCORES,LOGIT_OFFSET,0.87911508594356,1,60,0.6333333333333333,0.6756207613691461,-0.15165436013876354
PPL,545957,2026-04-12 14:30:00+00:00,FC Alverca,Casa Pia AC,1X,RAW,0.7505163779879394,1,60,0.6833333333333333,0.6786370802252174,0.0
PPL,545957,2026-04-12 14:30:00+00:00,FC Alverca,Casa Pia AC,1X,ROLLING_BIAS,0.7540385678190263,1,60,0.6833333333333333,0.6786370802252174,0.003522189831086986
PPL,545957,2026-04-12 14:30:00+00:00,FC Alverca,Casa Pia AC,1X,LOGIT_OFFSET,0.7539684136114975,1,60,0.6833333333333333,0.6786370802252174,0.01852234392005999
PPL,545957,2026-04-12 14:30:00+00:00,FC Alverca,Casa Pia AC,AWAY_SCORES,RAW,0.5834567188456641,1,60,0.6333333333333333,0.6785714190124454,0.0
PPL,545957,2026-04-12 14:30:00+00:00,FC Alverca,Casa Pia AC,AWAY_SCORES,ROLLING_BIAS,0.54952815458633,1,60,0.6333333333333333,0.6785714190124454,-0.033928564259334104
PPL,545957,2026-04-12 14:30:00+00:00,FC Alverca,Casa Pia AC,AWAY_SCORES,LOGIT_OFFSET,0.5433020532441013,1,60,0.6333333333333333,0.6785714190124454,-0.1633366929538764
PPL,545952,2026-04-12 17:00:00+00:00,Sporting Clube de Braga,FC Arouca,1X,RAW,0.8068619997343058,1,60,0.7,0.6850973287838754,0.0
PPL,545952,2026-04-12 17:00:00+00:00,Sporting Clube de Braga,FC Arouca,1X,ROLLING_BIAS,0.8180390031463992,1,60,0.7,0.6850973287838754,0.011177003412093378
PPL,545952,2026-04-12 17:00:00+00:00,Sporting Clube de Braga,FC Arouca,1X,LOGIT_OFFSET,0.8159656111623335,1,60,0.7,0.6850973287838754,0.05950188596730589
PPL,545952,2026-04-12 17:00:00+00:00,Sporting Clube de Braga,FC Arouca,AWAY_SCORES,RAW,0.6778452738218661,0,60,0.6333333333333333,0.6738596022674327,0.0
PPL,545952,2026-04-12 17:00:00+00:00,Sporting Clube de Braga,FC Arouca,AWAY_SCORES,ROLLING_BIAS,0.6474505721212915,0,60,0.6333333333333333,0.6738596022674327,-0.030394701700574567
PPL,545952,2026-04-12 17:00:00+00:00,Sporting Clube de Braga,FC Arouca,AWAY_SCORES,LOGIT_OFFSET,0.6453228527603153,0,60,0.6333333333333333,0.6738596022674327,-0.14534429878518448
PPL,545960,2026-04-12 17:00:00+00:00,Sport Lisboa e Benfica,CD Nacional,1X,RAW,0.894233213138978,1,60,0.7,0.6928994001957208,0.0
PPL,545960,2026-04-12 17:00:00+00:00,Sport Lisboa e Benfica,CD Nacional,1X,ROLLING_BIAS,0.8995586629921873,1,60,0.7,0.6928994001957208,0.005325449853209374
PPL,545960,2026-04-12 17:00:00+00:00,Sport Lisboa e Benfica,CD Nacional,1X,LOGIT_OFFSET,0.8968848764750484,1,60,0.7,0.6928994001957208,0.02835138316383322
PPL,545960,2026-04-12 17:00:00+00:00,Sport Lisboa e Benfica,CD Nacional,AWAY_SCORES,RAW,0.5095984885676061,0,60,0.6333333333333333,0.6698539953592989,0.0
PPL,545960,2026-04-12 17:00:00+00:00,Sport Lisboa e Benfica,CD Nacional,AWAY_SCORES,ROLLING_BIAS,0.4822079920481319,0,60,0.6333333333333333,0.6698539953592989,-0.027390496519474228
PPL,545960,2026-04-12 17:00:00+00:00,Sport Lisboa e Benfica,CD Nacional,AWAY_SCORES,LOGIT_OFFSET,0.47715897172556204,0,60,0.6333333333333333,0.6698539953592989,-0.12982641887954677
PPL,545955,2026-04-12 19:30:00+00:00,GD Estoril Praia,FC Porto,1X,RAW,0.5231973491603927,0,60,0.7,0.6926633612214131,0.0
PPL,545955,2026-04-12 19:30:00+00:00,GD Estoril Praia,FC Porto,1X,ROLLING_BIAS,0.5286998282443328,0,60,0.7,0.6926633612214131,0.005502479083940082
PPL,545955,2026-04-12 19:30:00+00:00,GD Estoril Praia,FC Porto,1X,LOGIT_OFFSET,0.530493698947383,0,60,0.7,0.6926633612214131,0.02927030292144925
PPL,545955,2026-04-12 19:30:00+00:00,GD Estoril Praia,FC Porto,AWAY_SCORES,RAW,0.8165059101876104,1,60,0.6333333333333333,0.6709062410454153,0.0
PPL,545955,2026-04-12 19:30:00+00:00,GD Estoril Praia,FC Porto,AWAY_SCORES,ROLLING_BIAS,0.7883262294035489,1,60,0.6333333333333333,0.6709062410454153,-0.028179680784061523
PPL,545955,2026-04-12 19:30:00+00:00,GD Estoril Praia,FC Porto,AWAY_SCORES,LOGIT_OFFSET,0.7956659252820237,1,60,0.6333333333333333,0.6709062410454153,-0.13342856163591454
