competition,match_id,kickoff,home,away,model,home_scale,away_scale,rho,shared_fraction,lambda_home,lambda_away,p_home_win,p_draw,p_away_win,p_1x,p_x2,p_away_scores,home_goals,away_goals,y_home_win,y_draw,y_away_win,y_home_or_draw,y_away_or_draw,y_away_scores
BSA,554844,2026-04-12 21:00:00+00:00,Fluminense FC,CR Flamengo,V1_RAW,0.984190051053604,0.8659644517702472,,,1.6915578972097611,1.1048842339977722,0.5108460598036684,0.2408391391599554,0.2483148010363769,0.7516851989636237,0.4891539401963323,0.6687507725787962,1,2,0,0,1,0,1,1
BSA,554844,2026-04-12 21:00:00+00:00,Fluminense FC,CR Flamengo,V2_DYNAMIC,0.984190051053604,0.8659644517702472,,,1.6648144532150018,0.9567904699634703,0.5400170217975322,0.24359920399735568,0.21638377420511243,0.7836162257948879,0.45998297820246814,0.6158762311198047,1,2,0,0,1,0,1,1
BSA,554844,2026-04-12 21:00:00+00:00,Fluminense FC,CR Flamengo,V2_DYNAMIC_DC,0.984190051053604,0.8659644517702472,-0.15,,1.6648144532150018,0.9567904699634703,0.5226499724579688,0.2783333026763466,0.1990167248656849,0.8009832751343154,0.4773500275420315,0.6158762311199659,1,2,0,0,1,0,1,1
BSA,554844,2026-04-12 21:00:00+00:00,Fluminense FC,CR Flamengo,V2_DYNAMIC_BP,0.984190051053604,0.8659644517702472,,0.0,1.6648144532150018,0.9567904699634703,0.5400170217975322,0.24359920399735566,0.21638377420511243,0.7836162257948879,0.4599829782024681,0.6158762311198047,1,2,0,0,1,0,1,1
BSA,554843,2026-04-12 21:30:00+00:00,Cruzeiro EC,RB Bragantino,V1_RAW,0.9771267832799663,0.8811325744988858,,,1.3468776363636368,0.921705272727273,0.4659118836624281,0.2777025837043122,0.2563855326332599,0.7436144673667403,0.5340881163375721,0.6021599634590384,2,1,1,0,0,1,0,1
BSA,554843,2026-04-12 21:30:00+00:00,Cruzeiro EC,RB Bragantino,V2_DYNAMIC,0.9771267832799663,0.8811325744988858,,,1.3160702122917245,0.8121445398873798,0.48476753998514993,0.28461529249400197,0.2306171675208484,0.7693828324791518,0.5152324600148503,0.5560949268760227,2,1,1,0,0,1,0,1
BSA,554843,2026-04-12 21:30:00+00:00,Cruzeiro EC,RB Bragantino,V2_DYNAMIC_DC,0.9771267832799663,0.8811325744988858,-0.16,,1.3160702122917245,0.8121445398873798,0.4644083490418214,0.3253336743797986,0.21025797657837972,0.7897420234216199,0.5355916509581783,0.5560949268772293,2,1,1,0,0,1,0,1
BSA,554843,2026-04-12 21:30:00+00:00,Cruzeiro EC,RB Bragantino,V2_DYNAMIC_BP,0.9771267832799663,0.8811325744988858,,0.0,1.3160702122917245,0.8121445398873798,0.48476753998514993,0.284615292494002,0.23061716752084843,0.769382832479152,0.5152324600148505,0.5560949268760226,2,1,1,0,0,1,0,1
BSA,554842,2026-04-12 21:30:00+00:00,SC Corinthians Paulista,SE Palmeiras,V1_RAW,0.9842881803211817,0.883668896610265,,,1.0478179090909092,1.4584805454545455,0.2715729156900907,0.2627605702389337,0.4656665140709752,0.5343334859290245,0.728427084309909,0.767410584584316,0,0,0,1,0,1,1,0
BSA,554842,2026-04-12 21:30:00+00:00,SC Corinthians Paulista,SE Palmeiras,V2_DYNAMIC,0.9842881803211817,0.883668896610265,,,1.0313547830470364,1.2888138943293557,0.29721436667941137,0.279235578719134,0.42355005460145484,0.5764499453985454,0.7027856333205889,0.7244024882622325,0,0,0,1,0,1,1,0
BSA,554842,2026-04-12 21:30:00+00:00,SC Corinthians Paulista,SE Palmeiras,V2_DYNAMIC_DC,0.9842881803211817,0.883668896610265,-0.15,,1.0313547830470364,1.2888138943293557,0.2776235219528346,0.31841726817240096,0.40395920987476414,0.5960407901252356,0.7223764780471651,0.7244024882624737,0,0,0,1,0,1,1,0
BSA,554842,2026-04-12 21:30:00+00:00,SC Corinthians Paulista,SE Palmeiras,V2_DYNAMIC_BP,0.9842881803211817,0.883668896610265,,0.0,1.0313547830470364,1.2888138943293557,0.2972143666794113,0.27923557871913396,0.4235500546014548,0.5764499453985452,0.7027856333205887,0.7244024882622326,0,0,0,1,0,1,1,0
BSA,554851,2026-04-18 21:30:00+00:00,Chapecoense AF,Botafogo FR,V1_RAW,0.9735110421142756,0.8658046983509127,,,1.8427075763352023,1.7598195403481358,0.4072299860264895,0.2190855197691303,0.3736844942043807,0.6263155057956199,0.5927700139735111,0.8279240862191709,1,4,0,0,1,0,1,1
BSA,554851,2026-04-18 21:30:00+00:00,Chapecoense AF,Botafogo FR,V2_DYNAMIC,0.9735110421142756,0.8658046983509127,,,1.7938961729499538,1.5236600262831594,0.44290553067781135,0.22747184855144142,0.32962262077074733,0.6703773792292528,0.5570944693221888,0.7820870013892013,1,4,0,0,1,0,1,1
BSA,554851,2026-04-18 21:30:00+00:00,Chapecoense AF,Botafogo FR,V2_DYNAMIC_DC,0.9735110421142756,0.8658046983509127,-0.19,,1.7938961729499538,1.5236600262831594,0.42408446456633,0.26511398077440407,0.31080155465926596,0.689198445340734,0.57591553543367,0.7820870013892014,1,4,0,0,1,0,1,1
BSA,554851,2026-04-18 21:30:00+00:00,Chapecoense AF,Botafogo FR,V2_DYNAMIC_BP,0.9735110421142756,0.8658046983509127,,0.0,1.7938961729499538,1.5236600262831594,0.44290553067781124,0.22747184855144137,0.32962262077074733,0.6703773792292527,0.5570944693221886,0.7820870013892014,1,4,0,0,1,0,1,1
BSA,554858,2026-04-18 21:30:00+00:00,CR Vasco da Gama,São Paulo FC,V1_RAW,0.9654505504507356,0.9001743881771552,,,1.2864452325152749,1.0575739068268155,0.416854465511395,0.2781812876711933,0.3049642468174113,0.6950357531825884,0.5831455344886046,0.6527026351616445,2,1,1,0,0,1,0,1
BSA,554858,2026-04-18 21:30:00+00:00,CR Vasco da Gama,São Paulo FC,V2_DYNAMIC,0.9654505504507356,0.9001743881771552,,,1.2419992578565966,0.9520009445299524,0.4289177515643205,0.28774509130421255,0.2833371571314671,0.7166628428685331,0.5710822484356797,0.6140320478258399,2,1,1,0,0,1,0,1
BSA,554858,2026-04-18 21:30:00+00:00,CR Vasco da Gama,São Paulo FC,V2_DYNAMIC_DC,0.9654505504507356,0.9001743881771552,-0.19,,1.2419992578565966,0.9520009445299524,0.4038756844004869,0.3378292256314603,0.2582950899680527,0.7417049100319472,0.5961243155995131,0.6140320478266565,2,1,1,0,0,1,0,1
BSA,554858,2026-04-18 21:30:00+00:00,CR Vasco da Gama,São Paulo FC,V2_DYNAMIC_BP,0.9654505504507356,0.9001743881771552,,0.0,1.2419992578565966,0.9520009445299524,0.4289177515643204,0.2877450913042125,0.28333715713146707,0.7166628428685329,0.5710822484356796,0.6140320478258399,2,1,1,0,0,1,0,1
BSA,554859,2026-04-18 23:00:00+00:00,EC Vitória,SC Corinthians Paulista,V1_RAW,0.9730542023811602,0.9007701165352088,,,1.292156621317029,0.6683409283431319,0.5159293531891267,0.2912832368118245,0.192787409999049,0.8072125900009512,0.4840706468108735,0.4874417563821197,0,0,0,1,0,1,1,0
BSA,554859,2026-04-18 23:00:00+00:00,EC Vitória,SC Corinthians Paulista,V2_DYNAMIC,0.9730542023811602,0.9007701165352088,,,1.2573384305071766,0.6020215359088925,0.5239936975768011,0.2979645614867684,0.17804174093643022,0.8219582590635696,0.47600630242319864,0.4522966856721812,0,0,0,1,0,1,1,0
BSA,554859,2026-04-18 23:00:00+00:00,EC Vitória,SC Corinthians Paulista,V2_DYNAMIC_DC,0.9730542023811602,0.9007701165352088,-0.19,,1.2573384305071766,0.6020215359088925,0.5015905990976393,0.342770758441582,0.15563864246077888,0.8443613575392213,0.49840940090236086,0.45229668567585435,0,0,0,1,0,1,1,0
BSA,554859,2026-04-18 23:00:00+00:00,EC Vitória,SC Corinthians Paulista,V2_DYNAMIC_BP,0.9730542023811602,0.9007701165352088,,0.0,1.2573384305071766,0.6020215359088925,0.5239936975768011,0.2979645614867684,0.17804174093643022,0.8219582590635696,0.47600630242319864,0.4522966856721812,0,0,0,1,0,1,1,0
BSA,554853,2026-04-18 23:30:00+00:00,Cruzeiro EC,Grêmio FBPA,V1_RAW,0.9605016910651188,0.8924323578217732,,,1.5547598460026943,0.8998361927547867,0.5267654043042393,0.2552416205864508,0.2179929751093099,0.7820070248906901,0.4732345956957607,0.5933637357484496,2,0,1,0,0,1,0,0
BSA,554853,2026-04-18 23:30:00+00:00,Cruzeiro EC,Grêmio FBPA,V2_DYNAMIC,0.9605016910651188,0.8924323578217732,,,1.4933494612857316,0.8030429351535219,0.5356286990521208,0.26266510247515895,0.2017061984727204,0.7982938015272798,0.4643713009478794,0.5520362361387515,2,0,1,0,0,1,0,0
BSA,554853,2026-04-18 23:30:00+00:00,Cruzeiro EC,Grêmio FBPA,V2_DYNAMIC_DC,0.9605016910651188,0.8924323578217732,-0.2,,1.4933494612857316,0.8030429351535219,0.5114952221554535,0.3109320562675372,0.17757272157700926,0.8224272784229907,0.4885047778445465,0.5520362361396712,2,0,1,0,0,1,0,0
BSA,554853,2026-04-18 23:30:00+00:00,Cruzeiro EC,Grêmio FBPA,V2_DYNAMIC_BP,0.9605016910651188,0.8924323578217732,,0.0,1.4933494612857316,0.8030429351535219,0.5356286990521208,0.2626651024751589,0.2017061984727204,0.7982938015272798,0.46437130094787926,0.5520362361387515,2,0,1,0,0,1,0,0
BSA,554855,2026-04-19 14:00:00+00:00,SC Internacional,Mirassol FC,V1_RAW,0.9654766764644234,0.8816491637001084,,,1.203074496034089,0.9453779238714942,0.4192036299673889,0.2922059560328648,0.2885904139997458,0.7114095860002538,0.5807963700326106,0.6114672926330871,1,2,0,0,1,0,1,1
BSA,554855,2026-04-19 14:00:00+00:00,SC Internacional,Mirassol FC,V2_DYNAMIC,0.9654766764644234,0.8816491637001084,,,1.1615403659701031,0.8334916559618476,0.4339475489988228,0.3031983403075065,0.26285411069367104,0.7371458893063293,0.5660524510011775,0.5654705920918004,1,2,0,0,1,0,1,1
BSA,554855,2026-04-19 14:00:00+00:00,SC Internacional,Mirassol FC,V2_DYNAMIC_DC,0.9654766764644234,0.8816491637001084,-0.2,,1.1615403659701031,0.8334916559618476,0.40761249694582175,0.3558684444123976,0.23651905864178083,0.7634809413582193,0.5923875030541784,0.5654705920933647,1,2,0,0,1,0,1,1
BSA,554855,2026-04-19 14:00:00+00:00,SC Internacional,Mirassol FC,V2_DYNAMIC_BP,0.9654766764644234,0.8816491637001084,,0.0,1.1615403659701031,0.8334916559618476,0.4339475489988228,0.3031983403075065,0.26285411069367104,0.7371458893063293,0.5660524510011775,0.5654705920918005,1,2,0,0,1,0,1,1
BSA,554852,2026-04-19 19:00:00+00:00,Coritiba FBC,CA Mineiro,V1_RAW,0.9638642017662414,0.8968161097513541,,,0.9674286408305448,0.8541656812846604,0.3679224678028645,0.3257298961167471,0.3063476360803895,0.6936523639196115,0.6320775321971366,0.5743618391337104,2,0,1,0,0,1,0,0
BSA,554852,2026-04-19 19:00:00+00:00,Coritiba FBC,CA Mineiro,V2_DYNAMIC,0.9638642017662414,0.8968161097513541,,,0.9324698346599329,0.7660295433728241,0.3770139642795502,0.3389192405713583,0.28406679514909183,0.7159332048509085,0.6229860357204502,0.5351449036494218,2,0,1,0,0,1,0,0
BSA,554852,2026-04-19 19:00:00+00:00,Coritiba FBC,CA Mineiro,V2_DYNAMIC_DC,0.9638642017662414,0.8968161097513541,-0.2,,0.9324698346599329,0.7660295433728241,0.350876623433181,0.3911939222629211,0.2579294543038975,0.7420705456961021,0.6491233765668186,0.5351449036527511,2,0,1,0,0,1,0,0
BSA,554852,2026-04-19 19:00:00+00:00,Coritiba FBC,CA Mineiro,V2_DYNAMIC_BP,0.9638642017662414,0.8968161097513541,,0.0,0.9324698346599329,0.7660295433728241,0.3770139642795502,0.3389192405713583,0.2840667951490918,0.7159332048509085,0.6229860357204501,0.5351449036494218,2,0,1,0,0,1,0,0
BSA,554857,2026-04-19 19:00:00+00:00,Santos FC,Fluminense FC,V1_RAW,0.9740740302305614,0.8867298780177884,,,1.3775721954923008,1.081478181947667,0.4362950961875885,0.2690028475714384,0.294702056240973,0.705297943759027,0.5637049038124116,0.6609060875014925,2,3,0,0,1,0,1,1
BSA,554857,2026-04-19 19:00:00+00:00,Santos FC,Fluminense FC,V2_DYNAMIC,0.9740740302305614,0.8867298780177884,,,1.3418573003967482,0.9589790163573544,0.45543798734127355,0.2769828785245556,0.2675791341341705,0.7324208658658291,0.5445620126587261,0.6167159844964515,2,3,0,0,1,0,1,1
BSA,554857,2026-04-19 19:00:00+00:00,Santos FC,Fluminense FC,V2_DYNAMIC_DC,0.9740740302305614,0.8867298780177884,-0.2,,1.3418573003967482,0.9589790163573544,0.4296566761332122,0.3285455009401697,0.2417978229266182,0.7582021770733819,0.5703433238667879,0.6167159844969158,2,3,0,0,1,0,1,1
BSA,554857,2026-04-19 19:00:00+00:00,Santos FC,Fluminense FC,V2_DYNAMIC_BP,0.9740740302305614,0.8867298780177884,,0.0,1.3418573003967482,0.9589790163573544,0.45543798734127366,0.27698287852455566,0.26757913413417056,0.7324208658658293,0.5445620126587263,0.6167159844964514,2,3,0,0,1,0,1,1
BSA,554850,2026-04-19 21:30:00+00:00,RB Bragantino,Clube do Remo,V1_RAW,0.9803239260885449,0.9128309174158253,,,1.6108495653693224,0.7660312079294128,0.5753244450523696,0.2479796577030744,0.1766958972445561,0.823304102755444,0.4246755549476306,0.5351456777344794,4,2,1,0,0,1,0,1
BSA,554850,2026-04-19 21:30:00+00:00,RB Bragantino,Clube do Remo,V2_DYNAMIC,0.9803239260885449,0.9128309174158253,,,1.5791543702608803,0.6992569703033588,0.5851792118884168,0.25090971926936634,0.16391106884221643,0.8360889311577832,0.41482078811158274,0.5030455813379722,4,2,1,0,0,1,0,1
BSA,554850,2026-04-19 21:30:00+00:00,RB Bragantino,Clube do Remo,V2_DYNAMIC_DC,0.9803239260885449,0.9128309174158253,-0.2,,1.5791543702608803,0.6992569703033588,0.5625541223560909,0.29615989833243217,0.14128597931147618,0.8587140206885231,0.43744587764390835,0.5030455813393585,4,2,1,0,0,1,0,1
BSA,554850,2026-04-19 21:30:00+00:00,RB Bragantino,Clube do Remo,V2_DYNAMIC_BP,0.9803239260885449,0.9128309174158253,,0.0,1.5791543702608803,0.6992569703033588,0.5851792118884169,0.2509097192693664,0.16391106884221643,0.8360889311577833,0.41482078811158285,0.5030455813379722,4,2,1,0,0,1,0,1
BSA,554856,2026-04-19 21:30:00+00:00,SE Palmeiras,CA Paranaense,V1_RAW,1.0030098089044401,0.9291933514677885,,,2.040323273520982,0.9163205989747882,0.6341946052747526,0.2052625829479963,0.1605428117772513,0.839457188222749,0.3658053947252477,0.6000119466618463,1,0,1,0,0,1,0,0
BSA,554856,2026-04-19 21:30:00+00:00,SE Palmeiras,CA Paranaense,V2_DYNAMIC,1.0030098089044401,0.9291933514677885,,,2.046464256677562,0.8514390083803549,0.6512022661237982,0.20211788436660177,0.1466798495096002,0.8533201504904,0.34879773387620194,0.5731996785616817,1,0,1,0,0,1,0,0
BSA,554856,2026-04-19 21:30:00+00:00,SE Palmeiras,CA Paranaense,V2_DYNAMIC_DC,1.0030098089044401,0.9291933514677885,-0.2,,2.046464256677562,0.8514390083803549,0.6319868957070789,0.24054862520003994,0.12746447909288103,0.8725355209071188,0.368013104292921,0.5731996785616817,1,0,1,0,0,1,0,0
BSA,554856,2026-04-19 21:30:00+00:00,SE Palmeiras,CA Paranaense,V2_DYNAMIC_BP,1.0030098089044401,0.9291933514677885,,0.0,2.046464256677562,0.8514390083803549,0.6512022661237981,0.20211788436660177,0.14667984950960014,0.8533201504903998,0.34879773387620194,0.5731996785616817,1,0,1,0,0,1,0,0
BSA,554854,2026-04-19 22:30:00+00:00,CR Flamengo,EC Bahia,V1_RAW,0.9934031286053606,0.9184316733032829,,,1.6758098469753786,0.9745207079246352,0.5383293014148555,0.2425405054845842,0.2191301931005604,0.7808698068994397,0.4616706985851446,0.6226268177994874,2,0,1,0,0,1,0,0
BSA,554854,2026-04-19 22:30:00+00:00,CR Flamengo,EC Bahia,V2_DYNAMIC,0.9934031286053606,0.9184316733032829,,,1.6647547449330118,0.8950306844479226,0.5553892649819053,0.24325435884530486,0.20135637617278992,0.7986436238272102,0.4446107350180948,0.5914049377315482,2,0,1,0,0,1,0,0
BSA,554854,2026-04-19 22:30:00+00:00,CR Flamengo,EC Bahia,V2_DYNAMIC_DC,0.9934031286053606,0.9184316733032829,-0.18,,1.6647547449330118,0.8950306844479226,0.5346515617564245,0.28472976529602445,0.18061867294755107,0.8193813270524489,0.4653484382435755,0.5914049377318273,2,0,1,0,0,1,0,0
BSA,554854,2026-04-19 22:30:00+00:00,CR Flamengo,EC Bahia,V2_DYNAMIC_BP,0.9934031286053606,0.9184316733032829,,0.0,1.6647547449330118,0.8950306844479226,0.5553892649819053,0.24325435884530486,0.20135637617278992,0.7986436238272102,0.4446107350180948,0.5914049377315482,2,0,1,0,0,1,0,0
BSA,554862,2026-04-25 21:30:00+00:00,EC Bahia,Santos FC,V1_RAW,0.9964342933135911,0.9072674715612011,,,1.852256217404044,1.0178866696277995,0.5690910128674214,0.2258517799060962,0.2050572072264828,0.7949427927735175,0.4309089871325791,0.6386421977819499,2,2,0,1,0,1,1,1
BSA,554862,2026-04-25 21:30:00+00:00,EC Bahia,Santos FC,V2_DYNAMIC,0.9964342933135911,0.9072674715612011,,,1.845651615024704,0.9234954650890653,0.59059850824622,0.2247723084223625,0.1846291833314178,0.8153708166685825,0.4094014917537803,0.6028715347547421,2,2,0,1,0,1,1,1
BSA,554862,2026-04-25 21:30:00+00:00,EC Bahia,Santos FC,V2_DYNAMIC_DC,0.9964342933135911,0.9072674715612011,-0.18,,1.845651615024704,0.9234954650890653,0.5713572521698008,0.2632548205751947,0.16538792725500462,0.8346120727449955,0.42864274783019934,0.6028715347547478,2,2,0,1,0,1,1,1
BSA,554862,2026-04-25 21:30:00+00:00,EC Bahia,Santos FC,V2_DYNAMIC_BP,0.9964342933135911,0.9072674715612011,,0.0,1.845651615024704,0.9234954650890653,0.5905985082462196,0.2247723084223625,0.18462918333141778,0.8153708166685821,0.40940149175378027,0.6028715347547422,2,2,0,1,0,1,1,1
BSA,554863,2026-04-25 21:30:00+00:00,Botafogo FR,SC Internacional,V1_RAW,0.9978076646646061,0.9204373484171471,,,1.4469415976100608,1.2990046606833898,0.4063749436363657,0.2548650985419066,0.3387599578217278,0.6612400421782724,0.5936250563636345,0.7271968103138813,2,2,0,1,0,1,1,1
BSA,554863,2026-04-25 21:30:00+00:00,Botafogo FR,SC Internacional,V2_DYNAMIC,0.9978076646646061,0.9204373484171471,,,1.4437694164173691,1.1956524054609352,0.4279794194100498,0.2592379882793531,0.312782592310597,0.6872174076894029,0.5720205805899501,0.697493448962608,2,2,0,1,0,1,1,1
BSA,554863,2026-04-25 21:30:00+00:00,Botafogo FR,SC Internacional,V2_DYNAMIC_DC,0.9978076646646061,0.9204373484171471,-0.18,,1.4437694164173691,1.1956524054609352,0.40579290164212256,0.30361102381520727,0.29059607454266995,0.7094039254573299,0.5942070983578772,0.697493448962608,2,2,0,1,0,1,1,1
BSA,554863,2026-04-25 21:30:00+00:00,Botafogo FR,SC Internacional,V2_DYNAMIC_BP,0.9978076646646061,0.9204373484171471,,0.0,1.4437694164173691,1.1956524054609352,0.4279794194100497,0.2592379882793531,0.312782592310597,0.6872174076894029,0.5720205805899501,0.6974934489626081,2,2,0,1,0,1,1,1
BSA,554868,2026-04-25 21:30:00+00:00,Clube do Remo,Cruzeiro EC,V1_RAW,1.0026808661443993,0.9302102503150513,,,2.0978807505671218,1.1012983463836374,0.6023600961744563,0.2056859966377406,0.1919539071878036,0.808046092812197,0.3976399038255442,0.6675608178300922,0,1,0,0,1,0,1,1
BSA,554868,2026-04-25 21:30:00+00:00,Clube do Remo,Cruzeiro EC,V2_DYNAMIC,1.0026808661443993,0.9302102503150513,,,2.103504888046304,1.0244390104610754,0.6213813891564075,0.20303650391781267,0.1755821069257798,0.8244178930742202,0.3786186108435925,0.6410021924605698,0,1,0,0,1,0,1,1
BSA,554868,2026-04-25 21:30:00+00:00,Clube do Remo,Cruzeiro EC,V2_DYNAMIC_DC,1.0026808661443993,0.9302102503150513,-0.18,,2.103504888046304,1.0244390104610754,0.6043888181222591,0.23702164598610923,0.15858953589163147,0.8414104641083683,0.3956111818777407,0.6410021924605699,0,1,0,0,1,0,1,1
BSA,554868,2026-04-25 21:30:00+00:00,Clube do Remo,Cruzeiro EC,V2_DYNAMIC_BP,1.0026808661443993,0.9302102503150513,,0.0,2.103504888046304,1.0244390104610754,0.6213813891564075,0.2030365039178126,0.17558210692577975,0.8244178930742201,0.3786186108435924,0.6410021924605699,0,1,0,0,1,0,1,1
BSA,554869,2026-04-26 00:00:00+00:00,São Paulo FC,Mirassol FC,V1_RAW,0.9846097297771202,0.9299181177286687,,,1.778425044191295,0.9075358190794744,0.579226075211255,0.2313608588294245,0.1894130659593203,0.8105869340406795,0.4207739247887448,0.5964826603477033,1,0,1,0,0,1,0,0
BSA,554869,2026-04-26 00:00:00+00:00,São Paulo FC,Mirassol FC,V2_DYNAMIC,0.9846097297771202,0.9299181177286687,,,1.7510546021900542,0.8439340006497306,0.5888784511747283,0.23305979616456574,0.1780617526607061,0.821938247339294,0.41112154882527185,0.5699844890026626,1,0,1,0,0,1,0,0
BSA,554869,2026-04-26 00:00:00+00:00,São Paulo FC,Mirassol FC,V2_DYNAMIC_DC,0.9846097297771202,0.9299181177286687,-0.1,,1.7510546021900542,0.8439340006497306,0.5778473214960602,0.25512205552160705,0.16703062298233298,0.8329693770176673,0.42215267850394,0.5699844890029716,1,0,1,0,0,1,0,0
BSA,554869,2026-04-26 00:00:00+00:00,São Paulo FC,Mirassol FC,V2_DYNAMIC_BP,0.9846097297771202,0.9299181177286687,,0.0,1.7510546021900542,0.8439340006497306,0.5888784511747283,0.2330597961645657,0.1780617526607061,0.821938247339294,0.4111215488252718,0.5699844890026626,1,0,1,0,0,1,0,0
BSA,554867,2026-04-26 19:00:00+00:00,Grêmio FBPA,Coritiba FBC,V1_RAW,0.9782720773172496,0.919911892415157,,,1.5718201479038802,1.2990337726364911,0.4376849989406176,0.246621822042945,0.3156931790164369,0.6843068209835627,0.562315001059382,0.7272047520319453,1,0,1,0,0,1,0,0
BSA,554867,2026-04-26 19:00:00+00:00,Grêmio FBPA,Coritiba FBC,V2_DYNAMIC,0.9782720773172496,0.919911892415157,,,1.5376677612590355,1.1949966160972354,0.45213253247769253,0.2520707020581907,0.2957967654641168,0.7042032345358833,0.5478674675223075,0.6972950034204026,1,0,1,0,0,1,0,0
BSA,554867,2026-04-26 19:00:00+00:00,Grêmio FBPA,Coritiba FBC,V2_DYNAMIC_DC,0.9782720773172496,0.919911892415157,-0.08,,1.5376677612590355,1.1949966160972354,0.44257075920223315,0.27119424860910935,0.28623499218865744,0.7137650078113424,0.5574292407977668,0.6972950034204026,1,0,1,0,0,1,0,0
BSA,554867,2026-04-26 19:00:00+00:00,Grêmio FBPA,Coritiba FBC,V2_DYNAMIC_BP,0.9782720773172496,0.919911892415157,,0.025,1.5376677612590355,1.1949966160972354,0.45129751804888163,0.2552582005638033,0.2934442813873155,0.706555718612685,0.5487024819511188,0.6972949669525319,1,0,1,0,0,1,0,0
BSA,554865,2026-04-26 19:00:00+00:00,SC Corinthians Paulista,CR Vasco da Gama,V1_RAW,0.9737892776315489,0.9061110260990098,,,1.1588081178087275,1.1620235049223182,0.3581208050544361,0.2821760311637187,0.3597031637818451,0.6402968362181549,0.6418791949455639,0.6871475185842668,1,0,1,0,0,1,0,0
BSA,554865,2026-04-26 19:00:00+00:00,SC Corinthians Paulista,CR Vasco da Gama,V2_DYNAMIC,0.9737892776315489,0.9061110260990098,,,1.1284349199545356,1.0529223103963297,0.37280593140278295,0.29252773451103165,0.33466633408618557,0.6653336659138146,0.6271940685972173,0.6510833789576947,1,0,1,0,0,1,0,0
BSA,554865,2026-04-26 19:00:00+00:00,SC Corinthians Paulista,CR Vasco da Gama,V2_DYNAMIC_DC,0.9737892776315489,0.9061110260990098,-0.05,,1.1284349199545356,1.0529223103963297,0.3660995003611096,0.30594059659426837,0.3279599030446219,0.6720400969553779,0.6339004996388903,0.6510833789584171,1,0,1,0,0,1,0,0
BSA,554865,2026-04-26 19:00:00+00:00,SC Corinthians Paulista,CR Vasco da Gama,V2_DYNAMIC_BP,0.9737892776315489,0.9061110260990098,,0.05,1.1284349199545356,1.0529223103963297,0.36879628977679935,0.30134333074859343,0.3298603794746075,0.6701396205253928,0.6312037102232009,0.651083374482727,1,0,1,0,0,1,0,0
BSA,554860,2026-04-26 21:30:00+00:00,CA Paranaense,EC Vitória,V1_RAW,0.9726992688577266,0.8940811489916576,,,2.142055201898463,0.6978923673705888,0.7073226323081229,0.1843826823191277,0.1082946853727497,0.8917053146272506,0.2926773676918773,0.5023669730991698,3,1,1,0,0,1,0,1
BSA,554860,2026-04-26 21:30:00+00:00,CA Paranaense,EC Vitória,V2_DYNAMIC,0.9726992688577266,0.8940811489916576,,,2.083575528739525,0.623972409691204,0.7148343612286943,0.1860238512504519,0.09914178752085392,0.9008582124791462,0.28516563877130585,0.4641882592827541,3,1,1,0,0,1,0,1
BSA,554860,2026-04-26 21:30:00+00:00,CA Paranaense,EC Vitória,V2_DYNAMIC_DC,0.9726992688577266,0.8940811489916576,-0.03,,2.083575528739525,0.623972409691204,0.7122328361919635,0.19122690132226652,0.09654026248576988,0.90345973751423,0.2877671638080364,0.46418825928360863,3,1,1,0,0,1,0,1
BSA,554860,2026-04-26 21:30:00+00:00,CA Paranaense,EC Vitória,V2_DYNAMIC_BP,0.9726992688577266,0.8940811489916576,,0.05,2.083575528739525,0.623972409691204,0.7168920072128201,0.18747324415601452,0.09563474863116515,0.9043652513688346,0.2831079927871797,0.4641874256927936,3,1,1,0,0,1,0,1
BSA,554864,2026-04-26 21:30:00+00:00,RB Bragantino,SE Palmeiras,V1_RAW,0.9801794670250537,0.8981934066896846,,,1.3806166258394916,1.315242202599257,0.3859475087605745,0.2582495894185376,0.3558029018208882,0.6441970981791121,0.6140524912394258,0.7315906940656878,0,1,0,0,1,0,1,1
BSA,554864,2026-04-26 21:30:00+00:00,RB Bragantino,SE Palmeiras,V2_DYNAMIC,0.9801794670250537,0.8981934066896846,,,1.3532520684812808,1.1813418745746709,0.4073339204903603,0.2666785814682785,0.32598749804136096,0.6740125019586388,0.5926660795096395,0.6931332980527436,0,1,0,0,1,0,1,1
BSA,554864,2026-04-26 21:30:00+00:00,RB Bragantino,SE Palmeiras,V2_DYNAMIC_DC,0.9801794670250537,0.8981934066896846,-0.03,,1.3532520684812808,1.1813418745746709,0.4035310152769306,0.2742843918951101,0.32218459282795897,0.6778154071720407,0.5964689847230691,0.6931332980528491,0,1,0,0,1,0,1,1
BSA,554864,2026-04-26 21:30:00+00:00,RB Bragantino,SE Palmeiras,V2_DYNAMIC_BP,0.9801794670250537,0.8981934066896846,,0.05,1.3532520684812808,1.1813418745746709,0.40440193517986534,0.27423642237974166,0.321361642440393,0.678638357559607,0.5955980648201347,0.6931332759751443,0,1,0,0,1,0,1,1
BSA,554861,2026-04-26 23:30:00+00:00,CA Mineiro,CR Flamengo,V1_RAW,0.9715837029245897,0.9105424150411161,,,1.5376432131419835,1.3337611863597458,0.4217804652990463,0.2477286886182104,0.3304908460827431,0.6695091539172568,0.5782195347009537,0.7365156185941999,0,4,0,0,1,0,1,1
BSA,554861,2026-04-26 23:30:00+00:00,CA Mineiro,CR Flamengo,V2_DYNAMIC,0.9715837029245897,0.9105424150411161,,,1.4939490868013525,1.214446131716107,0.43670915263714116,0.25480600006683796,0.30848484729602105,0.6915151527039791,0.5632908473628591,0.7031255811194604,0,4,0,0,1,0,1,1
BSA,554861,2026-04-26 23:30:00+00:00,CA Mineiro,CR Flamengo,V2_DYNAMIC_DC,0.9715837029245897,0.9105424150411161,-0.03,,1.4939490868013525,1.214446131716107,0.43308176080769356,0.2620607837257332,0.3048574554665734,0.6951425445334267,0.5669182391923067,0.7031255811194604,0,4,0,0,1,0,1,1
BSA,554861,2026-04-26 23:30:00+00:00,CA Mineiro,CR Flamengo,V2_DYNAMIC_BP,0.9715837029245897,0.9105424150411161,,0.05,1.4939490868013525,1.214446131716107,0.43460368996306964,0.2616090592469003,0.3037872507900297,0.6962127492099699,0.56539631003693,0.7031255290392866,0,4,0,0,1,0,1,1
BSA,554866,2026-04-26 23:30:00+00:00,Fluminense FC,Chapecoense AF,V1_RAW,0.9721902088625334,0.9493966830074052,,,1.8813143723862016,0.690409120965911,0.6574974530245141,0.2129171734784654,0.1295853734970205,0.8704146265029796,0.342502546975486,0.4986290942486302,2,1,1,0,0,1,0,1
BSA,554866,2026-04-26 23:30:00+00:00,Fluminense FC,Chapecoense AF,V2_DYNAMIC,0.9721902088625334,0.9493966830074052,,,1.8289954126262271,0.6554721293630943,0.655385747596006,0.21757931568359123,0.12703493672040275,0.8729650632795972,0.344614252403994,0.4808031233102926,2,1,1,0,0,1,0,1
BSA,554866,2026-04-26 23:30:00+00:00,Fluminense FC,Chapecoense AF,V2_DYNAMIC_DC,0.9721902088625334,0.9493966830074052,-0.07,,1.8289954126262271,0.6554721293630943,0.648389326861185,0.23157215715171284,0.12003851598710163,0.8799614840128979,0.35161067313881444,0.4808031233114124,2,1,1,0,0,1,0,1
BSA,554866,2026-04-26 23:30:00+00:00,Fluminense FC,Chapecoense AF,V2_DYNAMIC_BP,0.9721902088625334,0.9493966830074052,,0.0,1.8289954126262271,0.6554721293630943,0.655385747596006,0.21757931568359123,0.12703493672040275,0.8729650632795972,0.344614252403994,0.4808031233102926,2,1,1,0,0,1,0,1
BSA,554871,2026-05-02 19:00:00+00:00,Botafogo FR,Clube do Remo,V1_RAW,0.9758554434593252,0.9404715349567554,,,2.286654226567606,1.1250546837564723,0.6343561567664342,0.1908094215821368,0.1748344216514283,0.8251655783485711,0.3656438432335652,0.675365285372716,1,2,0,0,1,0,1,1
BSA,554871,2026-05-02 19:00:00+00:00,Botafogo FR,Clube do Remo,V2_DYNAMIC,0.9758554434593252,0.9404715349567554,,,2.231443974305271,1.0580819053427366,0.638922728810234,0.1930593705253963,0.16801790066436983,0.8319820993356304,0.3610772711897661,0.6528790107468884,1,2,0,0,1,0,1,1
BSA,554871,2026-05-02 19:00:00+00:00,Botafogo FR,Clube do Remo,V2_DYNAMIC_DC,0.9758554434593252,0.9404715349567554,-0.07,,2.231443974305271,1.0580819053427366,0.6327625949367349,0.20537963827239417,0.16185776679087088,0.8381422332091291,0.3672374050632651,0.6528790107468884,1,2,0,0,1,0,1,1
BSA,554871,2026-05-02 19:00:00+00:00,Botafogo FR,Clube do Remo,V2_DYNAMIC_BP,0.9758554434593252,0.9404715349567554,,0.0,2.231443974305271,1.0580819053427366,0.6389227288102339,0.19305937052539626,0.16801790066436983,0.8319820993356302,0.36107727118976607,0.6528790107468884,1,2,0,0,1,0,1,1
BSA,554877,2026-05-02 21:30:00+00:00,SE Palmeiras,Santos FC,V1_RAW,0.951527353774743,0.9411036956948848,,,2.189335657270572,0.9520300617358608,0.6553346055848488,0.1926775344688306,0.1519878599463205,0.8480121400536794,0.3446653944151511,0.6140432883288757,1,1,0,1,0,1,1,1
BSA,554877,2026-05-02 21:30:00+00:00,SE Palmeiras,Santos FC,V2_DYNAMIC,0.951527353774743,0.9411036956948848,,,2.083212764487355,0.8959590095122479,0.6478013974830465,0.20033014651306474,0.1518684560038887,0.8481315439961112,0.35219860251695345,0.5917840707482931,1,1,0,1,0,1,1,1
BSA,554877,2026-05-02 21:30:00+00:00,SE Palmeiras,Santos FC,V2_DYNAMIC_DC,0.951527353774743,0.9411036956948848,-0.07,,2.083212764487355,0.8959590095122479,0.641159576144892,0.21361378918937396,0.14522663466573416,0.854773365334266,0.3588404238551081,0.5917840707482929,1,1,0,1,0,1,1,1
BSA,554877,2026-05-02 21:30:00+00:00,SE Palmeiras,Santos FC,V2_DYNAMIC_BP,0.951527353774743,0.9411036956948848,,0.0,2.083212764487355,0.8959590095122479,0.6478013974830465,0.20033014651306474,0.1518684560038887,0.8481315439961112,0.35219860251695345,0.5917840707482931,1,1,0,1,0,1,1,1
BSA,554879,2026-05-02 21:30:00+00:00,EC Vitória,Coritiba FBC,V1_RAW,0.9547321435396849,0.9570630495242152,,,1.2819980897041592,0.8511689824715092,0.4651055337433408,0.2875699570924591,0.2473245091642,0.7526754908358,0.5348944662566592,0.5730844166930138,4,1,1,0,0,1,0,1
BSA,554879,2026-05-02 21:30:00+00:00,EC Vitória,Coritiba FBC,V2_DYNAMIC,0.9547321435396849,0.9570630495242152,,,1.2239647841970331,0.8146223820246058,0.4573871112693704,0.2962239734622873,0.24638891526834222,0.7536110847316577,0.5426128887306295,0.5571934919566295,4,1,1,0,0,1,0,1
BSA,554879,2026-05-02 21:30:00+00:00,EC Vitória,Coritiba FBC,V2_DYNAMIC_DC,0.9547321435396849,0.9570630495242152,-0.05,,1.2239647841970331,0.8146223820246058,0.4508955652317537,0.30920706553637206,0.23989736923187446,0.7601026307681258,0.5491044347682466,0.5571934919580702,4,1,1,0,0,1,0,1
BSA,554879,2026-05-02 21:30:00+00:00,EC Vitória,Coritiba FBC,V2_DYNAMIC_BP,0.9547321435396849,0.9570630495242152,,0.0,1.2239647841970331,0.8146223820246058,0.4573871112693704,0.29622397346228735,0.2463889152683422,0.7536110847316577,0.5426128887306295,0.5571934919566295,4,1,1,0,0,1,0,1
BSA,554870,2026-05-02 23:30:00+00:00,CA Paranaense,Grêmio FBPA,V1_RAW,0.9815865506384476,0.9489673810095828,,,1.8137407667402017,0.658645101441048,0.6512125532850994,0.2196042322525569,0.1291832144623438,0.8708167855376563,0.3487874467149008,0.4824479097607302,0,0,0,1,0,1,1,0
BSA,554870,2026-05-02 23:30:00+00:00,CA Paranaense,Grêmio FBPA,V2_DYNAMIC,0.9815865506384476,0.9489673810095828,,,1.7803435429768477,0.6250327169293023,0.652788606293915,0.22227684202256992,0.12493455168351558,0.8750654483164849,0.3472113937060855,0.46475608326180307,0,0,0,1,0,1,1,0
BSA,554870,2026-05-02 23:30:00+00:00,CA Paranaense,Grêmio FBPA,V2_DYNAMIC_DC,0.9815865506384476,0.9489673810095828,-0.05,,1.7803435429768477,0.6250327169293023,0.6477682313150246,0.2323175919781352,0.11991417670684043,0.8800858232931598,0.35223176868497563,0.46475608326339946,0,0,0,1,0,1,1,0
BSA,554870,2026-05-02 23:30:00+00:00,CA Paranaense,Grêmio FBPA,V2_DYNAMIC_BP,0.9815865506384476,0.9489673810095828,,0.0,1.7803435429768477,0.6250327169293023,0.652788606293915,0.22227684202256995,0.12493455168351561,0.8750654483164849,0.34721139370608556,0.46475608326180295,0,0,0,1,0,1,1,0
BSA,554873,2026-05-03 00:00:00+00:00,Cruzeiro EC,CA Mineiro,V1_RAW,0.973255753002739,0.9510274020401923,,,1.5394038312987557,0.8494774519838482,0.5356094589735735,0.2570954724605964,0.2072950685658303,0.7927049314341699,0.4643905410264268,0.5723616648621467,1,3,0,0,1,0,1,1
BSA,554873,2026-05-03 00:00:00+00:00,Cruzeiro EC,CA Mineiro,V2_DYNAMIC,0.973255753002739,0.9510274020401923,,,1.498233635005972,0.8078763342519213,0.5356531489194296,0.26205651672799335,0.2022903343525776,0.797709665647423,0.46434685108057094,0.5541961995728403,1,3,0,0,1,0,1,1
BSA,554873,2026-05-03 00:00:00+00:00,Cruzeiro EC,CA Mineiro,V2_DYNAMIC_DC,0.973255753002739,0.9510274020401923,-0.09,,1.498233635005972,0.8078763342519213,0.5247979861129131,0.2837668423400759,0.19143517154701134,0.8085648284529889,0.4752020138870872,0.5541961995737212,1,3,0,0,1,0,1,1
BSA,554873,2026-05-03 00:00:00+00:00,Cruzeiro EC,CA Mineiro,V2_DYNAMIC_BP,0.973255753002739,0.9510274020401923,,0.0,1.498233635005972,0.8078763342519213,0.5356531489194297,0.26205651672799335,0.20229033435257762,0.7977096656474231,0.46434685108057094,0.5541961995728404,1,3,0,0,1,0,1,1
BSA,554874,2026-05-03 19:00:00+00:00,CR Flamengo,CR Vasco da Gama,V1_RAW,0.9825623383155503,0.9767454911439275,,,1.9368627112436672,0.7972248176899567,0.6419911302827908,0.2112916979100134,0.1467171718071953,0.8532828281928042,0.3580088697172088,0.5494223342041862,2,2,0,1,0,1,1,1
BSA,554874,2026-05-03 19:00:00+00:00,CR Flamengo,CR Vasco da Gama,V2_DYNAMIC,0.9825623383155503,0.9767454911439275,,,1.903088354555774,0.7786857461067048,0.6394885009894754,0.21423770562806613,0.14627379338245852,0.8537262066175415,0.36051149901052465,0.5409911303821546,2,2,0,1,0,1,1,1
BSA,554874,2026-05-03 19:00:00+00:00,CR Flamengo,CR Vasco da Gama,V2_DYNAMIC_DC,0.9825623383155503,0.9767454911439275,-0.14,,1.903088354555774,0.7786857461067048,0.625289041935935,0.24263662373478415,0.13207433432928065,0.8679256656707192,0.3747109580640648,0.5409911303824918,2,2,0,1,0,1,1,1
BSA,554874,2026-05-03 19:00:00+00:00,CR Flamengo,CR Vasco da Gama,V2_DYNAMIC_BP,0.9825623383155503,0.9767454911439275,,0.0,1.903088354555774,0.7786857461067048,0.6394885009894754,0.21423770562806613,0.14627379338245852,0.8537262066175415,0.36051149901052465,0.5409911303821546,2,2,0,1,0,1,1,1
BSA,554878,2026-05-03 19:00:00+00:00,São Paulo FC,EC Bahia,V1_RAW,0.9772357517330027,1.0074714910911935,,,1.5827158979267126,0.844959896836117,0.547793558492741,0.2520841858934611,0.2001222556137981,0.7998777443862022,0.4522064415072593,0.570425414834702,2,2,0,1,0,1,1,1
BSA,554878,2026-05-03 19:00:00+00:00,São Paulo FC,EC Bahia,V2_DYNAMIC,0.9772357517330027,1.0074714910911935,,,1.5466865602901854,0.8512730071777439,0.5370191869874517,0.2562520568269089,0.2067287561856397,0.7932712438143605,0.46298081301254856,0.5731288233158502,2,2,0,1,0,1,1,1
BSA,554878,2026-05-03 19:00:00+00:00,São Paulo FC,EC Bahia,V2_DYNAMIC_DC,0.9772357517330027,1.0074714910911935,-0.14,,1.5466865602901854,0.8512730071777439,0.5202628562145921,0.28976471837193185,0.18997242541347578,0.810027574586524,0.47973714378540766,0.5731288233163596,2,2,0,1,0,1,1,1
BSA,554878,2026-05-03 19:00:00+00:00,São Paulo FC,EC Bahia,V2_DYNAMIC_BP,0.9772357517330027,1.0074714910911935,,0.0,1.5466865602901854,0.8512730071777439,0.5370191869874517,0.2562520568269089,0.20672875618563974,0.7932712438143605,0.4629808130125486,0.5731288233158502,2,2,0,1,0,1,1,1
BSA,554872,2026-05-03 21:30:00+00:00,Chapecoense AF,RB Bragantino,V1_RAW,0.9960547562754887,1.0412888604445725,,,1.2637105831728546,1.3957942067097378,0.3394875674508418,0.2597899120856631,0.4007225204634949,0.5992774795365049,0.660512432549158,0.7523637161517214,1,2,0,0,1,0,1,1
BSA,554872,2026-05-03 21:30:00+00:00,Chapecoense AF,RB Bragantino,V2_DYNAMIC,0.9960547562754887,1.0412888604445725,,,1.2587249369249933,1.4534249589199189,0.3272441992227036,0.25609652976543484,0.4166592710118615,0.5833407289881385,0.6727558007772964,0.7662316361778655,1,2,0,0,1,0,1,1
BSA,554872,2026-05-03 21:30:00+00:00,Chapecoense AF,RB Bragantino,V2_DYNAMIC_DC,0.9960547562754887,1.0412888604445725,-0.08,,1.2587249369249933,1.4534249589199189,0.31752698173245936,0.2755309647459233,0.4069420535216173,0.5930579464783827,0.6824730182675406,0.7662316361778655,1,2,0,0,1,0,1,1
BSA,554872,2026-05-03 21:30:00+00:00,Chapecoense AF,RB Bragantino,V2_DYNAMIC_BP,0.9960547562754887,1.0412888604445725,,0.0,1.2587249369249933,1.4534249589199189,0.3272441992227036,0.2560965297654348,0.41665927101186145,0.5833407289881384,0.6727558007772962,0.7662316361778655,1,2,0,0,1,0,1,1
BSA,554875,2026-05-03 21:30:00+00:00,SC Internacional,Fluminense FC,V1_RAW,0.9698477601610143,1.0533302409713448,,,1.1029208666768822,1.402292261196442,0.2959770609914177,0.2660395689746241,0.437983370033958,0.5620166299660418,0.7040229390085821,0.7539676533376274,2,0,1,0,0,1,0,0
BSA,554875,2026-05-03 21:30:00+00:00,SC Internacional,Fluminense FC,V2_DYNAMIC,0.9698477601610143,1.0533302409713448,,,1.069665332181419,1.4770768453983,0.2741307562244033,0.2604808856898977,0.4653883580856992,0.534611641914301,0.7258692437755969,0.7716958093761601,2,0,1,0,0,1,0,0
BSA,554875,2026-05-03 21:30:00+00:00,SC Internacional,Fluminense FC,V2_DYNAMIC_DC,0.9698477601610143,1.0533302409713448,-0.08,,1.069665332181419,1.4770768453983,0.2642291616869594,0.28028407476486633,0.4554867635481743,0.5445132364518257,0.7357708383130406,0.7716958093762567,2,0,1,0,0,1,0,0
BSA,554875,2026-05-03 21:30:00+00:00,SC Internacional,Fluminense FC,V2_DYNAMIC_BP,0.9698477601610143,1.0533302409713448,,0.0,1.069665332181419,1.4770768453983,0.2741307562244033,0.2604808856898977,0.4653883580856992,0.534611641914301,0.7258692437755969,0.7716958093761601,2,0,1,0,0,1,0,0
BSA,554876,2026-05-03 23:30:00+00:00,Mirassol FC,SC Corinthians Paulista,V1_RAW,0.9734004227875027,1.0367050833782085,,,1.0358489770111836,1.0140990060024064,0.35367686714363,0.3039228539179805,0.3424002789383898,0.6575997210616105,0.6463231328563703,0.6372709006119619,2,1,1,0,0,1,0,1
BSA,554876,2026-05-03 23:30:00+00:00,Mirassol FC,SC Corinthians Paulista,V2_DYNAMIC,0.9734004227875027,1.0367050833782085,,,1.0082958321666884,1.051321594571483,0.33737373709940305,0.3029900978360382,0.35963616506455864,0.6403638349354412,0.6626262629005968,0.6505244154387209,2,1,1,0,0,1,0,1
BSA,554876,2026-05-03 23:30:00+00:00,Mirassol FC,SC Corinthians Paulista,V2_DYNAMIC_DC,0.9734004227875027,1.0367050833782085,-0.08,,1.0082958321666884,1.051321594571483,0.3265610640079528,0.3246154440190045,0.34882349197304263,0.6511765080269574,0.6734389359920472,0.6505244154396453,2,1,1,0,0,1,0,1
BSA,554876,2026-05-03 23:30:00+00:00,Mirassol FC,SC Corinthians Paulista,V2_DYNAMIC_BP,0.9734004227875027,1.0367050833782085,,0.0,1.0082958321666884,1.051321594571483,0.33737373709940305,0.30299009783603825,0.35963616506455864,0.6403638349354412,0.6626262629005969,0.6505244154387207,2,1,1,0,0,1,0,1
BSA,554883,2026-05-09 19:00:00+00:00,Coritiba FBC,SC Internacional,V1_RAW,0.9821155797446894,1.0426383178078118,,,0.9873243810985703,0.9305390554362336,0.3569960205163962,0.3162599412385953,0.3267440382450088,0.6732559617549916,0.6430039794836042,0.6056589186363006,2,2,0,1,0,1,1,1
BSA,554883,2026-05-09 19:00:00+00:00,Coritiba FBC,SC Internacional,V2_DYNAMIC,0.9821155797446894,1.0426383178078118,,,0.9696666569386891,0.9702156754145047,0.34272457213511653,0.3142596780414342,0.34301574982344923,0.6569842501765507,0.6572754278648834,0.6209987091662319,2,2,0,1,0,1,1,1
BSA,554883,2026-05-09 19:00:00+00:00,Coritiba FBC,SC Internacional,V2_DYNAMIC_DC,0.9821155797446894,1.0426383178078118,-0.05,,0.9696666569386891,0.9702156754145047,0.3359640448873816,0.32778073253690587,0.33625522257571233,0.6637447774242875,0.6640359551126183,0.6209987091677887,2,2,0,1,0,1,1,1
BSA,554883,2026-05-09 19:00:00+00:00,Coritiba FBC,SC Internacional,V2_DYNAMIC_BP,0.9821155797446894,1.0426383178078118,,0.0,0.9696666569386891,0.9702156754145047,0.34272457213511653,0.3142596780414342,0.3430157498234492,0.6569842501765507,0.6572754278648834,0.6209987091662319,2,2,0,1,0,1,1,1
BSA,554884,2026-05-09 21:00:00+00:00,Fluminense FC,EC Vitória,V1_RAW,0.9729059638194564,1.0566250941584532,,,2.17091855992758,0.878247878421885,0.6692036783475772,0.1911469002283488,0.1396494214240738,0.8603505785759261,0.3307963216524228,0.5844897011793626,2,2,0,1,0,1,1,1
BSA,554884,2026-05-09 21:00:00+00:00,Fluminense FC,EC Vitória,V2_DYNAMIC,0.9729059638194564,1.0566250941584532,,,2.112099613919889,0.927978747231986,0.6458986739328615,0.19884915997268765,0.15525216609445086,0.8447478339055492,0.3541013260671385,0.6046479884745979,2,2,0,1,0,1,1,1
BSA,554884,2026-05-09 21:00:00+00:00,Fluminense FC,EC Vitória,V2_DYNAMIC_DC,0.9729059638194564,1.0566250941584532,-0.05,,2.112099613919889,0.927978747231986,0.6412111972775826,0.20822411328324505,0.15056468943917212,0.8494353105608277,0.3587888027224172,0.6046479884745981,2,2,0,1,0,1,1,1
BSA,554884,2026-05-09 21:00:00+00:00,Fluminense FC,EC Vitória,V2_DYNAMIC_BP,0.9729059638194564,1.0566250941584532,,0.0,2.112099613919889,0.927978747231986,0.6458986739328615,0.19884915997268762,0.15525216609445083,0.8447478339055491,0.35410132606713846,0.6046479884745979,2,2,0,1,0,1,1,1
BSA,554881,2026-05-10 00:00:00+00:00,EC Bahia,Cruzeiro EC,V1_RAW,0.9716033733690344,1.0712556023078132,,,2.001495402150001,0.9556411932214988,0.6166447617212837,0.2103048083406095,0.1730504299381067,0.8269495700618932,0.3833552382787163,0.6154345152988959,1,2,0,0,1,0,1,1
BSA,554881,2026-05-10 00:00:00+00:00,EC Bahia,Cruzeiro EC,V2_DYNAMIC,0.9716033733690344,1.0712556023078132,,,1.9446596845115531,1.023735982034654,0.5881656567828111,0.2173834389266996,0.1944509042904897,0.8055490957095106,0.41183434321718926,0.6407497180906168,1,2,0,0,1,0,1,1
BSA,554881,2026-05-10 00:00:00+00:00,EC Bahia,Cruzeiro EC,V2_DYNAMIC_DC,0.9716033733690344,1.0712556023078132,-0.02,,1.9446596845115531,1.023735982034654,0.5861196526445936,0.22147544720313478,0.19240490015227213,0.8075950998477284,0.4138803473554069,0.6407497180906168,1,2,0,0,1,0,1,1
BSA,554881,2026-05-10 00:00:00+00:00,EC Bahia,Cruzeiro EC,V2_DYNAMIC_BP,0.9716033733690344,1.0712556023078132,,0.0,1.9446596845115531,1.023735982034654,0.5881656567828111,0.2173834389266996,0.1944509042904897,0.8055490957095106,0.41183434321718926,0.6407497180906168,1,2,0,0,1,0,1,1
BSA,554880,2026-05-10 19:00:00+00:00,CA Mineiro,Botafogo FR,V1_RAW,0.9513798303651413,1.0964753684132145,,,1.808979176849136,1.897269868907974,0.3745373975812903,0.2156570927396807,0.4098055096790292,0.590194490320971,0.62546260241871,0.8500224809185066,1,1,0,1,0,1,1,1
BSA,554880,2026-05-10 19:00:00+00:00,CA Mineiro,Botafogo FR,V2_DYNAMIC,0.9513798303651413,1.0964753684132145,,,1.7210263024048038,2.080309678490162,0.3244652375152076,0.20978717214819914,0.46574759033659324,0.5342524096634067,0.6755347624847924,0.8751069819281249,1,1,0,1,0,1,1,1
BSA,554880,2026-05-10 19:00:00+00:00,CA Mineiro,Botafogo FR,V2_DYNAMIC_DC,0.9513798303651413,1.0964753684132145,-0.02,,1.7210263024048038,2.080309678490162,0.32286548678603894,0.2129866736065365,0.46414783960742456,0.5358521603925754,0.677134513213961,0.8751069819281249,1,1,0,1,0,1,1,1
BSA,554880,2026-05-10 19:00:00+00:00,CA Mineiro,Botafogo FR,V2_DYNAMIC_BP,0.9513798303651413,1.0964753684132145,,0.0,1.7210263024048038,2.080309678490162,0.3244652375152076,0.20978717214819914,0.46574759033659324,0.5342524096634067,0.6755347624847924,0.875106981928125,1,1,0,1,0,1,1,1
BSA,554887,2026-05-10 20:40:00+00:00,Clube do Remo,SE Palmeiras,V1_RAW,0.9350738229386673,1.0974077392697834,,,1.0629460155068156,1.3751312281470969,0.2901477803377507,0.2699311543434127,0.4399210653188374,0.5600789346811634,0.7098522196622501,0.7471935816899655,1,1,0,1,0,1,1,1
BSA,554887,2026-05-10 20:40:00+00:00,Clube do Remo,SE Palmeiras,V2_DYNAMIC,0.9350738229386673,1.0974077392697834,,,0.9939329942973819,1.5090796522801864,0.24917676202184133,0.25905367938609264,0.4917695585920659,0.5082304414079339,0.7508232379781585,0.7788864851531067,1,1,0,1,0,1,1,1
BSA,554887,2026-05-10 20:40:00+00:00,Clube do Remo,SE Palmeiras,V2_DYNAMIC_DC,0.9350738229386673,1.0974077392697834,-0.05,,0.9939329942973819,1.5090796522801864,0.24303921329950146,0.2713287768309283,0.4856320098695705,0.5143679901304298,0.7569607867004988,0.7788864851532484,1,1,0,1,0,1,1,1
BSA,554887,2026-05-10 20:40:00+00:00,Clube do Remo,SE Palmeiras,V2_DYNAMIC_BP,0.9350738229386673,1.0974077392697834,,0.0,0.9939329942973819,1.5090796522801864,0.24917676202184133,0.2590536793860927,0.4917695585920659,0.508230441407934,0.7508232379781585,0.7788864851531067,1,1,0,1,0,1,1,1
BSA,554882,2026-05-10 21:30:00+00:00,SC Corinthians Paulista,São Paulo FC,V1_RAW,0.9372328614818852,1.093663003519219,,,0.942591757754302,0.8560112136081776,0.3593736606305312,0.3285737668087179,0.3120525725607507,0.6879474274392492,0.6406263393694687,0.5751466437038575,3,2,1,0,0,1,0,1
BSA,554882,2026-05-10 21:30:00+00:00,SC Corinthians Paulista,São Paulo FC,V2_DYNAMIC,0.9372328614818852,1.093663003519219,,,0.8834279703293044,0.9361877949208512,0.3223727055899033,0.3265447189382709,0.35108257547182586,0.6489174245281741,0.6776272944100967,0.6078801671122567,3,2,1,0,0,1,0,1
BSA,554882,2026-05-10 21:30:00+00:00,SC Corinthians Paulista,São Paulo FC,V2_DYNAMIC_DC,0.9372328614818852,1.093663003519219,-0.05,,0.8834279703293044,0.9361877949208512,0.31566992440185754,0.33995028131453947,0.3443797942836026,0.655620205716397,0.6843300755981421,0.6078801671143477,3,2,1,0,0,1,0,1
BSA,554882,2026-05-10 21:30:00+00:00,SC Corinthians Paulista,São Paulo FC,V2_DYNAMIC_BP,0.9372328614818852,1.093663003519219,,0.0,0.8834279703293044,0.9361877949208512,0.3223727055899033,0.3265447189382709,0.35108257547182586,0.6489174245281741,0.6776272944100967,0.6078801671122567,3,2,1,0,0,1,0,1
BSA,554886,2026-05-10 21:30:00+00:00,Mirassol FC,Chapecoense AF,V1_RAW,0.9393182490250114,1.1049483962490552,,,1.5415451190316272,0.8937155501046185,0.5249234614540798,0.256723426277845,0.218353112268075,0.7816468877319248,0.4750765385459201,0.5908672281647009,1,1,0,1,0,1,1,1
BSA,554886,2026-05-10 21:30:00+00:00,Mirassol FC,Chapecoense AF,V2_DYNAMIC,0.9393182490250114,1.1049483962490552,,,1.4480014620018409,0.9875095637909402,0.4773126474066685,0.26528422523552314,0.2574031273578086,0.7425968726421917,0.5226873525933318,0.6274967643682596,1,1,0,1,0,1,1,1
BSA,554886,2026-05-10 21:30:00+00:00,Mirassol FC,Chapecoense AF,V2_DYNAMIC_DC,0.9393182490250114,1.1049483962490552,-0.05,,1.4480014620018409,0.9875095637909402,0.471052976661341,0.27780356672601003,0.251143456612649,0.7488565433873511,0.5289470233386591,0.6274967643685437,1,1,0,1,0,1,1,1
BSA,554886,2026-05-10 21:30:00+00:00,Mirassol FC,Chapecoense AF,V2_DYNAMIC_BP,0.9393182490250114,1.1049483962490552,,0.025,1.4480014620018409,0.9875095637909402,0.47671700733602757,0.2683974728795328,0.2548855197844395,0.7451144802155604,0.5232829926639724,0.6274967419192156,1,1,0,1,0,1,1,1
BSA,554888,2026-05-10 21:30:00+00:00,Santos FC,RB Bragantino,V1_RAW,0.9481303336001079,1.068651123849384,,,1.2919751091416891,1.0284127119500637,0.4251147491925407,0.2790772311408415,0.2958080196666179,0.7041919803333823,0.5748852508074593,0.6424259165740016,2,0,1,0,0,1,0,0
BSA,554888,2026-05-10 21:30:00+00:00,Santos FC,RB Bragantino,V2_DYNAMIC,0.9481303336001079,1.068651123849384,,,1.2249607912335456,1.0990144004064284,0.39033325713080735,0.281233990948324,0.32843275192086885,0.6715672480791314,0.6096667428691929,0.6668006683241898,2,0,1,0,0,1,0,0
BSA,554888,2026-05-10 21:30:00+00:00,Santos FC,RB Bragantino,V2_DYNAMIC_DC,0.9481303336001079,1.068651123849384,-0.08,,1.2249607912335456,1.0990144004064284,0.37979118458337313,0.3023181360431395,0.31789067937348764,0.6821093206265126,0.6202088154166272,0.6668006683244746,2,0,1,0,0,1,0,0
BSA,554888,2026-05-10 21:30:00+00:00,Santos FC,RB Bragantino,V2_DYNAMIC_BP,0.9481303336001079,1.068651123849384,,0.125,1.2249607912335456,1.0990144004064284,0.3810383029184114,0.30318296134021555,0.31577873574137255,0.684221264258627,0.6189616970815881,0.6668006506851594,2,0,1,0,0,1,0,0
BSA,554885,2026-05-10 22:30:00+00:00,Grêmio FBPA,CR Flamengo,V1_RAW,0.9511873948380892,1.0680850085942215,,,1.3730941904705898,1.3029325990137968,0.3865611897668282,0.2593338552061106,0.3541049550270609,0.6458950449729388,0.6134388102331716,0.7282662626728289,0,1,0,0,1,0,1,1
BSA,554885,2026-05-10 22:30:00+00:00,Grêmio FBPA,CR Flamengo,V2_DYNAMIC,0.9511873948380892,1.0680850085942215,,,1.3060698859010353,1.3916427762153425,0.3512632535731675,0.25803216105753934,0.3907045853692935,0.6092954146307068,0.6487367464268328,0.75133346809352,0,1,0,0,1,0,1,1
BSA,554885,2026-05-10 22:30:00+00:00,Grêmio FBPA,CR Flamengo,V2_DYNAMIC_DC,0.9511873948380892,1.0680850085942215,-0.08,,1.3060698859010353,1.3916427762153425,0.341468745514531,0.2776211771748122,0.380910077310657,0.6190899226893432,0.6585312544854692,0.75133346809352,0,1,0,0,1,0,1,1
BSA,554885,2026-05-10 22:30:00+00:00,Grêmio FBPA,CR Flamengo,V2_DYNAMIC_BP,0.9511873948380892,1.0680850085942215,,0.125,1.3060698859010353,1.3916427762153425,0.34000154516836323,0.2782833307390598,0.3817151240925768,0.6182848759074231,0.6599984548316367,0.7513334419412951,0,1,0,0,1,0,1,1
BSA,554889,2026-05-10 23:30:00+00:00,CR Vasco da Gama,CA Paranaense,V1_RAW,0.9253777416889614,1.0820186097770979,,,1.576968837210228,1.0556510048211738,0.4942804206764415,0.2516130683871479,0.2541065109364109,0.7458934890635895,0.5057195793235588,0.6520341738754412,1,0,1,0,0,1,0,0
BSA,554889,2026-05-10 23:30:00+00:00,CR Vasco da Gama,CA Paranaense,V2_DYNAMIC,0.9253777416889614,1.0820186097770979,,,1.459291861291468,1.1422340326464029,0.4440002461448677,0.2598901512509314,0.29610960260420094,0.7038903973957991,0.5559997538551323,0.680894654656005,1,0,1,0,0,1,0,0
BSA,554889,2026-05-10 23:30:00+00:00,CR Vasco da Gama,CA Paranaense,V2_DYNAMIC_DC,0.9253777416889614,1.0820186097770979,-0.04,,1.459291861291468,1.1422340326464029,0.43905566956571473,0.26977930440922715,0.2911650260250581,0.7088349739749419,0.5609443304342853,0.6808946546560266,1,0,1,0,0,1,0,0
BSA,554889,2026-05-10 23:30:00+00:00,CR Vasco da Gama,CA Paranaense,V2_DYNAMIC_BP,0.9253777416889614,1.0820186097770979,,0.2,1.459291861291468,1.1422340326464029,0.43486222691614257,0.2908355509804202,0.2743022221034373,0.7256977778965628,0.5651377730838575,0.6808945452071092,1,0,1,0,0,1,0,0
BSA,554891,2026-05-16 21:30:00+00:00,CA Mineiro,Mirassol FC,V1_RAW,0.9203601039428554,1.0671449721743933,,,1.4304749871938416,1.2910132228550095,0.4038626194910711,0.2562741670174662,0.3398632134914624,0.6601367865085372,0.5961373805089286,0.7250079863073792,3,1,1,0,0,1,0,1
BSA,554891,2026-05-16 21:30:00+00:00,CA Mineiro,Mirassol FC,V2_DYNAMIC,0.9203601039428554,1.0671449721743933,,,1.3165521079013787,1.377698269780383,0.3567189641398921,0.2583591192566559,0.3849219166034518,0.615078083396548,0.6432810358601078,0.747841653046722,3,1,1,0,0,1,0,1
BSA,554891,2026-05-16 21:30:00+00:00,CA Mineiro,Mirassol FC,V2_DYNAMIC_DC,0.9203601039428554,1.0671449721743933,-0.01,,1.3165521079013787,1.377698269780383,0.35549295342352005,0.2608111406894001,0.38369590588707975,0.6163040941129201,0.6445070465764798,0.747841653046722,3,1,1,0,0,1,0,1
BSA,554891,2026-05-16 21:30:00+00:00,CA Mineiro,Mirassol FC,V2_DYNAMIC_BP,0.9203601039428554,1.0671449721743933,,0.2,1.3165521079013787,1.377698269780383,0.33765001596448324,0.2937317268209526,0.368618257214564,0.6313817427854358,0.6623499840355166,0.7478416181925385,3,1,1,0,0,1,0,1
BSA,554897,2026-05-16 21:30:00+00:00,SC Internacional,CR Vasco da Gama,V1_RAW,0.9155498869859313,1.060051904644064,,,1.2496512802388675,1.1257152325694806,0.3913530094886221,0.2776410295862108,0.331005960925167,0.668994039074833,0.6086469905113778,0.675579651640638,4,1,1,0,0,1,0,1
BSA,554897,2026-05-16 21:30:00+00:00,SC Internacional,CR Vasco da Gama,V2_DYNAMIC,0.9155498869859313,1.060051904644064,,,1.1441180883945195,1.1933165763721134,0.3474942552093808,0.2808761014880597,0.3716296433025595,0.6283703566974406,0.6525057447906192,0.696786019815113,4,1,1,0,0,1,0,1
BSA,554897,2026-05-16 21:30:00+00:00,SC Internacional,CR Vasco da Gama,V2_DYNAMIC_DC,0.9155498869859313,1.060051904644064,-0.01,,1.1441180883945195,1.1933165763721134,0.3461757204262025,0.2835131710544368,0.370311108519361,0.6296888914806393,0.6538242795737979,0.6967860198153661,4,1,1,0,0,1,0,1
BSA,554897,2026-05-16 21:30:00+00:00,SC Internacional,CR Vasco da Gama,V2_DYNAMIC_BP,0.9155498869859313,1.060051904644064,,0.17500000000000002,1.1441180883945195,1.1933165763721134,0.329742877974669,0.31440862928450336,0.35584849274082775,0.6441515072591724,0.670257122025331,0.6967860097646558,4,1,1,0,0,1,0,1
BSA,554896,2026-05-16 22:00:00+00:00,Fluminense FC,São Paulo FC,V1_RAW,0.9388640438889666,1.0595240939848827,,,1.6633834308104969,1.0733634237857137,0.5114636999187019,0.243537203562646,0.2449990965186512,0.7550009034813479,0.4885363000812972,0.658143227598418,2,1,1,0,0,1,0,1
BSA,554896,2026-05-16 22:00:00+00:00,Fluminense FC,São Paulo FC,V2_DYNAMIC,0.9388640438889666,1.0595240939848827,,,1.5616908943886463,1.13725440910307,0.4713267780034635,0.2515333032881103,0.27713991870842597,0.7228600812915738,0.5286732219965362,0.6793016677391471,2,1,1,0,0,1,0,1
BSA,554896,2026-05-16 22:00:00+00:00,Fluminense FC,São Paulo FC,V2_DYNAMIC_DC,0.9388640438889666,1.0595240939848827,0.02,,1.5616908943886463,1.13725440910307,0.4737164925082436,0.24675387427855042,0.27952963321320595,0.720470366786794,0.5262835074917563,0.679301667739147,2,1,1,0,0,1,0,1
BSA,554896,2026-05-16 22:00:00+00:00,Fluminense FC,São Paulo FC,V2_DYNAMIC_BP,0.9388640438889666,1.0595240939848827,,0.15000000000000002,1.5616908943886463,1.13725440910307,0.46708515666574507,0.27162455195308916,0.261290291381166,0.7387097086188342,0.5329148433342552,0.6793014923236468,2,1,1,0,0,1,0,1
BSA,554898,2026-05-17 00:00:00+00:00,SE Palmeiras,Cruzeiro EC,V1_RAW,0.950563942623555,1.0504383836158702,,,2.0477815513392823,0.8392607322193696,0.6544453394434638,0.2014652771950143,0.1440893833615221,0.8559106166384781,0.3455546605565364,0.5679702088927766,1,1,0,1,0,1,1,1
BSA,554898,2026-05-17 00:00:00+00:00,SE Palmeiras,Cruzeiro EC,V2_DYNAMIC,0.950563942623555,1.0504383836158702,,,1.9465473050728481,0.8815916869847862,0.6230445031490636,0.21336321877081843,0.16359227808011792,0.836407721919882,0.3769554968509363,0.5858767665808846,1,1,0,1,0,1,1,1
BSA,554898,2026-05-17 00:00:00+00:00,SE Palmeiras,Cruzeiro EC,V2_DYNAMIC_DC,0.950563942623555,1.0504383836158702,0.02,,1.9465473050728481,0.8815916869847862,0.625073680930182,0.20930486320857983,0.16562145586123853,0.8343785441387619,0.3749263190698183,0.5858767665808868,1,1,0,1,0,1,1,1
BSA,554898,2026-05-17 00:00:00+00:00,SE Palmeiras,Cruzeiro EC,V2_DYNAMIC_BP,0.950563942623555,1.0504383836158702,,0.15000000000000002,1.9465473050728481,0.8815916869847862,0.6275942613825708,0.22319091269806407,0.14921482591936538,0.8507851740806349,0.3724057386174294,0.5858754794618364,1,1,0,1,0,1,1,1
BSA,554899,2026-05-17 14:00:00+00:00,Santos FC,Coritiba FBC,V1_RAW,0.9497661502996766,1.054402911068594,,,1.6056379886408554,1.1821755751791394,0.4719957958971419,0.2470353117202326,0.2809688923826252,0.7190311076173745,0.5280042041028579,0.6933890427280132,0,3,0,0,1,0,1,1
BSA,554899,2026-05-17 14:00:00+00:00,Santos FC,Coritiba FBC,V2_DYNAMIC,0.9497661502996766,1.054402911068594,,,1.524980611246341,1.246489367863074,0.4374898587664158,0.25149863574696407,0.3110115054866202,0.6889884945133798,0.5625101412335842,0.7124875965478226,0,3,0,0,1,0,1,1
BSA,554899,2026-05-17 14:00:00+00:00,Santos FC,Coritiba FBC,V2_DYNAMIC_DC,0.9497661502996766,1.054402911068594,0.02,,1.524980611246341,1.246489367863074,0.4398686103903887,0.24674113249901816,0.3133902571105931,0.6866097428894069,0.5601313896096113,0.7124875965478226,0,3,0,0,1,0,1,1
BSA,554899,2026-05-17 14:00:00+00:00,Santos FC,Coritiba FBC,V2_DYNAMIC_BP,0.9497661502996766,1.054402911068594,,0.15000000000000002,1.524980611246341,1.246489367863074,0.430629001812319,0.2734320540092389,0.295938944178442,0.7040610558215579,0.5693709981876809,0.7124874628457458,0,3,0,0,1,0,1,1
BSA,554892,2026-05-17 19:00:00+00:00,EC Bahia,Grêmio FBPA,V1_RAW,0.9278188975524196,1.0738623499094917,,,1.4294297149732282,0.7673720611409847,0.5279219373141051,0.2708915230668071,0.2011865396190879,0.7988134603809123,0.472078062685895,0.5357685614542613,1,1,0,1,0,1,1,1
BSA,554892,2026-05-17 19:00:00+00:00,EC Bahia,Grêmio FBPA,V2_DYNAMIC,0.9278188975524196,1.0738623499094917,,,1.32625190227513,0.8240519648317479,0.484606458396464,0.28301221906164004,0.23238132254189597,0.767618677458104,0.515393541603536,0.561349347736001,1,1,0,1,0,1,1,1
BSA,554892,2026-05-17 19:00:00+00:00,EC Bahia,Grêmio FBPA,V2_DYNAMIC_DC,0.9278188975524196,1.0738623499094917,0.02,,1.32625190227513,0.8240519648317479,0.48715179711458584,0.2779215416246531,0.2349266612607613,0.765073338739239,0.5128482028854144,0.561349347737122,1,1,0,1,0,1,1,1
BSA,554892,2026-05-17 19:00:00+00:00,EC Bahia,Grêmio FBPA,V2_DYNAMIC_BP,0.9278188975524196,1.0738623499094917,,0.1,1.32625190227513,0.8240519648317479,0.4821025288910836,0.2963699884705435,0.22152748263837282,0.7784725173616271,0.5178974711089164,0.561349313513916,1,1,0,1,0,1,1,1
BSA,554893,2026-05-17 19:00:00+00:00,Botafogo FR,SC Corinthians Paulista,V1_RAW,0.9219188723799594,1.0782704142194501,,,1.4459043678070898,1.1810546910121666,0.4317800045677401,0.2596150007502482,0.3086049946820123,0.6913950053179883,0.5682199954322604,0.6930451746784629,3,1,1,0,0,1,0,1
BSA,554893,2026-05-17 19:00:00+00:00,Botafogo FR,SC Corinthians Paulista,V2_DYNAMIC,0.9219188723799594,1.0782704142194501,,,1.3330065243379703,1.2734963308935137,0.38222959340875734,0.26339062057598517,0.35437978601525744,0.6456202139847425,0.6177704065912426,0.720148512677562,3,1,1,0,0,1,0,1
BSA,554893,2026-05-17 19:00:00+00:00,Botafogo FR,SC Corinthians Paulista,V2_DYNAMIC_DC,0.9219188723799594,1.0782704142194501,-0.01,,1.3330065243379703,1.2734963308935137,0.38097691298443287,0.26589598142463416,0.353127105590933,0.646872894409067,0.6190230870155672,0.7201485126775619,3,1,1,0,0,1,0,1
BSA,554893,2026-05-17 19:00:00+00:00,Botafogo FR,SC Corinthians Paulista,V2_DYNAMIC_BP,0.9219188723799594,1.0782704142194501,,0.1,1.3330065243379703,1.2734963308935137,0.3746543701870057,0.27980738377745723,0.34553824603553684,0.6544617539644629,0.625345629812994,0.7201484818748085,3,1,1,0,0,1,0,1
BSA,554894,2026-05-17 21:30:00+00:00,RB Bragantino,EC Vitória,V1_RAW,0.9386078898756787,1.0646512513495439,,,1.9955178480240827,1.0286117588640291,0.5979458919147781,0.212852818245518,0.189201289839704,0.8107987101602961,0.4020541080852221,0.6424970835088073,2,0,1,0,0,1,0,0
BSA,554894,2026-05-17 21:30:00+00:00,RB Bragantino,EC Vitória,V2_DYNAMIC,0.9386078898756787,1.0646512513495439,,,1.8730087965431395,1.0951127962274438,0.5554034352966463,0.22493062902822972,0.21966593567512416,0.780334064324876,0.44459656470335385,0.665498117355111,2,0,1,0,0,1,0,0
BSA,554894,2026-05-17 21:30:00+00:00,RB Bragantino,EC Vitória,V2_DYNAMIC_DC,0.9386078898756787,1.0646512513495439,0.0,,1.8730087965431395,1.0951127962274438,0.5554034352966464,0.22493062902822972,0.21966593567512416,0.7803340643248761,0.44459656470335385,0.665498117355111,2,0,1,0,0,1,0,0
BSA,554894,2026-05-17 21:30:00+00:00,RB Bragantino,EC Vitória,V2_DYNAMIC_BP,0.9386078898756787,1.0646512513495439,,0.07500000000000001,1.8730087965431395,1.0951127962274438,0.556235411356954,0.23158104693139003,0.2121835417116562,0.787816458288344,0.44376458864304624,0.6654975988756772,2,0,1,0,0,1,0,0
BSA,554895,2026-05-17 21:30:00+00:00,Chapecoense AF,Clube do Remo,V1_RAW,0.9482822950114254,1.0536857473493715,,,1.6579883335996206,1.4842204066450182,0.4195032150547977,0.2357621290366617,0.3447346559085407,0.6552653440914594,0.5804967849452024,0.773321010755774,2,3,0,0,1,0,1,1
BSA,554895,2026-05-17 21:30:00+00:00,Chapecoense AF,Clube do Remo,V2_DYNAMIC,0.9482822950114254,1.0536857473493715,,,1.572240982088017,1.563901888406944,0.38332265430011125,0.2369500424142323,0.3797273032856567,0.6202726967143435,0.616677345699889,0.7906820862856425,2,3,0,0,1,0,1,1
BSA,554895,2026-05-17 21:30:00+00:00,Chapecoense AF,Clube do Remo,V2_DYNAMIC_DC,0.9482822950114254,1.0536857473493715,-0.04,,1.572240982088017,1.563901888406944,0.379049192767486,0.2454969654794828,0.3754538417530314,0.6245461582469688,0.6209508072325143,0.7906820862856425,2,3,0,0,1,0,1,1
BSA,554895,2026-05-17 21:30:00+00:00,Chapecoense AF,Clube do Remo,V2_DYNAMIC_BP,0.9482822950114254,1.0536857473493715,,0.07500000000000001,1.572240982088017,1.563901888406944,0.3780226142510664,0.2476775150478586,0.3742998707010749,0.625700129298925,0.6219773857489335,0.7906819908408825,2,3,0,0,1,0,1,1
BSA,554890,2026-05-17 22:30:00+00:00,CA Paranaense,CR Flamengo,V1_RAW,0.9624777619942428,1.070882728100058,,,1.337965232038058,1.1014430368927173,0.4210275978645446,0.2715996436379067,0.3073727584975487,0.6926272415024514,0.5789724021354554,0.6676089151449021,1,1,0,1,0,1,1,1
BSA,554890,2026-05-17 22:30:00+00:00,CA Paranaense,CR Flamengo,V2_DYNAMIC,0.9624777619942428,1.070882728100058,,,1.2877617821580978,1.1795163241944857,0.3901030690575829,0.2716553479050226,0.33824158303739454,0.6617584169626055,0.6098969309424171,0.6925725860293361,1,1,0,1,0,1,1,1
BSA,554890,2026-05-17 22:30:00+00:00,CA Paranaense,CR Flamengo,V2_DYNAMIC_DC,0.9624777619942428,1.070882728100058,-0.08,,1.2877617821580978,1.1795163241944857,0.37979673334088887,0.292268019338381,0.3279352473207302,0.6720647526792698,0.6202032666591112,0.6925725860295141,1,1,0,1,0,1,1,1
BSA,554890,2026-05-17 22:30:00+00:00,CA Paranaense,CR Flamengo,V2_DYNAMIC_BP,0.9624777619942428,1.070882728100058,,0.1,1.2877617821580978,1.1795163241944857,0.3829152347655535,0.28830666952056144,0.3287780957138852,0.671221904286115,0.6170847652344467,0.692572562487058,1,1,0,1,0,1,1,1
BSA,554907,2026-05-23 20:00:00+00:00,São Paulo FC,Botafogo FR,V1_RAW,0.977741583977036,1.0799783355904646,,,1.9677531140896651,1.2448541969714733,0.5419638155656343,0.2184472646957515,0.239588919738614,0.7604110802613859,0.4580361844343655,0.7120171061520395,1,1,0,1,0,1,1,1
BSA,554907,2026-05-23 20:00:00+00:00,São Paulo FC,Botafogo FR,V2_DYNAMIC,0.977741583977036,1.0799783355904646,,,1.9239540466457745,1.3444155636980561,0.5102180518009463,0.22179880740736707,0.2679831407916866,0.7320168592083134,0.4897819481990537,0.7393079291061266,1,1,0,1,0,1,1,1
BSA,554907,2026-05-23 20:00:00+00:00,São Paulo FC,Botafogo FR,V2_DYNAMIC_DC,0.977741583977036,1.0799783355904646,-0.05,,1.9239540466457745,1.3444155636980561,0.5052946424076763,0.23164562619390708,0.26305973139841676,0.7369402686015833,0.4947053575923238,0.7393079291061265,1,1,0,1,0,1,1,1
BSA,554907,2026-05-23 20:00:00+00:00,São Paulo FC,Botafogo FR,V2_DYNAMIC_BP,0.977741583977036,1.0799783355904646,,0.07500000000000001,1.9239540466457745,1.3444155636980561,0.5098611181358694,0.22943974842846432,0.26069913343566614,0.7393008665643337,0.49013888186413046,0.7393073322799562,1,1,0,1,0,1,1,1
BSA,554909,2026-05-23 20:00:00+00:00,EC Vitória,SC Internacional,V1_RAW,0.9764791170858497,1.0826788107583298,,,1.426912571900605,0.8697605942214934,0.500796496637164,0.2699480173206789,0.2292554860421564,0.7707445139578428,0.4992035033628353,0.5809481393234681,2,0,1,0,0,1,0,0
BSA,554909,2026-05-23 20:00:00+00:00,EC Vitória,SC Internacional,V2_DYNAMIC,0.9764791170858497,1.0826788107583298,,,1.3933503283682018,0.9416713657961848,0.473787239800159,0.2720931509269671,0.2541196092728741,0.7458803907271261,0.5262127601998412,0.6100244992126744,2,0,1,0,0,1,0,0
BSA,554909,2026-05-23 20:00:00+00:00,EC Vitória,SC Internacional,V2_DYNAMIC_DC,0.9764791170858497,1.0826788107583298,-0.05,,1.3933503283682018,0.9416713657961848,0.4674362300998392,0.2847951703271647,0.24776859957299618,0.7522314004270039,0.5325637699001609,0.6100244992130999,2,0,1,0,0,1,0,0
BSA,554909,2026-05-23 20:00:00+00:00,EC Vitória,SC Internacional,V2_DYNAMIC_BP,0.9764791170858497,1.0826788107583298,,0.07500000000000001,1.3933503283682018,0.9416713657961848,0.47171819652305336,0.2820512086290972,0.24623059484784965,0.7537694051521506,0.5282818034769469,0.6100244572636199,2,0,1,0,0,1,0,0
BSA,554904,2026-05-23 22:00:00+00:00,Grêmio FBPA,Santos FC,V1_RAW,0.9745974011606585,1.0821059399475175,,,1.749157104759003,1.0403558197312868,0.539897509243736,0.235696464485938,0.2244060262703261,0.7755939737296741,0.4601024907562642,0.6466710618187912,3,2,1,0,0,1,0,1
BSA,554904,2026-05-23 22:00:00+00:00,Grêmio FBPA,Santos FC,V2_DYNAMIC,0.9745974011606585,1.0821059399475175,,,1.704723968519826,1.125775212190194,0.5091176854417413,0.23957382017630902,0.25130849438195013,0.7486915056180503,0.49088231455825915,0.6755990989658283,3,2,1,0,0,1,0,1
BSA,554904,2026-05-23 22:00:00+00:00,Grêmio FBPA,Santos FC,V2_DYNAMIC_DC,0.9745974011606585,1.0821059399475175,-0.05,,1.704723968519826,1.125775212190194,0.5034578160962195,0.2508935588673525,0.2456486250364284,0.754351374963572,0.4965421839037809,0.6755990989658284,3,2,1,0,0,1,0,1
BSA,554904,2026-05-23 22:00:00+00:00,Grêmio FBPA,Santos FC,V2_DYNAMIC_BP,0.9745974011606585,1.0821059399475175,,0.07500000000000001,1.704723968519826,1.125775212190194,0.5085129793516404,0.24773697092407013,0.24375004972429004,0.7562499502757105,0.49148702064836014,0.6755988665737258,3,2,1,0,0,1,0,1
BSA,554905,2026-05-23 22:00:00+00:00,Mirassol FC,Fluminense FC,V1_RAW,0.9867774197315093,1.0855075812141615,,,1.409352940691597,1.4532908447428208,0.365364694458061,0.2495390622681309,0.3850962432738082,0.614903756726192,0.6346353055419393,0.76620037753962,1,0,1,0,0,1,0,0
BSA,554905,2026-05-23 22:00:00+00:00,Mirassol FC,Fluminense FC,V2_DYNAMIC,0.9867774197315093,1.0855075812141615,,,1.390717658306669,1.5775582296774648,0.33711226412588874,0.2433199161737541,0.4195678197003572,0.5804321802996428,0.6628877358741113,0.7935211584858802,1,0,1,0,0,1,0,0
BSA,554905,2026-05-23 22:00:00+00:00,Mirassol FC,Fluminense FC,V2_DYNAMIC_DC,0.9867774197315093,1.0855075812141615,-0.05,,1.390717658306669,1.5775582296774648,0.3314747319051979,0.25459498061513597,0.4139302874796664,0.5860697125203338,0.6685252680948024,0.7935211584858801,1,0,1,0,0,1,0,0
BSA,554905,2026-05-23 22:00:00+00:00,Mirassol FC,Fluminense FC,V2_DYNAMIC_BP,0.9867774197315093,1.0855075812141615,,0.1,1.390717658306669,1.5775582296774648,0.3282304371757223,0.25741546178128283,0.41435410104299514,0.5856458989570051,0.6717695628242779,0.7935211232384809,1,0,1,0,0,1,0,0
BSA,554903,2026-05-24 00:00:00+00:00,CR Flamengo,SE Palmeiras,V1_RAW,0.9859568646555343,1.0797060510143974,,,1.3971303440951126,0.971612254450694,0.4675224218757678,0.2708607221944435,0.2616168559297891,0.7383831440702113,0.5324775781242327,0.6215276477891589,0,3,0,0,1,0,1,1
BSA,554903,2026-05-24 00:00:00+00:00,CR Flamengo,SE Palmeiras,V2_DYNAMIC,0.9859568646555343,1.0797060510143974,,,1.377510253579125,1.0490556303701546,0.4437970990729722,0.27023158929865754,0.2859713116283699,0.7140286883716298,0.5562029009270275,0.6497316185141002,0,3,0,0,1,0,1,1
BSA,554903,2026-05-24 00:00:00+00:00,CR Flamengo,SE Palmeiras,V2_DYNAMIC_DC,0.9859568646555343,1.0797060510143974,-0.03,,1.377510253579125,1.0490556303701546,0.43996734794630493,0.277891091551876,0.2821415605018187,0.717858439498181,0.5600326520536947,0.6497316185143572,0,3,0,0,1,0,1,1
BSA,554903,2026-05-24 00:00:00+00:00,CR Flamengo,SE Palmeiras,V2_DYNAMIC_BP,0.9859568646555343,1.0797060510143974,,0.1,1.377510253579125,1.0490556303701546,0.43955908508137104,0.2848740079791032,0.27556690693952585,0.7244330930604743,0.5604409149186291,0.6497315728395161,0,3,0,0,1,0,1,1
BSA,554902,2026-05-24 19:00:00+00:00,Cruzeiro EC,Chapecoense AF,V1_RAW,0.9852024694291703,1.1146376887695821,,,1.7124469030969025,0.8657051282051283,0.5742646757859747,0.2377114154479312,0.1880239087660936,0.811976091233906,0.4257353242140249,0.579245238048214,2,1,1,0,0,1,0,1
BSA,554902,2026-05-24 19:00:00+00:00,Cruzeiro EC,Chapecoense AF,V2_DYNAMIC,0.9852024694291703,1.1146376887695821,,,1.6871069176974034,0.964947563258539,0.5434134793166328,0.2413725219399615,0.21521399874340605,0.7847860012565943,0.4565865206833676,0.6189968195500128,2,1,1,0,0,1,0,1
BSA,554902,2026-05-24 19:00:00+00:00,Cruzeiro EC,Chapecoense AF,V2_DYNAMIC_DC,0.9852024694291703,1.1146376887695821,0.01,,1.6871069176974034,0.964947563258539,0.5445613010221805,0.23907687852876713,0.21636182044905244,0.7836381795509476,0.4554386989778196,0.618996819550127,2,1,1,0,0,1,0,1
BSA,554902,2026-05-24 19:00:00+00:00,Cruzeiro EC,Chapecoense AF,V2_DYNAMIC_BP,0.9852024694291703,1.1146376887695821,,0.0,1.6871069176974034,0.964947563258539,0.5434134793166325,0.24137252193996145,0.21521399874340597,0.7847860012565939,0.4565865206833674,0.618996819550013,2,1,1,0,0,1,0,1
BSA,554906,2026-05-24 19:00:00+00:00,Clube do Remo,CA Paranaense,V1_RAW,0.9861836070977867,1.124132531804774,,,1.415840647045855,0.9772536651234568,0.4712055747417324,0.2687926227338164,0.2600018025244516,0.739998197475549,0.528794425258268,0.6236567545268732,1,2,0,0,1,0,1,1
BSA,554906,2026-05-24 19:00:00+00:00,Clube do Remo,CA Paranaense,V2_DYNAMIC,0.9861836070977867,1.124132531804774,,,1.3962788363793457,1.0985626367907262,0.43738029990574884,0.2667195106694504,0.2959001894248007,0.7040998105751992,0.562619700094251,0.6666501070183358,1,2,0,0,1,0,1,1
BSA,554906,2026-05-24 19:00:00+00:00,Clube do Remo,CA Paranaense,V2_DYNAMIC_DC,0.9861836070977867,1.124132531804774,0.01,,1.3962788363793457,1.0985626367907262,0.4386459137748837,0.26418828293110364,0.2971658032940129,0.7028341967059873,0.5613540862251165,0.6666501070185185,1,2,0,0,1,0,1,1
BSA,554906,2026-05-24 19:00:00+00:00,Clube do Remo,CA Paranaense,V2_DYNAMIC_BP,0.9861836070977867,1.124132531804774,,0.0,1.3962788363793457,1.0985626367907262,0.43738029990574895,0.2667195106694504,0.2959001894248007,0.7040998105751993,0.562619700094251,0.6666501070183358,1,2,0,0,1,0,1,1
BSA,554900,2026-05-24 21:30:00+00:00,SC Corinthians Paulista,CA Mineiro,V1_RAW,0.9798021204765504,1.1317445859450552,,,1.1497195511133516,1.0030581795557003,0.3901818127844639,0.2940669159446862,0.31575127127085,0.6842487287291501,0.6098181872155363,0.633243881677539,1,0,1,0,0,1,0,0
BSA,554900,2026-05-24 21:30:00+00:00,SC Corinthians Paulista,CA Mineiro,V2_DYNAMIC,0.9798021204765504,1.1317445859450552,,,1.1264976541342095,1.135205664100067,0.3545634384835199,0.28654044141011553,0.3588961201063645,0.6411038798936355,0.6454365615164801,0.6786439653399323,1,0,1,0,0,1,0,0
BSA,554900,2026-05-24 21:30:00+00:00,SC Corinthians Paulista,CA Mineiro,V2_DYNAMIC_DC,0.9798021204765504,1.1317445859450552,0.01,,1.1264976541342095,1.135205664100067,0.3558956083327466,0.28387610171167416,0.3602282899555794,0.6397717100444207,0.6441043916672535,0.6786439653403407,1,0,1,0,0,1,0,0
BSA,554900,2026-05-24 21:30:00+00:00,SC Corinthians Paulista,CA Mineiro,V2_DYNAMIC_BP,0.9798021204765504,1.1317445859450552,,0.0,1.1264976541342095,1.135205664100067,0.3545634384835199,0.28654044141011553,0.35889612010636457,0.6411038798936355,0.6454365615164801,0.6786439653399323,1,0,1,0,0,1,0,0
BSA,554908,2026-05-24 23:30:00+00:00,CR Vasco da Gama,RB Bragantino,V1_RAW,0.9840551745719923,1.109603470406303,,,1.355336840006683,0.9489503948382164,0.4615947482880252,0.2759092913105104,0.2624959604014637,0.7375040395985357,0.5384052517119742,0.612852838065771,0,3,0,0,1,0,1,1
BSA,554908,2026-05-24 23:30:00+00:00,CR Vasco da Gama,RB Bragantino,V2_DYNAMIC,0.9840551745719923,1.109603470406303,,,1.3337262306966289,1.0529586513559164,0.4309729561904625,0.2741009557715394,0.29492608803799775,0.705073911962002,0.5690270438095372,0.6510960586900788,0,3,0,0,1,0,1,1
BSA,554908,2026-05-24 23:30:00+00:00,CR Vasco da Gama,RB Bragantino,V2_DYNAMIC_DC,0.9840551745719923,1.109603470406303,0.05,,1.3337262306966289,1.0529586513559164,0.4374283690596349,0.2611901300330871,0.301381500907278,0.698618499092722,0.5625716309403651,0.6510960586903549,0,3,0,0,1,0,1,1
BSA,554908,2026-05-24 23:30:00+00:00,CR Vasco da Gama,RB Bragantino,V2_DYNAMIC_BP,0.9840551745719923,1.109603470406303,,0.0,1.3337262306966289,1.0529586513559164,0.4309729561904625,0.2741009557715394,0.2949260880379977,0.705073911962002,0.5690270438095371,0.6510960586900788,0,3,0,0,1,0,1,1
BSA,554901,2026-05-25 23:00:00+00:00,Coritiba FBC,EC Bahia,V1_RAW,0.9678567817590147,1.132776631603692,,,1.2645164497988786,1.0604947525238209,0.4100682875363404,0.2800004903995635,0.3099312220640965,0.6900687779359039,0.58993171246366,0.6537155571607509,3,2,1,0,0,1,0,1
BSA,554901,2026-05-25 23:00:00+00:00,Coritiba FBC,EC Bahia,V2_DYNAMIC,0.9678567817590147,1.132776631603692,,,1.2238708215836773,1.2013036735973248,0.36799874551658723,0.27490061421402473,0.35710064026938815,0.642899359730612,0.6320012544834128,0.6991981722679197,3,2,1,0,0,1,0,1
BSA,554901,2026-05-25 23:00:00+00:00,Coritiba FBC,EC Bahia,V2_DYNAMIC_DC,0.9678567817590147,1.132776631603692,0.05,,1.2238708215836773,1.2013036735973248,0.3745018173245517,0.26189447059808857,0.36360371207736003,0.6363962879226402,0.6254981826754487,0.6991981722681251,3,2,1,0,0,1,0,1
BSA,554901,2026-05-25 23:00:00+00:00,Coritiba FBC,EC Bahia,V2_DYNAMIC_BP,0.9678567817590147,1.132776631603692,,0.0,1.2238708215836773,1.2013036735973248,0.3679987455165873,0.27490061421402473,0.3571006402693882,0.6428993597306121,0.6320012544834129,0.6991981722679197,3,2,1,0,0,1,0,1
BSA,554910,2026-05-30 19:00:00+00:00,CA Paranaense,Mirassol FC,V1_RAW,0.9903288910405477,1.1620136992128673,,,1.7453132331014851,0.7942773323990833,0.6002580490672599,0.2325525090297767,0.1671894419029627,0.8328105580970366,0.3997419509327395,0.5480923040025342,1,0,1,0,0,1,0,0
BSA,554910,2026-05-30 19:00:00+00:00,CA Paranaense,Mirassol FC,V2_DYNAMIC,0.9903288910405477,1.1620136992128673,,,1.7284341186557866,0.922961141221987,0.5636829317723371,0.23679463126079822,0.19952243696686475,0.8004775630331353,0.436317068227663,0.602659282847338,1,0,1,0,0,1,0,0
BSA,554910,2026-05-30 19:00:00+00:00,CA Paranaense,Mirassol FC,V2_DYNAMIC_DC,0.9903288910405477,1.1620136992128673,0.12,,1.7284341186557866,0.922961141221987,0.5771890980101569,0.20978229878500354,0.21302860320484002,0.7869713967951605,0.42281090198984356,0.602659282847508,1,0,1,0,0,1,0,0
BSA,554910,2026-05-30 19:00:00+00:00,CA Paranaense,Mirassol FC,V2_DYNAMIC_BP,0.9903288910405477,1.1620136992128673,,0.0,1.7284341186557866,0.922961141221987,0.5636829317723371,0.23679463126079825,0.19952243696686475,0.8004775630331353,0.43631706822766303,0.6026592828473378,1,0,1,0,0,1,0,0
BSA,554914,2026-05-30 19:00:00+00:00,CR Flamengo,Coritiba FBC,V1_RAW,0.9911033316287021,1.1280247242010448,,,1.683104201811648,1.296459413673098,0.4652722493205403,0.2390373221968162,0.2956904284826434,0.7043095715173565,0.5347277506794597,0.726501574412713,3,0,1,0,0,1,0,0
BSA,554914,2026-05-30 19:00:00+00:00,CR Flamengo,Coritiba FBC,V2_DYNAMIC,0.9911033316287021,1.1280247242010448,,,1.6681301818937917,1.4624382725464447,0.4263656900470515,0.23588053035157203,0.3377537796013765,0.6622462203986235,0.5736343099529485,0.7683291907608747,3,0,1,0,0,1,0,0
BSA,554914,2026-05-30 19:00:00+00:00,CR Flamengo,Coritiba FBC,V2_DYNAMIC_DC,0.9911033316287021,1.1280247242010448,0.14,,1.6681301818937917,1.4624382725464447,0.44128840229711785,0.20603510585143964,0.35267649185144273,0.6473235081485575,0.5587115977028824,0.7683291907608746,3,0,1,0,0,1,0,0
BSA,554914,2026-05-30 19:00:00+00:00,CR Flamengo,Coritiba FBC,V2_DYNAMIC_BP,0.9911033316287021,1.1280247242010448,,0.0,1.6681301818937917,1.4624382725464447,0.42636569004705155,0.23588053035157203,0.3377537796013765,0.6622462203986236,0.5736343099529485,0.7683291907608747,3,0,1,0,0,1,0,0
BSA,554911,2026-05-30 20:30:00+00:00,EC Bahia,Botafogo FR,V1_RAW,0.9959806516987829,1.1126920130826425,,,1.7262569956051754,1.470366891254434,0.4383369646419635,0.2324377577858138,0.3292252775722233,0.6707747224277772,0.5616630353580372,0.770158856989813,2,1,1,0,0,1,0,1
BSA,554911,2026-05-30 20:30:00+00:00,EC Bahia,Botafogo FR,V2_DYNAMIC,0.9959806516987829,1.1126920130826425,,,1.7193185674824256,1.6360654961999632,0.40344482462117215,0.2279145946375049,0.36864058074132305,0.6313594192586771,0.596555175378828,0.8052549922304677,2,1,1,0,0,1,0,1
BSA,554911,2026-05-30 20:30:00+00:00,EC Bahia,Botafogo FR,V2_DYNAMIC_DC,0.9959806516987829,1.1126920130826425,0.14,,1.7193185674824256,1.6360654961999632,0.4171871973307559,0.20042984921833798,0.38238295345090684,0.6176170465490939,0.5828128026692448,0.8052549922304677,2,1,1,0,0,1,0,1
BSA,554911,2026-05-30 20:30:00+00:00,EC Bahia,Botafogo FR,V2_DYNAMIC_BP,0.9959806516987829,1.1126920130826425,,0.0,1.7193185674824256,1.6360654961999632,0.4034448246211723,0.22791459463750496,0.3686405807413232,0.6313594192586773,0.5965551753788282,0.8052549922304677,2,1,1,0,0,1,0,1
BSA,554915,2026-05-30 20:30:00+00:00,Grêmio FBPA,SC Corinthians Paulista,V1_RAW,1.0085017269552825,1.1136084413543845,,,1.4735149773965837,0.8581245829254114,0.5162100386005304,0.2646969421944236,0.2190930192050457,0.780906980794954,0.4837899613994694,0.5760435676517721,1,3,0,0,1,0,1,1
BSA,554915,2026-05-30 20:30:00+00:00,Grêmio FBPA,SC Corinthians Paulista,V2_DYNAMIC,1.0085017269552825,1.1136084413543845,,,1.4860423993989287,0.9556147792794487,0.49511730033876916,0.2620305309154072,0.24285216874582344,0.7571478312541764,0.5048826996612306,0.6154243548324843,1,3,0,0,1,0,1,1
BSA,554915,2026-05-30 20:30:00+00:00,Grêmio FBPA,SC Corinthians Paulista,V2_DYNAMIC_DC,1.0085017269552825,1.1136084413543845,0.18,,1.4860423993989287,0.9556147792794487,0.517360053690288,0.21754502421217287,0.2650949220975387,0.7349050779024608,0.4826399463097116,0.6154243548327841,1,3,0,0,1,0,1,1
BSA,554915,2026-05-30 20:30:00+00:00,Grêmio FBPA,SC Corinthians Paulista,V2_DYNAMIC_BP,1.0085017269552825,1.1136084413543845,,0.0,1.4860423993989287,0.9556147792794487,0.4951173003387692,0.2620305309154072,0.2428521687458235,0.7571478312541764,0.5048826996612307,0.6154243548324843,1,3,0,0,1,0,1,1
BSA,554918,2026-05-30 23:00:00+00:00,Santos FC,EC Vitória,V1_RAW,1.0011671853652193,1.14969114666753,,,1.8478053796576317,1.0092370310191794,0.5701679746843803,0.2261424621631302,0.2036895631524888,0.7963104368475106,0.4298320253156191,0.6355030266079921,3,1,1,0,0,1,0,1
BSA,554918,2026-05-30 23:00:00+00:00,Santos FC,EC Vitória,V2_DYNAMIC,1.0011671853652193,1.14969114666753,,,1.8499621110545417,1.1603108794517738,0.534992967571771,0.227340176071095,0.23766685635713353,0.762333143642866,0.4650070324282285,0.6866112464147922,3,1,1,0,0,1,0,1
BSA,554918,2026-05-30 23:00:00+00:00,Santos FC,EC Vitória,V2_DYNAMIC_DC,1.0011671853652193,1.14969114666753,0.19,,1.8499621110545417,1.1603108794517738,0.555090726014552,0.18714465918553327,0.2577646147999146,0.7422353852000853,0.4449092739854479,0.6866112464147921,3,1,1,0,0,1,0,1
BSA,554918,2026-05-30 23:00:00+00:00,Santos FC,EC Vitória,V2_DYNAMIC_BP,1.0011671853652193,1.14969114666753,,0.0,1.8499621110545417,1.1603108794517738,0.534992967571771,0.227340176071095,0.23766685635713353,0.762333143642866,0.4650070324282285,0.6866112464147922,3,1,1,0,0,1,0,1
BSA,554912,2026-05-31 14:00:00+00:00,RB Bragantino,SC Internacional,V1_RAW,1.011915477447525,1.1369590898181154,,,1.434672062460729,1.062275777536892,0.4559889499423727,0.2645422655645819,0.2794687844930453,0.7205312155069548,0.5440110500576272,0.6543317495251952,3,1,1,0,0,1,0,1
BSA,554912,2026-05-31 14:00:00+00:00,RB Bragantino,SC Internacional,V2_DYNAMIC,1.011915477447525,1.1369590898181154,,,1.451766865065574,1.2077641011641758,0.4273684981038047,0.2581843101777796,0.3144471917184158,0.6855528082815843,0.5726315018961954,0.7011352158566969,3,1,1,0,0,1,0,1
BSA,554912,2026-05-31 14:00:00+00:00,RB Bragantino,SC Internacional,V2_DYNAMIC_DC,1.011915477447525,1.1369590898181154,0.19,,1.451766865065574,1.2077641011641758,0.4506823040934666,0.21155669819845566,0.33776099770807766,0.6622390022919222,0.5493176959065333,0.701135215856697,3,1,1,0,0,1,0,1
BSA,554912,2026-05-31 14:00:00+00:00,RB Bragantino,SC Internacional,V2_DYNAMIC_BP,1.011915477447525,1.1369590898181154,,0.0,1.451766865065574,1.2077641011641758,0.4273684981038047,0.2581843101777796,0.3144471917184158,0.6855528082815843,0.5726315018961954,0.7011352158566969,3,1,1,0,0,1,0,1
BSA,554916,2026-05-31 19:00:00+00:00,SE Palmeiras,Chapecoense AF,V1_RAW,1.0160643345180262,1.1458454818587256,,,1.8534145218002096,0.6732601122599028,0.6559942488961426,0.2154368457501202,0.1285689053537372,0.8714310946462628,0.3440057511038574,0.4899569332697566,1,0,1,0,0,1,0,0
BSA,554916,2026-05-31 19:00:00+00:00,SE Palmeiras,Chapecoense AF,V2_DYNAMIC,1.0160643345180262,1.1458454818587256,,,1.8831883926789759,0.771452057748708,0.6370462450148945,0.2161643256536497,0.14678942933145572,0.8532105706685442,0.3629537549851054,0.5376587651840538,1,0,1,0,0,1,0,0
BSA,554916,2026-05-31 19:00:00+00:00,SE Palmeiras,Chapecoense AF,V2_DYNAMIC_DC,1.0160643345180262,1.1458454818587256,0.19,,1.8831883926789759,0.771452057748708,0.6564579052464354,0.1773410051901866,0.16620108956337765,0.833798910436622,0.34354209475356423,0.5376587651844126,1,0,1,0,0,1,0,0
BSA,554916,2026-05-31 19:00:00+00:00,SE Palmeiras,Chapecoense AF,V2_DYNAMIC_BP,1.0160643345180262,1.1458454818587256,,0.0,1.8831883926789759,0.771452057748708,0.6370462450148944,0.2161643256536497,0.14678942933145572,0.8532105706685441,0.3629537549851054,0.5376587651840538,1,0,1,0,0,1,0,0
BSA,554919,2026-05-31 19:00:00+00:00,CR Vasco da Gama,CA Mineiro,V1_RAW,1.0043867850520238,1.1160394920239596,,,1.251531695007128,1.1236442018222983,0.3923299802542449,0.2776104926992033,0.3300595270465518,0.6699404729534483,0.6076700197457552,0.674907070896875,0,1,0,0,1,0,1,1
BSA,554919,2026-05-31 19:00:00+00:00,CR Vasco da Gama,CA Mineiro,V2_DYNAMIC,1.0043867850520238,1.1160394920239596,,,1.2570218955389194,1.2540313042174254,0.3660376583562662,0.2693473654372231,0.36461497620651095,0.6353850237934893,0.6339623416437341,0.7146478387599319,0,1,0,0,1,0,1,1
BSA,554919,2026-05-31 19:00:00+00:00,CR Vasco da Gama,CA Mineiro,V2_DYNAMIC_DC,1.0043867850520238,1.1160394920239596,0.2,,1.2570218955389194,1.2540313042174254,0.3916320465219086,0.21815858910593794,0.3902093643721537,0.6097906356278465,0.6083679534780917,0.7146478387600506,0,1,0,0,1,0,1,1
BSA,554919,2026-05-31 19:00:00+00:00,CR Vasco da Gama,CA Mineiro,V2_DYNAMIC_BP,1.0043867850520238,1.1160394920239596,,0.0,1.2570218955389194,1.2540313042174254,0.3660376583562662,0.269347365437223,0.36461497620651084,0.6353850237934893,0.6339623416437339,0.7146478387599319,0,1,0,0,1,0,1,1
BSA,554913,2026-05-31 23:30:00+00:00,Cruzeiro EC,Fluminense FC,V1_RAW,0.9756860556594273,1.0993712578245671,,,1.5931336675432828,1.235946021011955,0.4568052324634853,0.2468196232602117,0.2963751442763035,0.7036248557236972,0.5431947675365153,0.7094402433272625,1,1,0,1,0,1,1,1
BSA,554913,2026-05-31 23:30:00+00:00,Cruzeiro EC,Fluminense FC,V2_DYNAMIC,0.9756860556594273,1.0993712578245671,,,1.554398304223543,1.3587635317231819,0.42061818037824067,0.24581218131166357,0.3335696383100959,0.6664303616899042,0.5793818196217595,0.74302161954793,1,1,0,1,0,1,1,1
BSA,554913,2026-05-31 23:30:00+00:00,Cruzeiro EC,Fluminense FC,V2_DYNAMIC_DC,0.9756860556594273,1.0993712578245671,0.2,,1.554398304223543,1.3587635317231819,0.44355675937808164,0.1999350233119818,0.35650821730993687,0.6434917826900635,0.5564432406219186,0.7430216195479299,1,1,0,1,0,1,1,1
BSA,554913,2026-05-31 23:30:00+00:00,Cruzeiro EC,Fluminense FC,V2_DYNAMIC_BP,0.9756860556594273,1.0993712578245671,,0.0,1.554398304223543,1.3587635317231819,0.4206181803782406,0.24581218131166355,0.3335696383100959,0.6664303616899041,0.5793818196217595,0.74302161954793,1,1,0,1,0,1,1,1
BSA,554917,2026-05-31 23:30:00+00:00,Clube do Remo,São Paulo FC,V1_RAW,0.9791152140749302,1.1068602848443054,,,1.3585604739989352,1.185985449176383,0.4077303850663153,0.2660606554914206,0.3262089594422647,0.673791040557736,0.5922696149336852,0.6945549694142127,1,0,1,0,0,1,0,0
BSA,554917,2026-05-31 23:30:00+00:00,Clube do Remo,São Paulo FC,V2_DYNAMIC,0.9791152140749302,1.1068602848443054,,,1.330187229333206,1.3127201920965728,0.3733651493296547,0.26139565112313634,0.3652391995472087,0.634760800452791,0.626634850670345,0.7309128680616606,1,0,1,0,0,1,0,0
BSA,554917,2026-05-31 23:30:00+00:00,Clube do Remo,São Paulo FC,V2_DYNAMIC_DC,0.9791152140749302,1.1068602848443054,0.17,,1.330187229333206,1.3127201920965728,0.39448709356500616,0.21915176265243366,0.38636114378256015,0.6136388562174399,0.6055129064349938,0.7309128680616606,1,0,1,0,0,1,0,0
BSA,554917,2026-05-31 23:30:00+00:00,Clube do Remo,São Paulo FC,V2_DYNAMIC_BP,0.9791152140749302,1.1068602848443054,,0.0,1.330187229333206,1.3127201920965728,0.3733651493296547,0.2613956511231363,0.3652391995472087,0.6347608004527909,0.626634850670345,0.7309128680616606,1,0,1,0,0,1,0,0
BSA,554921,2026-07-16 22:30:00+00:00,Botafogo FR,Santos FC,V1_RAW,0.9736158538647507,1.1040338502482432,,,2.224422777275038,1.6038883549331304,0.5190656200863606,0.2030512053481271,0.2778831745655123,0.7221168254344876,0.4809343799136394,0.7988870030359478,2,1,1,0,0,1,0,1
BSA,554921,2026-07-16 22:30:00+00:00,Botafogo FR,Santos FC,V2_DYNAMIC,0.9736158538647507,1.1040338502482432,,,2.165733281652836,1.770747035865145,0.47371579437840894,0.2052846437810949,0.32099956184049605,0.6790004381595038,0.526284205621591,0.8297937525751944,2,1,1,0,0,1,0,1
BSA,554921,2026-07-16 22:30:00+00:00,Botafogo FR,Santos FC,V2_DYNAMIC_DC,0.9736158538647507,1.1040338502482432,0.2,,2.165733281652836,1.770747035865145,0.488685333562579,0.1753455654127548,0.33596910102466615,0.6640308989753338,0.511314666437421,0.8297937525751944,2,1,1,0,0,1,0,1
BSA,554921,2026-07-16 22:30:00+00:00,Botafogo FR,Santos FC,V2_DYNAMIC_BP,0.9736158538647507,1.1040338502482432,,0.0,2.165733281652836,1.770747035865145,0.4737157943784089,0.2052846437810949,0.32099956184049605,0.6790004381595038,0.526284205621591,0.8297937525751945,2,1,1,0,0,1,0,1
BSA,554929,2026-07-16 22:30:00+00:00,EC Vitória,CR Vasco da Gama,V1_RAW,0.9707717821601916,1.0847047881569776,,,1.979155554420031,0.7703853138557065,0.6575491785452477,0.2055817757718653,0.1368690456828867,0.8631309543171131,0.342450821454752,0.5371653026727528,1,0,1,0,0,1,0,0
BSA,554929,2026-07-16 22:30:00+00:00,EC Vitória,CR Vasco da Gama,V2_DYNAMIC,0.9707717821601916,1.0847047881569776,,,1.9213083647365754,0.8356406386651009,0.6290507019371291,0.2144046352931025,0.1565446627697684,0.8434553372302316,0.3709492980628709,0.5664033856176048,1,0,1,0,0,1,0,0
BSA,554929,2026-07-16 22:30:00+00:00,EC Vitória,CR Vasco da Gama,V2_DYNAMIC_DC,0.9707717821601916,1.0847047881569776,0.2,,1.9213083647365754,0.8356406386651009,0.6494362022385036,0.17363363469013976,0.1769301630713564,0.8230698369286433,0.35056379776149615,0.5664033856178006,1,0,1,0,0,1,0,0
BSA,554929,2026-07-16 22:30:00+00:00,EC Vitória,CR Vasco da Gama,V2_DYNAMIC_BP,0.9707717821601916,1.0847047881569776,,0.0,1.9213083647365754,0.8356406386651009,0.6290507019371292,0.21440463529310252,0.15654466276976842,0.8434553372302317,0.3709492980628709,0.5664033856176048,1,0,1,0,0,1,0,0
BSA,554770,2026-07-17 22:30:00+00:00,EC Bahia,Chapecoense AF,V1_RAW,0.9588669673707075,1.0682041981216868,,,1.6364646148632769,0.7906967365801968,0.575187464261499,0.2452467945953288,0.1795657411431719,0.8204342588568279,0.4248125357385007,0.5464713048561972,2,0,1,0,0,1,0,0
BSA,554770,2026-07-17 22:30:00+00:00,EC Bahia,Chapecoense AF,V2_DYNAMIC,0.9588669673707075,1.0682041981216868,,,1.569151862463423,0.8446255734560837,0.5444494249182605,0.25364865159078187,0.20190192349095776,0.7980980765090424,0.45555057508173963,0.5702817732212087,2,0,1,0,0,1,0,0
BSA,554770,2026-07-17 22:30:00+00:00,EC Bahia,Chapecoense AF,V2_DYNAMIC_DC,0.9588669673707075,1.0682041981216868,0.2,,1.569151862463423,0.8446255734560837,0.5681669489002923,0.206213603626045,0.2256194474736631,0.7743805525263373,0.4318330510997081,0.570281773221708,2,0,1,0,0,1,0,0
BSA,554770,2026-07-17 22:30:00+00:00,EC Bahia,Chapecoense AF,V2_DYNAMIC_BP,0.9588669673707075,1.0682041981216868,,0.0,1.569151862463423,0.8446255734560837,0.5444494249182605,0.2536486515907819,0.20190192349095776,0.7980980765090424,0.4555505750817397,0.5702817732212087,2,0,1,0,0,1,0,0
PPL,545790,2025-11-09 15:30:00+00:00,AVS,Gil Vicente FC,V1_RAW,1.0587676688907703,1.1210213400253466,,,0.6679075023337718,1.9574748523537304,0.1179428730546524,0.2029122345723593,0.6791448923729883,0.3208551076270117,0.8820571269453475,0.8587854413079208,1,1,0,1,0,1,1,1
PPL,545790,2025-11-09 15:30:00+00:00,AVS,Gil Vicente FC,V2_DYNAMIC,1.0587676688907703,1.1210213400253466,,,0.7071588692805844,2.1943710820514966,0.10585492417367448,0.179559870533606,0.7145852052927194,0.2854147947072805,0.8941450758263254,0.8885692263082873,1,1,0,1,0,1,1,1
PPL,545790,2025-11-09 15:30:00+00:00,AVS,Gil Vicente FC,V2_DYNAMIC_DC,1.0587676688907703,1.1210213400253466,-0.12,,0.7071588692805844,2.1943710820514966,0.09562439115254993,0.20002093657625825,0.7043546722711916,0.2956453277288082,0.9043756088474499,0.8885692263083611,1,1,0,1,0,1,1,1
PPL,545790,2025-11-09 15:30:00+00:00,AVS,Gil Vicente FC,V2_DYNAMIC_BP,1.0587676688907703,1.1210213400253466,,0.0,0.7071588692805844,2.1943710820514966,0.10585492417367447,0.17955987053360598,0.7145852052927193,0.28541479470728043,0.8941450758263253,0.8885692263082874,1,1,0,1,0,1,1,1
PPL,545791,2025-11-09 15:30:00+00:00,CF Estrela da Amadora,CD Nacional,V1_RAW,1.0627109263685584,1.1044358684587565,,,0.9993409358622224,1.2079238176580094,0.3033487698702881,0.2886592211284937,0.4079920090012178,0.5920079909987819,0.6966512301297116,0.7011829655044917,1,1,0,1,0,1,1,1
PPL,545791,2025-11-09 15:30:00+00:00,CF Estrela da Amadora,CD Nacional,V2_DYNAMIC,1.0627109263685584,1.1044358684587565,,,1.0620105317081645,1.3340743905871402,0.29734157583412874,0.2736804928463334,0.428977931319538,0.5710220686804621,0.7026584241658713,0.7365980835632413,1,1,0,1,0,1,1,1
PPL,545791,2025-11-09 15:30:00+00:00,CF Estrela da Amadora,CD Nacional,V2_DYNAMIC_DC,1.0627109263685584,1.1044358684587565,-0.17,,1.0620105317081645,1.3340743905871402,0.2754058799168657,0.3175518846809611,0.4070422354021728,0.5929577645978268,0.724594120083134,0.7365980835634454,1,1,0,1,0,1,1,1
PPL,545791,2025-11-09 15:30:00+00:00,CF Estrela da Amadora,CD Nacional,V2_DYNAMIC_BP,1.0627109263685584,1.1044358684587565,,0.0,1.0620105317081645,1.3340743905871402,0.29734157583412874,0.2736804928463334,0.42897793131953804,0.5710220686804621,0.7026584241658714,0.7365980835632412,1,1,0,1,0,1,1,1
PPL,545793,2025-11-09 18:00:00+00:00,FC Famalicão,FC Porto,V1_RAW,1.0620439805512043,1.1000444421749096,,,0.8490530653625952,1.2713922375,0.2484883742608284,0.288931774942683,0.4625798507964883,0.5374201492035114,0.7515116257391713,0.7195590904913984,0,1,0,0,1,0,1,1
PPL,545793,2025-11-09 18:00:00+00:00,FC Famalicão,FC Porto,V2_DYNAMIC,1.0620439805512043,1.1000444421749096,,,0.9017316972368924,1.3985879646861976,0.24238850102177756,0.2725284129625429,0.4850830860156795,0.5149169139843204,0.7576114989782223,0.7530545173174212,0,1,0,0,1,0,1,1
PPL,545793,2025-11-09 18:00:00+00:00,FC Famalicão,FC Porto,V2_DYNAMIC_DC,1.0620439805512043,1.1000444421749096,-0.2,,0.9017316972368924,1.3985879646861976,0.21710826607846442,0.3230888828498409,0.45980285107169466,0.5401971489283053,0.7828917339215355,0.7530545173177939,0,1,0,0,1,0,1,1
PPL,545793,2025-11-09 18:00:00+00:00,FC Famalicão,FC Porto,V2_DYNAMIC_BP,1.0620439805512043,1.1000444421749096,,0.0,0.9017316972368924,1.3985879646861976,0.24238850102177753,0.2725284129625428,0.48508308601567934,0.5149169139843204,0.7576114989782221,0.7530545173174212,0,1,0,0,1,0,1,1
PPL,545795,2025-11-09 20:30:00+00:00,Sporting Clube de Braga,Moreirense FC,V1_RAW,1.0509901025266115,1.0948515542124182,,,1.6944333808216718,0.9692669699735528,0.5441178137982274,0.2406569167694868,0.2152252694322854,0.7847747305677143,0.4558821862017723,0.6206389807753476,2,1,1,0,0,1,0,1
PPL,545795,2025-11-09 20:30:00+00:00,Sporting Clube de Braga,Moreirense FC,V2_DYNAMIC,1.0509901025266115,1.0948515542124182,,,1.7808327126342818,1.0612034485223056,0.5423347953934804,0.23288274211906843,0.22478246248745154,0.7752175375125488,0.45766520460651994,0.6539608742985811,2,1,1,0,0,1,0,1
PPL,545795,2025-11-09 20:30:00+00:00,Sporting Clube de Braga,Moreirense FC,V2_DYNAMIC_DC,1.0509901025266115,1.0948515542124182,-0.16,,1.7808327126342818,1.0612034485223056,0.524704386983471,0.26814355893908715,0.2071520540774422,0.7928479459225581,0.47529561301652934,0.6539608742985811,2,1,1,0,0,1,0,1
PPL,545795,2025-11-09 20:30:00+00:00,Sporting Clube de Braga,Moreirense FC,V2_DYNAMIC_BP,1.0509901025266115,1.0948515542124182,,0.0,1.7808327126342818,1.0612034485223056,0.5423347953934804,0.23288274211906843,0.22478246248745154,0.7752175375125488,0.45766520460651994,0.6539608742985811,2,1,1,0,0,1,0,1
PPL,545796,2025-11-09 20:30:00+00:00,Sport Lisboa e Benfica,Casa Pia AC,V1_RAW,1.0535349584384122,1.0942085869319487,,,2.319991813136958,0.8657175477582756,0.6995425596497611,0.1766745568134063,0.1237828835368329,0.8762171164631675,0.3004574403502393,0.5792504636018925,2,2,0,1,0,1,1,1
PPL,545796,2025-11-09 20:30:00+00:00,Sport Lisboa e Benfica,Casa Pia AC,V2_DYNAMIC,1.0535349584384122,1.0942085869319487,,,2.444192478430702,0.9472755746147745,0.702610258641215,0.1701593987904499,0.127230342568335,0.8727696574316648,0.2973897413587849,0.6122038906349418,2,2,0,1,0,1,1,1
PPL,545796,2025-11-09 20:30:00+00:00,Sport Lisboa e Benfica,Casa Pia AC,V2_DYNAMIC_DC,1.0535349584384122,1.0942085869319487,-0.16,,2.444192478430702,0.9472755746147745,0.6901405065021853,0.19509890306850972,0.11476059042930507,0.885239409570695,0.3098594934978148,0.6122038906349417,2,2,0,1,0,1,1,1
PPL,545796,2025-11-09 20:30:00+00:00,Sport Lisboa e Benfica,Casa Pia AC,V2_DYNAMIC_BP,1.0535349584384122,1.0942085869319487,,0.0,2.444192478430702,0.9472755746147745,0.702610258641215,0.1701593987904499,0.127230342568335,0.8727696574316648,0.2973897413587849,0.6122038906349418,2,2,0,1,0,1,1,1
PPL,545801,2025-11-28 20:15:00+00:00,Vitória SC,AVS,V1_RAW,1.048026057154419,1.1077657480145717,,,1.9021523106060607,1.1767939217758985,0.5429512050223952,0.2231567675927457,0.2338920273848587,0.766107972615141,0.4570487949776044,0.6917345207877375,4,0,1,0,0,1,0,0
PPL,545801,2025-11-28 20:15:00+00:00,Vitória SC,AVS,V2_DYNAMIC,1.048026057154419,1.1077657480145717,,,1.9935051861916377,1.3036119990150796,0.5344572449889394,0.21686126494508143,0.2486814900659791,0.7513185099340208,0.4655427550110605,0.7284507776238627,4,0,1,0,0,1,0,0
PPL,545801,2025-11-28 20:15:00+00:00,Vitória SC,AVS,V2_DYNAMIC_DC,1.048026057154419,1.1077657480145717,-0.16,,1.9935051861916377,1.3036119990150796,0.5190767800125577,0.24762219489784457,0.23330102508959752,0.7666989749104023,0.4809232199874421,0.7284507776238627,4,0,1,0,0,1,0,0
PPL,545801,2025-11-28 20:15:00+00:00,Vitória SC,AVS,V2_DYNAMIC_BP,1.048026057154419,1.1077657480145717,,0.0,1.9935051861916377,1.3036119990150796,0.5344572449889393,0.2168612649450814,0.2486814900659791,0.7513185099340207,0.46554275501106046,0.7284507776238627,4,0,1,0,0,1,0,0
PPL,545804,2025-11-29 15:30:00+00:00,Casa Pia AC,FC Alverca,V1_RAW,1.0708794603930651,1.0914714323484018,,,1.5013852673942378,1.8987744850137551,0.3068485382290095,0.2220633926392998,0.4710880691316904,0.5289119308683093,0.6931514617709903,0.8502479698295583,0,2,0,0,1,0,1,1
PPL,545804,2025-11-29 15:30:00+00:00,Casa Pia AC,FC Alverca,V2_DYNAMIC,1.0708794603930651,1.0914714323484018,,,1.6078026449892393,2.072458106864562,0.3018811856556444,0.21133812233096994,0.4867806920133856,0.5132193079866143,0.6981188143443555,0.874122566576644,0,2,0,0,1,0,1,1
PPL,545804,2025-11-29 15:30:00+00:00,Casa Pia AC,FC Alverca,V2_DYNAMIC_DC,1.0708794603930651,1.0914714323484018,-0.16,,1.6078026449892393,2.072458106864562,0.28843723187657716,0.23822602988910457,0.47333673823431827,0.5266632617656817,0.7115627681234229,0.874122566576644,0,2,0,0,1,0,1,1
PPL,545804,2025-11-29 15:30:00+00:00,Casa Pia AC,FC Alverca,V2_DYNAMIC_BP,1.0708794603930651,1.0914714323484018,,0.0,1.6078026449892393,2.072458106864562,0.3018811856556443,0.21133812233096982,0.4867806920133855,0.5132193079866141,0.6981188143443553,0.874122566576644,0,2,0,0,1,0,1,1
PPL,545805,2025-11-29 15:30:00+00:00,Moreirense FC,FC Famalicão,V1_RAW,1.0527197067093594,1.0902625839685625,,,1.1011089438551631,1.0428335380650546,0.3669806701168752,0.2956897419648561,0.3373295879182695,0.6626704120817313,0.6330193298831257,0.6475454277432154,2,2,0,1,0,1,1,1
PPL,545805,2025-11-29 15:30:00+00:00,Moreirense FC,FC Famalicão,V2_DYNAMIC,1.0527197067093594,1.0902625839685625,,,1.15915908443026,1.1369623878598847,0.3635088646191874,0.2839554204914508,0.3525357148893619,0.6474642851106382,0.6364911353808127,0.6792080033680674,2,2,0,1,0,1,1,1
PPL,545805,2025-11-29 15:30:00+00:00,Moreirense FC,FC Famalicão,V2_DYNAMIC_DC,1.0527197067093594,1.0902625839685625,-0.16,,1.15915908443026,1.1369623878598847,0.34228540039666033,0.32640234893649467,0.33131225066684467,0.668687749333155,0.6577145996033393,0.6792080033683495,2,2,0,1,0,1,1,1
PPL,545805,2025-11-29 15:30:00+00:00,Moreirense FC,FC Famalicão,V2_DYNAMIC_BP,1.0527197067093594,1.0902625839685625,,0.0,1.15915908443026,1.1369623878598847,0.3635088646191874,0.28395542049145084,0.3525357148893619,0.6474642851106382,0.6364911353808127,0.6792080033680674,2,2,0,1,0,1,1,1
PPL,545807,2025-11-29 18:00:00+00:00,CD Nacional,Sport Lisboa e Benfica,V1_RAW,1.0621337870565313,1.1007353790193843,,,0.7381926255362025,2.003444903918857,0.1280065479636977,0.2014156769915368,0.6705777750447661,0.3294222249552345,0.871993452036303,0.8651301316958359,1,2,0,0,1,0,1,1
PPL,545807,2025-11-29 18:00:00+00:00,CD Nacional,Sport Lisboa e Benfica,V2_DYNAMIC,1.0621337870565313,1.1007353790193843,,,0.7840593289379706,2.2052626856595774,0.11891165906505603,0.183008070954847,0.6980802699800971,0.301919730019903,0.8810883409349441,0.8897762034002283,1,2,0,0,1,0,1,1
PPL,545807,2025-11-29 18:00:00+00:00,CD Nacional,Sport Lisboa e Benfica,V2_DYNAMIC_DC,1.0621337870565313,1.1007353790193843,-0.16,,0.7840593289379706,2.2052626856595774,0.10498996888574538,0.21085145131351862,0.6841585798007357,0.315841420199264,0.8950100311142544,0.889776203400238,1,2,0,0,1,0,1,1
PPL,545807,2025-11-29 18:00:00+00:00,CD Nacional,Sport Lisboa e Benfica,V2_DYNAMIC_BP,1.0621337870565313,1.1007353790193843,,0.0,0.7840593289379706,2.2052626856595774,0.11891165906505603,0.18300807095484697,0.698080269980097,0.301919730019903,0.8810883409349439,0.8897762034002283,1,2,0,0,1,0,1,1
PPL,545800,2025-11-29 20:30:00+00:00,Gil Vicente FC,CD Tondela,V1_RAW,1.0646877047158214,1.0979548952607938,,,1.8193950040077875,0.6672292741737825,0.6501853675025934,0.2192927903834614,0.1305218421139454,0.8694781578860549,0.3498146324974068,0.4868716520528502,0,1,0,0,1,0,1,1
PPL,545800,2025-11-29 20:30:00+00:00,Gil Vicente FC,CD Tondela,V2_DYNAMIC,1.0646877047158214,1.0979548952607938,,,1.937087490788484,0.7325876478404109,0.6583986780835875,0.2084750427615477,0.13312627915486466,0.8668737208451353,0.34160132191641235,0.5193364084446779,0,1,0,0,1,0,1,1
PPL,545800,2025-11-29 20:30:00+00:00,Gil Vicente FC,CD Tondela,V2_DYNAMIC_DC,1.0646877047158214,1.0979548952607938,-0.16,,1.937087490788484,0.7325876478404109,0.6426694895809236,0.23993341976628782,0.11739709065278817,0.8826029093472114,0.357330510419076,0.5193364084451233,0,1,0,0,1,0,1,1
PPL,545800,2025-11-29 20:30:00+00:00,Gil Vicente FC,CD Tondela,V2_DYNAMIC_BP,1.0646877047158214,1.0979548952607938,,0.0,1.937087490788484,0.7325876478404109,0.6583986780835875,0.20847504276154774,0.1331262791548647,0.8668737208451353,0.34160132191641246,0.5193364084446779,0,1,0,0,1,0,1,1
PPL,545806,2025-11-30 15:30:00+00:00,Rio Ave FC,CD Santa Clara,V1_RAW,1.0435728334715948,1.1013310304918846,,,1.305059077974103,1.2082534922145294,0.3885972679650777,0.2688210796584795,0.3425816523764421,0.6574183476235573,0.6114027320349216,0.7012814616410925,1,1,0,1,0,1,1,1
PPL,545806,2025-11-30 15:30:00+00:00,Rio Ave FC,CD Santa Clara,V2_DYNAMIC,1.0435728334715948,1.1013310304918846,,,1.3619241998492615,1.330687063676046,0.3779294446522629,0.25855438925516255,0.3635161660925742,0.6364838339074255,0.6220705553477368,0.7357043434686479,1,1,0,1,0,1,1,1
PPL,545806,2025-11-30 15:30:00+00:00,Rio Ave FC,CD Santa Clara,V2_DYNAMIC_DC,1.0435728334715948,1.1013310304918846,-0.05,,1.3619241998492615,1.330687063676046,0.3717944691741851,0.27082434021131824,0.3573811906144964,0.6426188093855034,0.6282055308258147,0.7357043434686479,1,1,0,1,0,1,1,1
PPL,545806,2025-11-30 15:30:00+00:00,Rio Ave FC,CD Santa Clara,V2_DYNAMIC_BP,1.0435728334715948,1.1013310304918846,,0.0,1.3619241998492615,1.330687063676046,0.37792944465226286,0.25855438925516255,0.3635161660925742,0.6364838339074255,0.6220705553477368,0.7357043434686479,1,1,0,1,0,1,1,1
PPL,545803,2025-11-30 18:00:00+00:00,Sporting Clube de Portugal,CF Estrela da Amadora,V1_RAW,1.0397114375944745,1.0975392941684419,,,1.8344486688311687,0.9508162148070908,0.5813504437094635,0.2264527209795739,0.1921968353109627,0.8078031646890375,0.4186495562905366,0.6135745115056808,4,0,1,0,0,1,0,0
PPL,545803,2025-11-30 18:00:00+00:00,Sporting Clube de Portugal,CF Estrela da Amadora,V2_DYNAMIC,1.0397114375944745,1.0975392941684419,,,1.9072972626637246,1.043558157283284,0.575250556179322,0.2211745887827362,0.20357485503794168,0.7964251449620582,0.42474944382067786,0.6478007251534545,4,0,1,0,0,1,0,0
PPL,545803,2025-11-30 18:00:00+00:00,Sporting Clube de Portugal,CF Estrela da Amadora,V2_DYNAMIC_DC,1.0397114375944745,1.0975392941684419,-0.09,,1.9072972626637246,1.043558157283284,0.5658827119432636,0.23991027725485292,0.19420701080188332,0.8057929891981165,0.4341172880567362,0.6478007251534545,4,0,1,0,0,1,0,0
PPL,545803,2025-11-30 18:00:00+00:00,Sporting Clube de Portugal,CF Estrela da Amadora,V2_DYNAMIC_BP,1.0397114375944745,1.0975392941684419,,0.0,1.9072972626637246,1.043558157283284,0.575250556179322,0.2211745887827362,0.2035748550379417,0.7964251449620582,0.4247494438206779,0.6478007251534545,4,0,1,0,0,1,0,0
PPL,545802,2025-11-30 20:30:00+00:00,FC Porto,GD Estoril Praia,V1_RAW,1.0614970935534438,1.085780630860513,,,1.8866341438183405,0.9901097481634622,0.583488485969205,0.2221279297466931,0.194383584284101,0.8056164157158981,0.4165115140307941,0.6284640865997039,1,0,1,0,0,1,0,0
PPL,545802,2025-11-30 20:30:00+00:00,FC Porto,GD Estoril Praia,V2_DYNAMIC,1.0614970935534438,1.085780630860513,,,2.0026566602618585,1.0750419869820675,0.5885241133448329,0.21326686159055355,0.19820902506461333,0.8017909749353864,0.4114758866551669,0.658716567361832,1,0,1,0,0,1,0,0
PPL,545802,2025-11-30 20:30:00+00:00,FC Porto,GD Estoril Praia,V2_DYNAMIC_DC,1.0614970935534438,1.085780630860513,-0.09,,2.0026566602618585,1.0750419869820675,0.5795982433452407,0.23111860158973804,0.1892831550650211,0.8107168449349788,0.42040175665475915,0.6587165673618322,1,0,1,0,0,1,0,0
PPL,545802,2025-11-30 20:30:00+00:00,FC Porto,GD Estoril Praia,V2_DYNAMIC_BP,1.0614970935534438,1.085780630860513,,0.0,2.0026566602618585,1.0750419869820675,0.588524113344833,0.21326686159055355,0.19820902506461338,0.8017909749353865,0.41147588665516693,0.658716567361832,1,0,1,0,0,1,0,0
PPL,545799,2025-12-01 20:15:00+00:00,FC Arouca,Sporting Clube de Braga,V1_RAW,1.051112113857335,1.0737547627180153,,,1.1688992299615155,1.987998572677868,0.2202759439731345,0.2161070188060885,0.5636170372207775,0.436382962779223,0.779724056026866,0.8630307146312296,0,4,0,0,1,0,1,1
PPL,545799,2025-12-01 20:15:00+00:00,FC Arouca,Sporting Clube de Braga,V2_DYNAMIC,1.051112113857335,1.0737547627180153,,,1.2286441404910597,2.1346229356894773,0.21354574514491095,0.20547960283698916,0.5809746520181002,0.4190253479819001,0.7864542548550894,0.8817090335311102,0,4,0,0,1,0,1,1
PPL,545799,2025-12-01 20:15:00+00:00,FC Arouca,Sporting Clube de Braga,V2_DYNAMIC_DC,1.051112113857335,1.0737547627180153,-0.04,,1.2286441404910597,2.1346229356894773,0.2099135805531065,0.21274393202059824,0.5773424874262957,0.42265751257370476,0.790086419446894,0.8817090335311102,0,4,0,0,1,0,1,1
PPL,545799,2025-12-01 20:15:00+00:00,FC Arouca,Sporting Clube de Braga,V2_DYNAMIC_BP,1.051112113857335,1.0737547627180153,,0.0,1.2286441404910597,2.1346229356894773,0.21354574514491095,0.20547960283698916,0.5809746520181001,0.4190253479819001,0.7864542548550892,0.8817090335311102,0,4,0,0,1,0,1,1
PPL,545812,2025-12-05 20:15:00+00:00,Sport Lisboa e Benfica,Sporting Clube de Portugal,V1_RAW,1.0387217265898565,1.0940109976756784,,,1.2546108203442916,1.475772154255028,0.3220361492684093,0.2547050795395429,0.4232587711920471,0.5767412288079523,0.6779638507315902,0.7713978572383988,1,1,0,1,0,1,1,1
PPL,545812,2025-12-05 20:15:00+00:00,Sport Lisboa e Benfica,Sporting Clube de Portugal,V2_DYNAMIC,1.0387217265898565,1.0940109976756784,,,1.3031915175063389,1.6145109668185282,0.3091406591559454,0.24361310960084406,0.4472462312432103,0.5527537687567895,0.6908593408440543,0.8010118193386842,1,1,0,1,0,1,1,1
PPL,545812,2025-12-05 20:15:00+00:00,Sport Lisboa e Benfica,Sporting Clube de Portugal,V2_DYNAMIC_DC,1.0387217265898565,1.0940109976756784,-0.05,,1.3031915175063389,1.6145109668185282,0.3034537314740128,0.2549869649647095,0.4415593035612776,0.5584406964387223,0.6965462685259871,0.8010118193386842,1,1,0,1,0,1,1,1
PPL,545812,2025-12-05 20:15:00+00:00,Sport Lisboa e Benfica,Sporting Clube de Portugal,V2_DYNAMIC_BP,1.0387217265898565,1.0940109976756784,,0.0,1.3031915175063389,1.6145109668185282,0.3091406591559455,0.2436131096008441,0.4472462312432103,0.5527537687567896,0.6908593408440544,0.8010118193386842,1,1,0,1,0,1,1,1
PPL,545811,2025-12-06 15:30:00+00:00,CD Santa Clara,Casa Pia AC,V1_RAW,1.0357051121703926,1.087285166093284,,,1.50654625009605,1.1026470723939708,0.4653135410901006,0.2570307728113237,0.2776556860985762,0.7223443139014243,0.5346864589098999,0.6680088849741112,1,0,1,0,0,1,0,0
PPL,545811,2025-12-06 15:30:00+00:00,CD Santa Clara,Casa Pia AC,V2_DYNAMIC,1.0357051121703926,1.087285166093284,,,1.5603376529456139,1.1988918052501518,0.4569497572605835,0.25021517680505195,0.2928350659343646,0.7071649340656354,0.5430502427394166,0.6984718026325574,1,0,1,0,0,1,0,0
PPL,545811,2025-12-06 15:30:00+00:00,CD Santa Clara,Casa Pia AC,V2_DYNAMIC_DC,1.0357051121703926,1.087285166093284,-0.08,,1.5603376529456139,1.1988918052501518,0.4474705762546229,0.26917353881697326,0.2833558849284041,0.7166441150715961,0.5525294237453773,0.6984718026325574,1,0,1,0,0,1,0,0
PPL,545811,2025-12-06 15:30:00+00:00,CD Santa Clara,Casa Pia AC,V2_DYNAMIC_BP,1.0357051121703926,1.087285166093284,,0.0,1.5603376529456139,1.1988918052501518,0.45694975726058346,0.25021517680505195,0.2928350659343646,0.7071649340656354,0.5430502427394166,0.6984718026325574,1,0,1,0,0,1,0,0
PPL,545808,2025-12-06 18:00:00+00:00,AVS,Rio Ave FC,V1_RAW,1.0301735020567326,1.074529855579405,,,1.0631717755321202,1.701890231118256,0.2367224371001544,0.2400795981589076,0.5231979647409376,0.476802035259062,0.7632775628998452,0.8176614638730467,1,2,0,0,1,0,1,1
PPL,545808,2025-12-06 18:00:00+00:00,AVS,Rio Ave FC,V2_DYNAMIC,1.0301735020567326,1.074529855579405,,,1.0952513912877986,1.8287318642554997,0.22586376566688054,0.22881008585178522,0.5453261484813342,0.4546738515186658,0.7741362343331194,0.8393822950858473,1,2,0,0,1,0,1,1
PPL,545808,2025-12-06 18:00:00+00:00,AVS,Rio Ave FC,V2_DYNAMIC_DC,1.0301735020567326,1.074529855579405,-0.04,,1.0952513912877986,1.8287318642554997,0.2215599305151838,0.23741775615517854,0.5410223133296375,0.4589776866703623,0.778440069484816,0.8393822950858474,1,2,0,0,1,0,1,1
PPL,545808,2025-12-06 18:00:00+00:00,AVS,Rio Ave FC,V2_DYNAMIC_BP,1.0301735020567326,1.074529855579405,,0.0,1.0952513912877986,1.8287318642554997,0.22586376566688057,0.22881008585178522,0.5453261484813342,0.4546738515186658,0.7741362343331194,0.8393822950858473,1,2,0,0,1,0,1,1
PPL,545816,2025-12-06 20:30:00+00:00,FC Famalicão,Sporting Clube de Braga,V1_RAW,1.0292740139563121,1.0761940886806376,,,1.0173304043693518,1.164657103147133,0.3169771557281569,0.2916994296713559,0.3913234146004865,0.6086765853995129,0.6830228442718425,0.6879703623284477,1,2,0,0,1,0,1,1
PPL,545816,2025-12-06 20:30:00+00:00,FC Famalicão,Sporting Clube de Braga,V2_DYNAMIC,1.0292740139563121,1.0761940886806376,,,1.047111748825041,1.2533970897468603,0.3082920875922017,0.2817148591490942,0.409993053258704,0.590006946741296,0.6917079124077983,0.7144668070262763,1,2,0,0,1,0,1,1
PPL,545816,2025-12-06 20:30:00+00:00,FC Famalicão,Sporting Clube de Braga,V2_DYNAMIC_DC,1.0292740139563121,1.0761940886806376,-0.04,,1.047111748825041,1.2533970897468603,0.3030313885126494,0.2922362573083764,0.4047323541789743,0.5952676458210258,0.6969686114873507,0.7144668070265516,1,2,0,0,1,0,1,1
PPL,545816,2025-12-06 20:30:00+00:00,FC Famalicão,Sporting Clube de Braga,V2_DYNAMIC_BP,1.0292740139563121,1.0761940886806376,,0.0,1.047111748825041,1.2533970897468603,0.3082920875922017,0.2817148591490942,0.409993053258704,0.590006946741296,0.6917079124077983,0.7144668070262762,1,2,0,0,1,0,1,1
PPL,545809,2025-12-07 15:30:00+00:00,GD Estoril Praia,Moreirense FC,V1_RAW,1.0288499176215218,1.0839376896514543,,,1.648841839473677,1.191562272174809,0.48045534769295,0.2434425948633846,0.2761020574436656,0.7238979425563347,0.5195446523070504,0.6962536412868312,3,3,0,1,0,1,1,1
PPL,545809,2025-12-07 15:30:00+00:00,GD Estoril Praia,Moreirense FC,V2_DYNAMIC,1.0288499176215218,1.0839376896514543,,,1.696410790713411,1.2915792563769999,0.46952094582483084,0.23819482584822121,0.29228422832694834,0.707715771673052,0.5304790541751696,0.7251635616171843,3,3,0,1,0,1,1,1
PPL,545809,2025-12-07 15:30:00+00:00,GD Estoril Praia,Moreirense FC,V2_DYNAMIC_DC,1.0288499176215218,1.0839376896514543,-0.04,,1.696410790713411,1.2915792563769999,0.4651047805168266,0.24702715646422943,0.2878680630189442,0.712131936981056,0.5348952194831736,0.7251635616171843,3,3,0,1,0,1,1,1
PPL,545809,2025-12-07 15:30:00+00:00,GD Estoril Praia,Moreirense FC,V2_DYNAMIC_BP,1.0288499176215218,1.0839376896514543,,0.0,1.696410790713411,1.2915792563769999,0.4695209458248308,0.23819482584822116,0.29228422832694834,0.707715771673052,0.5304790541751695,0.7251635616171843,3,3,0,1,0,1,1,1
PPL,545810,2025-12-07 18:00:00+00:00,FC Alverca,CD Nacional,V1_RAW,1.0411968597974133,1.1014113906044458,,,0.8513290057155097,1.3172236198747458,0.2415591983872563,0.2833206866678164,0.4751201149449272,0.5248798850550729,0.7584408016127436,0.7321219983597889,1,0,1,0,0,1,0,0
PPL,545810,2025-12-07 18:00:00+00:00,FC Alverca,CD Nacional,V2_DYNAMIC,1.0411968597974133,1.1014113906044458,,,0.8864010874054429,1.4508050989032657,0.23004204474563755,0.2669481498582142,0.5030098053961485,0.49699019460385174,0.7699579552543627,0.7656183944844563,1,0,1,0,0,1,0,0
PPL,545810,2025-12-07 18:00:00+00:00,FC Alverca,CD Nacional,V2_DYNAMIC_DC,1.0411968597974133,1.1014113906044458,-0.03,,0.8864010874054429,1.4508050989032657,0.2263153395981295,0.27440156015395534,0.4992831002479153,0.5007168997520848,0.7736846604018706,0.7656183944847572,1,0,1,0,0,1,0,0
PPL,545810,2025-12-07 18:00:00+00:00,FC Alverca,CD Nacional,V2_DYNAMIC_BP,1.0411968597974133,1.1014113906044458,,0.0,0.8864010874054429,1.4508050989032657,0.23004204474563755,0.2669481498582142,0.5030098053961485,0.49699019460385174,0.7699579552543627,0.7656183944844563,1,0,1,0,0,1,0,0
PPL,545814,2025-12-07 18:00:00+00:00,CF Estrela da Amadora,FC Arouca,V1_RAW,1.0423308039840977,1.0867584090283682,,,2.171697460546283,1.296584103666023,0.5734930431778241,0.2038763301129572,0.2226306267092182,0.7773693732907814,0.4265069568221755,0.7265356748034316,3,1,1,0,0,1,0,1
PPL,545814,2025-12-07 18:00:00+00:00,CF Estrela da Amadora,FC Arouca,V2_DYNAMIC,1.0423308039840977,1.0867584090283682,,,2.2636271600614304,1.40907367767156,0.5676580330191167,0.1991819622104813,0.23316000477040263,0.7668399952295979,0.4323419669808839,0.7556303830915594,3,1,1,0,0,1,0,1
PPL,545814,2025-12-07 18:00:00+00:00,CF Estrela da Amadora,FC Arouca,V2_DYNAMIC_DC,1.0423308039840977,1.0867584090283682,0.02,,2.2636271600614304,1.40907367767156,0.5692788953226144,0.19594023760348525,0.23478086707390045,0.7652191329260997,0.43072110467738567,0.7556303830915594,3,1,1,0,0,1,0,1
PPL,545814,2025-12-07 18:00:00+00:00,CF Estrela da Amadora,FC Arouca,V2_DYNAMIC_BP,1.0423308039840977,1.0867584090283682,,0.0,2.2636271600614304,1.40907367767156,0.5676580330191167,0.1991819622104813,0.23316000477040255,0.7668399952295979,0.43234196698088384,0.7556303830915594,3,1,1,0,0,1,0,1
PPL,545815,2025-12-07 20:30:00+00:00,CD Tondela,FC Porto,V1_RAW,1.039685940278364,1.0828005036890822,,,0.5681201114787493,1.859910458145078,0.1056633795696493,0.2091310382474749,0.6852055821828751,0.3147944178171243,0.89433662043035,0.8443134297918287,0,2,0,0,1,0,1,1
PPL,545815,2025-12-07 20:30:00+00:00,CD Tondela,FC Porto,V2_DYNAMIC,1.039685940278364,1.0828005036890822,,,0.5906664922938325,2.0139119808960824,0.09809594725461643,0.19176596750120622,0.7101380852441769,0.2898619147558227,0.9019040527453831,0.8665332807622088,0,2,0,0,1,0,1,1
PPL,545815,2025-12-07 20:30:00+00:00,CD Tondela,FC Porto,V2_DYNAMIC_DC,1.039685940278364,1.0828005036890822,0.02,,0.5906664922938325,2.0139119808960824,0.09985493414614913,0.18824799372038445,0.7118970721334664,0.2881029278665336,0.9001450658538509,0.866533280762551,0,2,0,0,1,0,1,1
PPL,545815,2025-12-07 20:30:00+00:00,CD Tondela,FC Porto,V2_DYNAMIC_BP,1.039685940278364,1.0828005036890822,,0.0,0.5906664922938325,2.0139119808960824,0.0980959472546164,0.19176596750120622,0.7101380852441769,0.2898619147558226,0.9019040527453831,0.8665332807622088,0,2,0,0,1,0,1,1
PPL,545813,2025-12-08 20:30:00+00:00,Vitória SC,Gil Vicente FC,V1_RAW,1.031667025785476,1.08389223024751,,,1.0647622782697308,1.4150396162207963,0.2835534425979464,0.2662490922144971,0.4501974651875564,0.5498025348124436,0.7164465574020535,0.7570840101553704,0,0,0,1,0,1,1,0
PPL,545813,2025-12-08 20:30:00+00:00,Vitória SC,Gil Vicente FC,V2_DYNAMIC,1.031667025785476,1.08389223024751,,,1.0984801327911007,1.5337504455141395,0.27200401341718233,0.254751019368577,0.47324496721424075,0.5267550327857593,0.7279959865828178,0.7842747694778938,0,0,0,1,0,1,1,0
PPL,545813,2025-12-08 20:30:00+00:00,Vitória SC,Gil Vicente FC,V2_DYNAMIC_DC,1.031667025785476,1.08389223024751,0.01,,1.0984801327911007,1.5337504455141395,0.27321568242980543,0.25232768134333083,0.4744566362268639,0.5255433637731363,0.7267843175701947,0.7842747694778938,0,0,0,1,0,1,1,0
PPL,545813,2025-12-08 20:30:00+00:00,Vitória SC,Gil Vicente FC,V2_DYNAMIC_BP,1.031667025785476,1.08389223024751,,0.0,1.0984801327911007,1.5337504455141395,0.2720040134171823,0.254751019368577,0.47324496721424075,0.5267550327857593,0.7279959865828178,0.7842747694778938,0,0,0,1,0,1,1,0
PPL,545817,2025-12-13 15:30:00+00:00,Casa Pia AC,Gil Vicente FC,V1_RAW,1.0252321806232685,1.0558935308472353,,,0.7355086576672536,1.8320532635162552,0.1442708429796304,0.2206107484860125,0.6351184085343572,0.364881591465643,0.8557291570203698,0.8399154656393022,1,1,0,1,0,1,1,1
PPL,545817,2025-12-13 15:30:00+00:00,Casa Pia AC,Gil Vicente FC,V2_DYNAMIC,1.0252321806232685,1.0558935308472353,,,0.7540671449674915,1.934453189114379,0.13787510810177622,0.20973914183034045,0.6523857500678828,0.34761424993211665,0.8621248918982233,0.8554958538975799,1,1,0,1,0,1,1,1
PPL,545817,2025-12-13 15:30:00+00:00,Casa Pia AC,Gil Vicente FC,V2_DYNAMIC_DC,1.0252321806232685,1.0558935308472353,-0.04,,0.7540671449674915,1.934453189114379,0.13390848128849117,0.21767239545730954,0.6484191232541993,0.35158087674580074,0.8660915187115088,0.8554958538976918,1,1,0,1,0,1,1,1
PPL,545817,2025-12-13 15:30:00+00:00,Casa Pia AC,Gil Vicente FC,V2_DYNAMIC_BP,1.0252321806232685,1.0558935308472353,,0.0,0.7540671449674915,1.934453189114379,0.1378751081017762,0.20973914183034043,0.6523857500678827,0.34761424993211665,0.8621248918982232,0.8554958538975799,1,1,0,1,0,1,1,1
PPL,545825,2025-12-13 18:00:00+00:00,Rio Ave FC,Vitória SC,V1_RAW,1.0133121013314057,1.0606526340155427,,,1.3083618106529993,1.0956289730244444,0.4142611670976388,0.2743937518605185,0.3113450810418426,0.6886549189581574,0.5857388329023612,0.6656707432805267,0,1,0,0,1,0,1,1
PPL,545825,2025-12-13 18:00:00+00:00,Rio Ave FC,Vitória SC,V2_DYNAMIC,1.0133121013314057,1.0606526340155427,,,1.3257788556545536,1.1620817561421208,0.4041942121347921,0.2697078656222941,0.32609792224291395,0.6739020777570862,0.5958057878652081,0.6871657279361809,0,1,0,0,1,0,1,1
PPL,545825,2025-12-13 18:00:00+00:00,Rio Ave FC,Vitória SC,V2_DYNAMIC_DC,1.0133121013314057,1.0606526340155427,-0.07,,1.3257788556545536,1.1620817561421208,0.39523351563673137,0.2876292586183741,0.3171372257448943,0.6828627742551054,0.6047664843632683,0.687165727936345,0,1,0,0,1,0,1,1
PPL,545825,2025-12-13 18:00:00+00:00,Rio Ave FC,Vitória SC,V2_DYNAMIC_BP,1.0133121013314057,1.0606526340155427,,0.0,1.3257788556545536,1.1620817561421208,0.4041942121347921,0.26970786562229404,0.32609792224291384,0.6739020777570861,0.5958057878652079,0.6871657279361809,0,1,0,0,1,0,1,1
PPL,545820,2025-12-13 20:30:00+00:00,Sporting Clube de Portugal,AVS,V1_RAW,1.011473302516197,1.067077754515664,,,3.2325101515432677,0.6655025927079797,0.8611873208548749,0.0938624955350566,0.0449501836100691,0.9550498163899316,0.1388126791451258,0.4859848774765806,6,0,1,0,0,1,0,0
PPL,545820,2025-12-13 20:30:00+00:00,Sporting Clube de Portugal,AVS,V2_DYNAMIC,1.011473302516197,1.067077754515664,,,3.2695977183986016,0.7101430122511835,0.8572674592676334,0.09486997736123486,0.047862563371131796,0.9521374366288682,0.14273254073236666,0.5084261085060564,6,0,1,0,0,1,0,0
PPL,545820,2025-12-13 20:30:00+00:00,Sporting Clube de Portugal,AVS,V2_DYNAMIC_DC,1.011473302516197,1.067077754515664,-0.06,,3.2695977183986016,0.7101430122511835,0.8546620910542487,0.10008071378800457,0.04525719515774697,0.9547428048422533,0.14533790894575155,0.5084261085060562,6,0,1,0,0,1,0,0
PPL,545820,2025-12-13 20:30:00+00:00,Sporting Clube de Portugal,AVS,V2_DYNAMIC_BP,1.011473302516197,1.067077754515664,,0.0,3.2695977183986016,0.7101430122511835,0.8572674592676335,0.09486997736123488,0.047862563371131796,0.9521374366288684,0.1427325407323667,0.5084261085060562,6,0,1,0,0,1,0,0
PPL,545821,2025-12-14 15:30:00+00:00,FC Famalicão,GD Estoril Praia,V1_RAW,1.02943968484476,1.0727031568673047,,,1.3108682017463793,1.1609751311819494,0.4004066416651794,0.2709108520088942,0.3286825063259262,0.6713174936740736,0.5995933583348204,0.6868193602719188,4,0,1,0,0,1,0,0
PPL,545821,2025-12-14 15:30:00+00:00,FC Famalicão,GD Estoril Praia,V2_DYNAMIC,1.02943968484476,1.0727031568673047,,,1.34945974847881,1.2453816882633102,0.3924969966557076,0.26379316670523084,0.3437098366390615,0.6562901633609384,0.6075030033442923,0.7121689487042826,4,0,1,0,0,1,0,0
PPL,545821,2025-12-14 15:30:00+00:00,FC Famalicão,GD Estoril Praia,V2_DYNAMIC_DC,1.02943968484476,1.0727031568673047,-0.06,,1.34945974847881,1.2453816882633102,0.38496884310892077,0.27884947379880437,0.3361816830922747,0.6638183169077252,0.6150311568910791,0.7121689487042826,4,0,1,0,0,1,0,0
PPL,545821,2025-12-14 15:30:00+00:00,FC Famalicão,GD Estoril Praia,V2_DYNAMIC_BP,1.02943968484476,1.0727031568673047,,0.0,1.34945974847881,1.2453816882633102,0.3924969966557076,0.2637931667052309,0.3437098366390615,0.6562901633609385,0.6075030033442924,0.7121689487042825,4,0,1,0,0,1,0,0
PPL,545824,2025-12-14 18:00:00+00:00,Moreirense FC,Sport Lisboa e Benfica,V1_RAW,1.0660119026447243,1.0616429510802332,,,1.0677632927394731,1.5584845957792397,0.2601325984372807,0.2531248828660256,0.4867425186966934,0.5132574813033064,0.7398674015627191,0.7895452463045913,0,4,0,0,1,0,1,1
PPL,545824,2025-12-14 18:00:00+00:00,Moreirense FC,Sport Lisboa e Benfica,V2_DYNAMIC,1.0660119026447243,1.0616429510802332,,,1.1382483792674014,1.6545541854761565,0.26218945973482477,0.2437183039368599,0.49409223632831556,0.5059077636716847,0.7378105402651755,0.8088224640223906,0,4,0,0,1,0,1,1
PPL,545824,2025-12-14 18:00:00+00:00,Moreirense FC,Sport Lisboa e Benfica,V2_DYNAMIC_DC,1.0660119026447243,1.0616429510802332,-0.1,,1.1382483792674014,1.6545541854761565,0.25065439806226786,0.26678842728197383,0.48255717465575865,0.5174428253442417,0.7493456019377325,0.8088224640223906,0,4,0,0,1,0,1,1
PPL,545824,2025-12-14 18:00:00+00:00,Moreirense FC,Sport Lisboa e Benfica,V2_DYNAMIC_BP,1.0660119026447243,1.0616429510802332,,0.0,1.1382483792674014,1.6545541854761565,0.2621894597348247,0.2437183039368598,0.4940922363283155,0.5059077636716846,0.7378105402651753,0.8088224640223907,0,4,0,0,1,0,1,1
PPL,545823,2025-12-14 20:30:00+00:00,FC Arouca,FC Alverca,V1_RAW,1.072278419320631,1.096342748061104,,,1.214065069094313,2.0701784544348354,0.2189275841142853,0.2102142794427636,0.5708581364429506,0.429141863557049,0.7810724158857142,0.8738367346981839,1,0,1,0,0,1,0,0
PPL,545823,2025-12-14 20:30:00+00:00,FC Arouca,FC Alverca,V2_DYNAMIC,1.072278419320631,1.096342748061104,,,1.3018157732408426,2.2696251357119768,0.21113920498235278,0.19689384284421113,0.5919669521734359,0.4080330478265639,0.7888607950176469,0.8966463785480598,1,0,1,0,0,1,0,0
PPL,545823,2025-12-14 20:30:00+00:00,FC Arouca,FC Alverca,V2_DYNAMIC_DC,1.072278419320631,1.096342748061104,-0.04,,1.3018157732408426,2.2696251357119768,0.20781629936873838,0.20353965407143973,0.5886440465598215,0.4113559534401781,0.7921837006312612,0.8966463785480598,1,0,1,0,0,1,0,0
PPL,545823,2025-12-14 20:30:00+00:00,FC Arouca,FC Alverca,V2_DYNAMIC_BP,1.072278419320631,1.096342748061104,,0.0,1.3018157732408426,2.2696251357119768,0.21113920498235272,0.1968938428442111,0.5919669521734358,0.4080330478265638,0.7888607950176468,0.8966463785480598,1,0,1,0,0,1,0,0
PPL,545818,2025-12-15 17:30:00+00:00,CD Nacional,CD Tondela,V1_RAW,1.080499799655399,1.0566766210999314,,,1.3774752708834164,1.269098149738373,0.3948096062668142,0.2607446986723691,0.3444456950608167,0.6555543049391834,0.6051903937331858,0.7189149959107684,3,1,1,0,0,1,0,1
PPL,545818,2025-12-15 17:30:00+00:00,CD Nacional,CD Tondela,V2_DYNAMIC,1.080499799655399,1.0566766210999314,,,1.488361754219798,1.3410263447097188,0.4079667830294193,0.2505223678773747,0.34151084909320584,0.658489150906794,0.5920332169705805,0.738422888852108,3,1,1,0,0,1,0,1
PPL,545818,2025-12-15 17:30:00+00:00,CD Nacional,CD Tondela,V2_DYNAMIC_DC,1.080499799655399,1.0566766210999314,0.03,,1.488361754219798,1.3410263447097188,0.411502518216222,0.24345089750376916,0.34504658428000856,0.6549534157199912,0.5884974817837777,0.738422888852108,3,1,1,0,0,1,0,1
PPL,545818,2025-12-15 17:30:00+00:00,CD Nacional,CD Tondela,V2_DYNAMIC_BP,1.080499799655399,1.0566766210999314,,0.0,1.488361754219798,1.3410263447097188,0.4079667830294193,0.2505223678773747,0.3415108490932057,0.658489150906794,0.5920332169705804,0.738422888852108,3,1,1,0,0,1,0,1
PPL,545819,2025-12-15 18:45:00+00:00,Sporting Clube de Braga,CD Santa Clara,V1_RAW,1.0881887414895315,1.0483318576561147,,,1.596089651549339,0.8015134014794811,0.5623703785505328,0.2502083344224701,0.1874212870269968,0.8125787129730029,0.4376296214494669,0.551350536693388,1,0,1,0,0,1,0,0
PPL,545819,2025-12-15 18:45:00+00:00,Sporting Clube de Braga,CD Santa Clara,V2_DYNAMIC,1.0881887414895315,1.0483318576561147,,,1.73684678922394,0.8402520331092558,0.5864937424396586,0.2345593027471217,0.17894695481321948,0.8210530451867802,0.4135062575603412,0.5683982674669531,1,0,1,0,0,1,0,0
PPL,545819,2025-12-15 18:45:00+00:00,Sporting Clube de Braga,CD Santa Clara,V2_DYNAMIC_DC,1.0881887414895315,1.0483318576561147,0.03,,1.73684678922394,0.8402520331092558,0.5898209010860105,0.22790498545411367,0.18227411345987574,0.8177258865401241,0.4101790989139894,0.5683982674672756,1,0,1,0,0,1,0,0
PPL,545819,2025-12-15 18:45:00+00:00,Sporting Clube de Braga,CD Santa Clara,V2_DYNAMIC_BP,1.0881887414895315,1.0483318576561147,,0.0,1.73684678922394,0.8402520331092558,0.5864937424396586,0.2345593027471217,0.1789469548132195,0.8210530451867802,0.4135062575603412,0.5683982674669531,1,0,1,0,0,1,0,0
PPL,545822,2025-12-15 20:45:00+00:00,FC Porto,CF Estrela da Amadora,V1_RAW,1.0654771725139605,1.0338069860795778,,,1.80955516359486,0.6618526495346658,0.6494433404576511,0.2202643929254609,0.1302922666168877,0.869707733383112,0.3505566595423487,0.4841053234430704,3,1,1,0,0,1,0,1
PPL,545822,2025-12-15 20:45:00+00:00,FC Porto,CF Estrela da Amadora,V2_DYNAMIC,1.0654771725139605,1.0338069860795778,,,1.9280397192150884,0.6842278928442159,0.6689099852716893,0.20716481314828117,0.12392520158002983,0.8760747984199705,0.331090014728311,0.4955204083525011,3,1,1,0,0,1,0,1
PPL,545822,2025-12-15 20:45:00+00:00,FC Porto,CF Estrela da Amadora,V2_DYNAMIC_DC,1.0654771725139605,1.0338069860795778,0.05,,1.9280397192150884,0.6842278928442159,0.6737494342922662,0.19748591510579888,0.12876465060193543,0.8712353493980651,0.3262505657077343,0.4955204083532322,3,1,1,0,0,1,0,1
PPL,545822,2025-12-15 20:45:00+00:00,FC Porto,CF Estrela da Amadora,V2_DYNAMIC_BP,1.0654771725139605,1.0338069860795778,,0.0,1.9280397192150884,0.6842278928442159,0.6689099852716893,0.20716481314828117,0.12392520158002983,0.8760747984199705,0.331090014728311,0.495520408352501,3,1,1,0,0,1,0,1
PPL,545834,2025-12-19 20:15:00+00:00,GD Estoril Praia,Sporting Clube de Braga,V1_RAW,1.0663628833577292,1.0447474955232576,,,1.3421833320068937,1.9121411590821409,0.269298024967877,0.2226200639935218,0.5080819110386012,0.4919180889613989,0.7307019750321231,0.8522363378694475,1,0,1,0,0,1,0,0
PPL,545834,2025-12-19 20:15:00+00:00,GD Estoril Praia,Sporting Clube de Braga,V2_DYNAMIC,1.0663628833577292,1.0447474955232576,,,1.4312544879135556,1.9977046870380057,0.27573333339724887,0.21666033671441312,0.5076063298883381,0.492393670111662,0.7242666666027512,0.8643526080033894,1,0,1,0,0,1,0,0
PPL,545834,2025-12-19 20:15:00+00:00,GD Estoril Praia,Sporting Clube de Braga,V2_DYNAMIC_DC,1.0663628833577292,1.0447474955232576,0.05,,1.4312544879135556,1.9977046870380057,0.28036827032447514,0.20739046285996063,0.5122412668155644,0.48775873318443574,0.719631729675525,0.8643526080033894,1,0,1,0,0,1,0,0
PPL,545834,2025-12-19 20:15:00+00:00,GD Estoril Praia,Sporting Clube de Braga,V2_DYNAMIC_BP,1.0663628833577292,1.0447474955232576,,0.0,1.4312544879135556,1.9977046870380057,0.275733333397249,0.21666033671441315,0.5076063298883381,0.49239367011166213,0.7242666666027513,0.8643526080033894,1,0,1,0,0,1,0,0
PPL,545829,2025-12-20 18:00:00+00:00,Gil Vicente FC,Rio Ave FC,V1_RAW,1.0631193091156756,1.0115102950089936,,,1.2790653301232604,0.9133596175465926,0.4488616518792676,0.2854921358464636,0.2656462122742687,0.7343537877257313,0.5511383481207324,0.5988258343026727,2,2,0,1,0,1,1,1
PPL,545829,2025-12-20 18:00:00+00:00,Gil Vicente FC,Rio Ave FC,V2_DYNAMIC,1.0631193091156756,1.0115102950089936,,,1.3597990500744541,0.9238726561938554,0.4689578754128531,0.27622192397489476,0.2548202006122524,0.7451797993877478,0.5310421245871472,0.6030212998250812,2,2,0,1,0,1,1,1
PPL,545829,2025-12-20 18:00:00+00:00,Gil Vicente FC,Rio Ave FC,V2_DYNAMIC_DC,1.0631193091156756,1.0115102950089936,0.1,,1.3597990500744541,0.9238726561938554,0.4817605563066959,0.2506165621866143,0.2676228815066895,0.7323771184933102,0.5182394436933038,0.6030212998256953,2,2,0,1,0,1,1,1
PPL,545829,2025-12-20 18:00:00+00:00,Gil Vicente FC,Rio Ave FC,V2_DYNAMIC_BP,1.0631193091156756,1.0115102950089936,,0.0,1.3597990500744541,0.9238726561938554,0.46895787541285316,0.2762219239748947,0.2548202006122524,0.7451797993877478,0.5310421245871471,0.6030212998250812,2,2,0,1,0,1,1,1
PPL,545827,2025-12-20 20:30:00+00:00,CF Estrela da Amadora,Moreirense FC,V1_RAW,1.0642239950214585,1.0229369521685128,,,1.7290560330324891,1.348960957868767,0.4647119818669989,0.2349251514118852,0.3003628667211162,0.6996371332788842,0.5352880181330014,0.7404902378137044,0,0,0,1,0,1,1,0
PPL,545827,2025-12-20 20:30:00+00:00,CF Estrela da Amadora,Moreirense FC,V2_DYNAMIC,1.0642239950214585,1.0229369521685128,,,1.8401029190897904,1.379902010836594,0.4836753386993441,0.22717566429588865,0.2891489970047672,0.7108510029952327,0.5163246613006558,0.7483967319420892,0,0,0,1,0,1,1,0
PPL,545827,2025-12-20 20:30:00+00:00,CF Estrela da Amadora,Moreirense FC,V2_DYNAMIC_DC,1.0642239950214585,1.0229369521685128,0.1,,1.8401029190897904,1.379902010836594,0.4938205655624791,0.20688521056961867,0.2992942238679022,0.7007057761320978,0.5061794344375209,0.7483967319420892,0,0,0,1,0,1,1,0
PPL,545827,2025-12-20 20:30:00+00:00,CF Estrela da Amadora,Moreirense FC,V2_DYNAMIC_BP,1.0642239950214585,1.0229369521685128,,0.0,1.8401029190897904,1.379902010836594,0.4836753386993441,0.22717566429588865,0.2891489970047672,0.7108510029952327,0.5163246613006558,0.7483967319420892,0,0,0,1,0,1,1,0
PPL,545826,2025-12-21 15:30:00+00:00,AVS,CD Nacional,V1_RAW,1.0482565883913706,1.015592912223643,,,0.776990663017824,1.4144203826422106,0.2059443775995666,0.27274274195709,0.5213128804433439,0.4786871195566566,0.7940556224004338,0.756933541834973,2,2,0,1,0,1,1,1
PPL,545826,2025-12-21 15:30:00+00:00,AVS,CD Nacional,V2_DYNAMIC,1.0482565883913706,1.015592912223643,,,0.8144855816270133,1.4364753155160819,0.2129031804336753,0.26957402886729204,0.5175227906990325,0.4824772093009673,0.7870968195663246,0.7622355859312,2,2,0,1,0,1,1,1
PPL,545826,2025-12-21 15:30:00+00:00,AVS,CD Nacional,V2_DYNAMIC_DC,1.0482565883913706,1.015592912223643,0.05,,0.8144855816270133,1.4364753155160819,0.2190630545088728,0.2572542807177782,0.5236826647733492,0.47631733522665104,0.7809369454911275,0.7622355859317284,2,2,0,1,0,1,1,1
PPL,545826,2025-12-21 15:30:00+00:00,AVS,CD Nacional,V2_DYNAMIC_BP,1.0482565883913706,1.015592912223643,,0.0,0.8144855816270133,1.4364753155160819,0.21290318043367532,0.2695740288672921,0.5175227906990325,0.4824772093009674,0.7870968195663246,0.7622355859312,2,2,0,1,0,1,1,1
PPL,545832,2025-12-21 18:00:00+00:00,CD Tondela,Casa Pia AC,V1_RAW,1.045545378687072,1.032586459288643,,,1.0494939169255564,1.2353237839434696,0.3124294217921169,0.2832247367443077,0.4043458414635759,0.5956541585364246,0.6875705782078836,0.7092593900150685,1,2,0,0,1,0,1,1
PPL,545832,2025-12-21 18:00:00+00:00,CD Tondela,Casa Pia AC,V2_DYNAMIC,1.045545378687072,1.032586459288643,,,1.0972935148017093,1.275578612137236,0.31806115990358663,0.27709181660004806,0.4048470234963651,0.5951529765036347,0.6819388400964131,0.7207306353914115,1,2,0,0,1,0,1,1
PPL,545832,2025-12-21 18:00:00+00:00,CD Tondela,Casa Pia AC,V2_DYNAMIC_DC,1.045545378687072,1.032586459288643,0.05,,1.0972935148017093,1.275578612137236,0.32458457230654975,0.264044991794191,0.41137043589925903,0.5886295641007407,0.6754154276934501,0.7207306353916337,1,2,0,0,1,0,1,1
PPL,545832,2025-12-21 18:00:00+00:00,CD Tondela,Casa Pia AC,V2_DYNAMIC_BP,1.045545378687072,1.032586459288643,,0.0,1.0972935148017093,1.275578612137236,0.31806115990358663,0.27709181660004806,0.4048470234963651,0.5951529765036347,0.6819388400964131,0.7207306353914116,1,2,0,0,1,0,1,1
PPL,545833,2025-12-21 20:30:00+00:00,CD Santa Clara,FC Arouca,V1_RAW,1.0536519999939213,1.0422772599866175,,,1.9623179427205544,0.9962261653935488,0.5985607197034002,0.2151201325096519,0.1863191477869482,0.8136808522130521,0.4014392802966001,0.6307296197261956,0,0,0,1,0,1,1,0
PPL,545833,2025-12-21 20:30:00+00:00,CD Santa Clara,FC Arouca,V2_DYNAMIC,1.0536519999939213,1.0422772599866175,,,2.067600224971469,1.038343877993363,0.6107672124282533,0.206639383580729,0.18259340399101737,0.8174065960089822,0.3892327875717464,0.6459594637826462,0,0,0,1,0,1,1,0
PPL,545833,2025-12-21 20:30:00+00:00,CD Santa Clara,FC Arouca,V2_DYNAMIC_DC,1.0536519999939213,1.0422772599866175,0.08,,2.067600224971469,1.038343877993363,0.618458663450251,0.19125648153673327,0.19028485501301518,0.8097151449869843,0.3815413365497484,0.6459594637826462,0,0,0,1,0,1,1,0
PPL,545833,2025-12-21 20:30:00+00:00,CD Santa Clara,FC Arouca,V2_DYNAMIC_BP,1.0536519999939213,1.0422772599866175,,0.0,2.067600224971469,1.038343877993363,0.6107672124282533,0.20663938358072897,0.18259340399101737,0.8174065960089822,0.38923278757174634,0.6459594637826462,0,0,0,1,0,1,1,0
PPL,545828,2025-12-22 18:45:00+00:00,FC Alverca,FC Porto,V1_RAW,1.0479010701527742,1.0417941308559442,,,0.6280498511283792,1.8750348737326088,0.1169556772732359,0.2105694690639032,0.672474853662861,0.3275251463371391,0.8830443227267641,0.8466503811219273,0,3,0,0,1,0,1,1
PPL,545828,2025-12-22 18:45:00+00:00,FC Alverca,FC Porto,V2_DYNAMIC,1.0479010701527742,1.0417941308559442,,,0.658134111106719,1.9534003266048483,0.11631545752888084,0.20285169269936068,0.6808328497717587,0.3191671502282415,0.8836845424711194,0.8582079371284344,0,3,0,0,1,0,1,1
PPL,545828,2025-12-22 18:45:00+00:00,FC Alverca,FC Porto,V2_DYNAMIC_DC,1.0479010701527742,1.0417941308559442,0.06,,0.658134111106719,1.9534003266048483,0.12197895636329364,0.19152469503207453,0.6864963486046323,0.3135036513953682,0.8780210436367069,0.8582079371286582,0,3,0,0,1,0,1,1
PPL,545828,2025-12-22 18:45:00+00:00,FC Alverca,FC Porto,V2_DYNAMIC_BP,1.0479010701527742,1.0417941308559442,,0.0,0.658134111106719,1.9534003266048483,0.11631545752888085,0.20285169269936065,0.6808328497717587,0.3191671502282415,0.8836845424711194,0.8582079371284344,0,3,0,0,1,0,1,1
PPL,545830,2025-12-22 20:45:00+00:00,Sport Lisboa e Benfica,FC Famalicão,V1_RAW,1.0505455782254176,1.0244288968149586,,,1.357326914594901,1.0116143198839234,0.4471113829890313,0.2735215973431131,0.2793670196678549,0.7206329803321445,0.5528886170109681,0.6363685120420196,1,0,1,0,0,1,0,0
PPL,545830,2025-12-22 20:45:00+00:00,Sport Lisboa e Benfica,FC Famalicão,V2_DYNAMIC,1.0505455782254176,1.0244288968149586,,,1.4259337883340222,1.0363269417209022,0.45977541473802636,0.26613278618950564,0.2740917990724681,0.7259082009275319,0.5402245852619738,0.6452446660755531,1,0,1,0,0,1,0,0
PPL,545830,2025-12-22 20:45:00+00:00,Sport Lisboa e Benfica,FC Famalicão,V2_DYNAMIC_DC,1.0505455782254176,1.0244288968149586,0.06,,1.4259337883340222,1.0363269417209022,0.46733331757077207,0.25101698052388843,0.2816497019053397,0.7183502980946606,0.5326666824292281,0.6452446660757936,1,0,1,0,0,1,0,0
PPL,545830,2025-12-22 20:45:00+00:00,Sport Lisboa e Benfica,FC Famalicão,V2_DYNAMIC_BP,1.0505455782254176,1.0244288968149586,,0.025,1.4259337883340222,1.0363269417209022,0.45898640724969575,0.26940612329099584,0.27160746945930814,0.7283925305406915,0.5410135927503039,0.6452446465006194,1,0,1,0,0,1,0,0
PPL,545831,2025-12-23 20:45:00+00:00,Vitória SC,Sporting Clube de Portugal,V1_RAW,1.0438022806698444,1.024517404381816,,,0.9908215027656152,1.6472374016516362,0.2272399772818491,0.2453880749282997,0.5273719477898506,0.4726280522101489,0.7727600227181504,0.8074188010859418,1,4,0,0,1,0,1,1
PPL,545831,2025-12-23 20:45:00+00:00,Vitória SC,Sporting Clube de Portugal,V2_DYNAMIC,1.0438022806698444,1.024517404381816,,,1.0342217443234716,1.687623387140781,0.23186512859574654,0.24144327448201958,0.5266915969222339,0.4733084030777661,0.7681348714042535,0.815041108239263,1,4,0,0,1,0,1,1
PPL,545831,2025-12-23 20:45:00+00:00,Vitória SC,Sporting Clube de Portugal,V2_DYNAMIC_DC,1.0438022806698444,1.024517404381816,0.08,,1.0342217443234716,1.687623387140781,0.2410462897550439,0.2230809521634249,0.5358727580815315,0.4641272419184688,0.7589537102449564,0.815041108239263,1,4,0,0,1,0,1,1
PPL,545831,2025-12-23 20:45:00+00:00,Vitória SC,Sporting Clube de Portugal,V2_DYNAMIC_BP,1.0438022806698444,1.024517404381816,,0.025,1.0342217443234716,1.687623387140781,0.22939767696896501,0.2439422118884023,0.5266601111426327,0.47333988885736733,0.7706023230310349,0.8150411076522582,1,4,0,0,1,0,1,1
PPL,545839,2025-12-27 18:00:00+00:00,FC Famalicão,CF Estrela da Amadora,V1_RAW,1.048047135862622,1.0395696353529402,,,1.6424431657287233,0.8188052271549935,0.5693660726482574,0.2449396254163103,0.1856943019354321,0.8143056980645678,0.4306339273517425,0.5590418152337215,2,3,0,0,1,0,1,1
PPL,545839,2025-12-27 18:00:00+00:00,FC Famalicão,CF Estrela da Amadora,V2_DYNAMIC,1.048047135862622,1.0395696353529402,,,1.7213578556591262,0.8512050514185979,0.5800577478185212,0.23648719721330894,0.18345505496816997,0.8165449450318301,0.4199422521814789,0.573099813975998,2,3,0,0,1,0,1,1
PPL,545839,2025-12-27 18:00:00+00:00,FC Famalicão,CF Estrela da Amadora,V2_DYNAMIC_DC,1.048047135862622,1.0395696353529402,0.08,,1.7213578556591262,0.8512050514185979,0.5890061678689883,0.21859035711208316,0.1924034750189288,0.8075965249810715,0.4109938321310119,0.5730998139763119,2,3,0,0,1,0,1,1
PPL,545839,2025-12-27 18:00:00+00:00,FC Famalicão,CF Estrela da Amadora,V2_DYNAMIC_BP,1.048047135862622,1.0395696353529402,,0.025,1.7213578556591262,0.8512050514185979,0.5804362470947746,0.23849334412157996,0.18107040878364564,0.8189295912163546,0.41956375290522563,0.5730997168062257,2,3,0,0,1,0,1,1
PPL,545840,2025-12-27 20:30:00+00:00,GD Estoril Praia,FC Alverca,V1_RAW,1.0236846559488835,1.070018460210754,,,1.5287965410418227,1.3459427407945426,0.4170064680644475,0.2478456541470796,0.3351478777884731,0.6648521222115272,0.5829935319355528,0.7397057978089345,4,1,1,0,0,1,0,1
PPL,545840,2025-12-27 20:30:00+00:00,GD Estoril Praia,FC Alverca,V2_DYNAMIC,1.0236846559488835,1.070018460210754,,,1.5650055611322413,1.4401835790368185,0.4062860834898439,0.24225181211149985,0.3514621043986563,0.6485378956013438,0.5937139165101561,0.7631156441009963,4,1,1,0,0,1,0,1
PPL,545840,2025-12-27 20:30:00+00:00,GD Estoril Praia,FC Alverca,V2_DYNAMIC_DC,1.0236846559488835,1.070018460210754,0.08,,1.5650055611322413,1.4401835790368185,0.41521681818898687,0.2243903427132138,0.36039283909779934,0.6396071609022007,0.5847831818110132,0.7631156441009963,4,1,1,0,0,1,0,1
PPL,545840,2025-12-27 20:30:00+00:00,GD Estoril Praia,FC Alverca,V2_DYNAMIC_BP,1.0236846559488835,1.070018460210754,,0.05,1.5650055611322413,1.4401835790368185,0.40344968768143774,0.249137395197937,0.34741291712062516,0.6525870828793747,0.5965503123185621,0.7631155725407041,4,1,1,0,0,1,0,1
PPL,545835,2025-12-28 15:30:00+00:00,Casa Pia AC,Vitória SC,V1_RAW,1.0455623418209965,1.0670389845533037,,,1.111821648929315,1.245177075598653,0.3280236435313614,0.2788101487437763,0.3931662077248627,0.6068337922751377,0.671976356468639,0.7121100746638761,0,0,0,1,0,1,1,0
PPL,545835,2025-12-28 15:30:00+00:00,Casa Pia AC,Vitória SC,V2_DYNAMIC,1.0455623418209965,1.0670389845533037,,,1.1624788469418164,1.328652482335839,0.3256516491698245,0.26946675870838616,0.4048815921217894,0.5951184078782106,0.6743483508301755,0.7351660657363199,0,0,0,1,0,1,1,0
PPL,545835,2025-12-28 15:30:00+00:00,Casa Pia AC,Vitória SC,V2_DYNAMIC_DC,1.0455623418209965,1.0670389845533037,0.1,,1.1624788469418164,1.328652482335839,0.33844286908507976,0.2438843188779165,0.41767281203700385,0.5823271879629963,0.6615571309149204,0.735166065736456,0,0,0,1,0,1,1,0
PPL,545835,2025-12-28 15:30:00+00:00,Casa Pia AC,Vitória SC,V2_DYNAMIC_BP,1.0455623418209965,1.0670389845533037,,0.05,1.1624788469418164,1.328652482335839,0.32099373053784547,0.27713654876644594,0.4018697206957085,0.5981302793042914,0.6790062694621544,0.7351660609226098,0,0,0,1,0,1,1,0
PPL,545836,2025-12-28 15:30:00+00:00,FC Arouca,Gil Vicente FC,V1_RAW,1.0290531473696891,1.0614257867081363,,,0.7635113135432561,1.702685252100217,0.1649692954733527,0.2367886476046111,0.5982420569220351,0.4017579430779639,0.8350307045266463,0.8178063692260573,2,2,0,1,0,1,1,1
PPL,545836,2025-12-28 15:30:00+00:00,FC Arouca,Gil Vicente FC,V2_DYNAMIC,1.0290531473696891,1.0614257867081363,,,0.7856937202540532,1.807274033226814,0.15813137173486955,0.2252199212296007,0.6166487070355299,0.38335129296447024,0.8418686282651305,0.8358986064711436,2,2,0,1,0,1,1,1
PPL,545836,2025-12-28 15:30:00+00:00,FC Arouca,Gil Vicente FC,V2_DYNAMIC_DC,1.0290531473696891,1.0614257867081363,0.07,,0.7856937202540532,1.807274033226814,0.16556610090811394,0.21035046288348383,0.6240834362084025,0.37591656379159777,0.8344338990918863,0.8358986064712766,2,2,0,1,0,1,1,1
PPL,545836,2025-12-28 15:30:00+00:00,FC Arouca,Gil Vicente FC,V2_DYNAMIC_BP,1.0290531473696891,1.0614257867081363,,0.07500000000000001,0.7856937202540532,1.807274033226814,0.15122114021270683,0.23024632762034875,0.6185325321669445,0.3814674678330556,0.8487788597872932,0.8358986063931658,2,2,0,1,0,1,1,1
PPL,545843,2025-12-28 18:00:00+00:00,Sporting Clube de Braga,Sport Lisboa e Benfica,V1_RAW,1.0483126317378926,1.0499935122681971,,,0.9235939779989094,1.3102062689026548,0.2631533067141512,0.2816537108408739,0.4551929824449748,0.5448070175550253,0.7368466932858487,0.7302355933626544,2,2,0,1,0,1,1,1
PPL,545843,2025-12-28 18:00:00+00:00,Sporting Clube de Braga,Sport Lisboa e Benfica,V2_DYNAMIC,1.0483126317378926,1.0499935122681971,,,0.968215233733306,1.3757080820809084,0.2643180781107663,0.27316484753276216,0.4625170743564716,0.5374829256435285,0.7356819218892338,0.7473393117499386,2,2,0,1,0,1,1,1
PPL,545843,2025-12-28 18:00:00+00:00,Sporting Clube de Braga,Sport Lisboa e Benfica,V2_DYNAMIC_DC,1.0483126317378926,1.0499935122681971,0.06,,0.968215233733306,1.3757080820809084,0.2719863339716113,0.25782833581132786,0.4701853302170611,0.5298146697829391,0.7280136660283889,0.7473393117501763,2,2,0,1,0,1,1,1
PPL,545843,2025-12-28 18:00:00+00:00,Sporting Clube de Braga,Sport Lisboa e Benfica,V2_DYNAMIC_BP,1.0483126317378926,1.0499935122681971,,0.1,0.968215233733306,1.3757080820809084,0.25366007423543907,0.2871856667647054,0.4591542589998557,0.5408457410001445,0.7463399257645611,0.7473393105460502,2,2,0,1,0,1,1,1
PPL,545841,2025-12-28 20:30:00+00:00,Sporting Clube de Portugal,Rio Ave FC,V1_RAW,1.03388378365258,1.0674597313851593,,,2.519717169663776,0.8934070811802409,0.7269926196231907,0.1608732043365738,0.1121341760402355,0.8878658239597645,0.2730073803768094,0.5907410039515226,4,0,1,0,0,1,0,0
PPL,545841,2025-12-28 20:30:00+00:00,Sporting Clube de Portugal,Rio Ave FC,V2_DYNAMIC,1.03388378365258,1.0674597313851593,,,2.6050947211063544,0.9536760828942592,0.7275449826713758,0.1573786796526667,0.11507633767595794,0.8849236623240425,0.27245501732862465,0.6146780562797336,4,0,1,0,0,1,0,0
PPL,545841,2025-12-28 20:30:00+00:00,Sporting Clube de Portugal,Rio Ave FC,V2_DYNAMIC_DC,1.03388378365258,1.0674597313851593,0.06,,2.6050947211063544,0.9536760828942592,0.7317898043017039,0.14888903639200973,0.11932115930628637,0.8806788406937136,0.26821019569829607,0.6146780562797336,4,0,1,0,0,1,0,0
PPL,545841,2025-12-28 20:30:00+00:00,Sporting Clube de Portugal,Rio Ave FC,V2_DYNAMIC_BP,1.03388378365258,1.0674597313851593,,0.15000000000000002,2.6050947211063544,0.9536760828942592,0.7360026319138391,0.16081865177418836,0.10317871631197251,0.8968212836880274,0.26399736808616087,0.6146648361466712,4,0,1,0,0,1,0,0
PPL,545838,2025-12-29 20:15:00+00:00,FC Porto,AVS,V1_RAW,1.0479593408507928,1.055620580752675,,,2.9834063894301237,0.5172207081279947,0.8629735715226712,0.0981342944108746,0.038892134066454,0.9611078659335458,0.1370264284773287,0.4038248075982854,2,0,1,0,0,1,0,0
PPL,545838,2025-12-29 20:15:00+00:00,FC Porto,AVS,V2_DYNAMIC,1.0479593408507928,1.055620580752675,,,3.126488593357236,0.5459888242913836,0.871471370584573,0.09125860648644296,0.03727002292898412,0.962729977071016,0.1285286294154271,0.4207312949058153,2,0,1,0,0,1,0,0
PPL,545838,2025-12-29 20:15:00+00:00,FC Porto,AVS,V2_DYNAMIC_DC,1.0479593408507928,1.055620580752675,0.06,,3.126488593357236,0.5459888242913836,0.8740753274113332,0.08605069283242658,0.03987397975624019,0.9601260202437598,0.12592467258866677,0.4207312949061597,2,0,1,0,0,1,0,0
PPL,545838,2025-12-29 20:15:00+00:00,FC Porto,AVS,V2_DYNAMIC_BP,1.0479593408507928,1.055620580752675,,0.15000000000000002,3.126488593357236,0.5459888242913836,0.878072565284467,0.08977929117798102,0.03214814353755235,0.967851856462448,0.12192743471553336,0.4206844857632992,2,0,1,0,0,1,0,0
PPL,545846,2026-01-02 18:45:00+00:00,Gil Vicente FC,Sporting Clube de Portugal,V1_RAW,1.0397981035717496,1.0624381674587144,,,0.8974262015481274,1.5266743369840488,0.2214943783873563,0.2583461083004101,0.520159513312233,0.4798404866877664,0.7785056216126431,0.7827430092490524,1,1,0,1,0,1,1,1
PPL,545846,2026-01-02 18:45:00+00:00,Gil Vicente FC,Sporting Clube de Portugal,V2_DYNAMIC,1.0397981035717496,1.0624381674587144,,,0.9331420624653416,1.6219970848915806,0.2166692108649854,0.24798004172877777,0.5353507474062369,0.46464925259376316,0.7833307891350146,0.8024958964492608,1,1,0,1,0,1,1,1
PPL,545846,2026-01-02 18:45:00+00:00,Gil Vicente FC,Sporting Clube de Portugal,V2_DYNAMIC_DC,1.0397981035717496,1.0624381674587144,0.06,,0.9331420624653416,1.6219970848915806,0.22372371939506966,0.2338710246688092,0.5424052559361209,0.4575947440638789,0.7762762806049301,0.8024958964493848,1,1,0,1,0,1,1,1
PPL,545846,2026-01-02 18:45:00+00:00,Gil Vicente FC,Sporting Clube de Portugal,V2_DYNAMIC_BP,1.0397981035717496,1.0624381674587144,,0.15000000000000002,0.9331420624653416,1.6219970848915806,0.20069020826452796,0.2640896632841436,0.5352201284513284,0.4647798715486716,0.799309791735472,0.8024958956515837,1,1,0,1,0,1,1,1
PPL,545849,2026-01-02 20:45:00+00:00,Vitória SC,CD Nacional,V1_RAW,1.0497546839752583,1.0627951819084158,,,1.165095530519674,1.215433217244294,0.34882540139014,0.2778474513750564,0.3733271472348037,0.6266728527651964,0.65117459860986,0.7034184977618724,2,1,1,0,0,1,0,1
PPL,545849,2026-01-02 20:45:00+00:00,Vitória SC,CD Nacional,V2_DYNAMIC,1.0497546839752583,1.0627951819084158,,,1.2230644904416663,1.2917565672186806,0.3492162545324876,0.2689172681709162,0.3818664772965965,0.6181335227034038,0.6507837454675127,0.7252122887296444,2,1,1,0,0,1,0,1
PPL,545849,2026-01-02 20:45:00+00:00,Vitória SC,CD Nacional,V2_DYNAMIC_DC,1.0497546839752583,1.0627951819084158,0.02,,1.2230644904416663,1.2917565672186806,0.3517718211790967,0.2638061348777116,0.3844220439431923,0.6155779560568083,0.6482281788209039,0.7252122887297556,2,1,1,0,0,1,0,1
PPL,545849,2026-01-02 20:45:00+00:00,Vitória SC,CD Nacional,V2_DYNAMIC_BP,1.0497546839752583,1.0627951819084158,,0.15000000000000002,1.2230644904416663,1.2917565672186806,0.3348904075082557,0.2952972076373332,0.3698123848544111,0.630187615145589,0.6651095924917443,0.7252122721652725,2,1,1,0,0,1,0,1
PPL,545851,2026-01-03 15:30:00+00:00,CD Tondela,FC Arouca,V1_RAW,1.0385067990011714,1.0211909166403283,,,1.3504713500346208,1.25142436189104,0.3914798031634452,0.2634162451181344,0.3451039517184204,0.6548960482815795,0.6085201968365548,0.7139029991605572,3,1,1,0,0,1,0,1
PPL,545851,2026-01-03 15:30:00+00:00,CD Tondela,FC Arouca,V2_DYNAMIC,1.0385067990011714,1.0211909166403283,,,1.4024736788672445,1.277943191225549,0.3994266774362329,0.2586866211963988,0.34188670136736843,0.6581132986326317,0.6005733225637673,0.7213902091928498,3,1,1,0,0,1,0,1
PPL,545851,2026-01-03 15:30:00+00:00,CD Tondela,FC Arouca,V2_DYNAMIC_DC,1.0385067990011714,1.0211909166403283,0.02,,1.4024736788672445,1.277943191225549,0.40188334381824836,0.2537732884323676,0.3443433677493839,0.655656632250616,0.5981166561817515,0.7213902091928499,3,1,1,0,0,1,0,1
PPL,545851,2026-01-03 15:30:00+00:00,CD Tondela,FC Arouca,V2_DYNAMIC_BP,1.0385067990011714,1.0211909166403283,,0.0,1.4024736788672445,1.277943191225549,0.3994266774362329,0.2586866211963988,0.3418867013673684,0.6581132986326317,0.6005733225637672,0.7213902091928499,3,1,1,0,0,1,0,1
PPL,545848,2026-01-03 18:00:00+00:00,Sport Lisboa e Benfica,GD Estoril Praia,V1_RAW,1.0698107981268858,0.993507869952458,,,2.138900366784052,1.0411258929402996,0.6246278277083049,0.2004441539295305,0.1749280183621645,0.8250719816378356,0.3753721722916951,0.6469430462306582,3,1,1,0,0,1,0,1
PPL,545848,2026-01-03 18:00:00+00:00,Sport Lisboa e Benfica,GD Estoril Praia,V2_DYNAMIC,1.0698107981268858,0.993507869952458,,,2.288218708503136,1.0343667682474678,0.6551259545407887,0.18735840418756122,0.15751564127165016,0.8424843587283499,0.3448740454592114,0.6445486021967379,3,1,1,0,0,1,0,1
PPL,545848,2026-01-03 18:00:00+00:00,Sport Lisboa e Benfica,GD Estoril Praia,V2_DYNAMIC_DC,1.0698107981268858,0.993507869952458,0.02,,2.288218708503136,1.0343667682474678,0.6568329555860541,0.18394440209703003,0.1592226423169157,0.8407773576830841,0.34316704441394574,0.644548602196738,3,1,1,0,0,1,0,1
PPL,545848,2026-01-03 18:00:00+00:00,Sport Lisboa e Benfica,GD Estoril Praia,V2_DYNAMIC_BP,1.0698107981268858,0.993507869952458,,0.1,2.288218708503136,1.0343667682474678,0.659405541719996,0.19220587898674965,0.1483885792932543,0.8516114207067457,0.34059445828000395,0.6445451978320367,3,1,1,0,0,1,0,1
PPL,545852,2026-01-03 18:00:00+00:00,CF Estrela da Amadora,Sporting Clube de Braga,V1_RAW,1.0854596525357734,0.9771893213329159,,,1.1008023197731776,1.4871069625952755,0.2805013813829826,0.2587701999341583,0.460728418682859,0.5392715813171409,0.7194986186170174,0.7739743888810443,3,3,0,1,0,1,1,1
PPL,545852,2026-01-03 18:00:00+00:00,CF Estrela da Amadora,Sporting Clube de Braga,V2_DYNAMIC,1.0854596525357734,0.9771893213329159,,,1.1948765035315665,1.4531850435279312,0.3108576473750168,0.2585531097589453,0.4305892428660383,0.5694107571339622,0.6891423526249836,0.7661755449728154,3,3,0,1,0,1,1,1
PPL,545852,2026-01-03 18:00:00+00:00,CF Estrela da Amadora,Sporting Clube de Braga,V2_DYNAMIC_DC,1.0854596525357734,0.9771893213329159,0.02,,1.1948765035315665,1.4531850435279312,0.3133159515617879,0.25363650138540306,0.4330475470528093,0.566952452947191,0.6866840484382124,0.7661755449728154,3,3,0,1,0,1,1,1
PPL,545852,2026-01-03 18:00:00+00:00,CF Estrela da Amadora,Sporting Clube de Braga,V2_DYNAMIC_BP,1.0854596525357734,0.9771893213329159,,0.15000000000000002,1.1948765035315665,1.4531850435279312,0.2955661690349718,0.281402587878678,0.42303124308635,0.5769687569136498,0.704433830965028,0.7661755337736129,3,3,0,1,0,1,1,1
PPL,545844,2026-01-03 20:30:00+00:00,AVS,Moreirense FC,V1_RAW,1.0948410218712836,0.9838542409681952,,,1.212530435250842,1.6214970500102786,0.2857757890237896,0.2451966138768405,0.4690275970993702,0.5309724029006302,0.7142242109762107,0.8023973435153048,0,2,0,0,1,0,1,1
PPL,545844,2026-01-03 20:30:00+00:00,AVS,Moreirense FC,V2_DYNAMIC,1.0948410218712836,0.9838542409681952,,,1.3275280607800641,1.5953167493700302,0.31847967104804836,0.24422008415988225,0.437300244792069,0.5626997552079306,0.6815203289519512,0.7971555303113589,0,2,0,0,1,0,1,1
PPL,545844,2026-01-03 20:30:00+00:00,AVS,Moreirense FC,V2_DYNAMIC_DC,1.0948410218712836,0.9838542409681952,0.02,,1.3275280607800641,1.5953167493700302,0.32075762931724344,0.2396641676214921,0.4395782030612641,0.5604217969387355,0.6792423706827562,0.7971555303113589,0,2,0,0,1,0,1,1
PPL,545844,2026-01-03 20:30:00+00:00,AVS,Moreirense FC,V2_DYNAMIC_BP,1.0948410218712836,0.9838542409681952,,0.2,1.3275280607800641,1.5953167493700302,0.2981280992136087,0.27406470767368596,0.4278071931127054,0.5721928068872947,0.7018719007863914,0.7971554999119808,0,2,0,0,1,0,1,1
PPL,545850,2026-01-04 15:30:00+00:00,Rio Ave FC,Casa Pia AC,V1_RAW,1.0989136010076201,0.9825185127557728,,,1.3219876898891942,1.3769894654142028,0.3582632310849425,0.2581234011261502,0.3836133677889071,0.6163866322110927,0.6417367689150573,0.7476629197920028,3,1,1,0,0,1,0,1
PPL,545850,2026-01-04 15:30:00+00:00,Rio Ave FC,Casa Pia AC,V2_DYNAMIC,1.0989136010076201,0.9825185127557728,,,1.4527502527838794,1.352917641639129,0.3965322203235902,0.2521549217750089,0.3513128579014013,0.6486871420985991,0.6034677796764103,0.7415149548210243,3,1,1,0,0,1,0,1
PPL,545850,2026-01-04 15:30:00+00:00,Rio Ave FC,Casa Pia AC,V2_DYNAMIC_DC,1.0989136010076201,0.9825185127557728,0.02,,1.4527502527838794,1.352917641639129,0.39890909615418213,0.24740117011382498,0.3536897337319932,0.6463102662680071,0.6010909038458182,0.7415149548210243,3,1,1,0,0,1,0,1
PPL,545850,2026-01-04 15:30:00+00:00,Rio Ave FC,Casa Pia AC,V2_DYNAMIC_BP,1.0989136010076201,0.9825185127557728,,0.225,1.4527502527838794,1.352917641639129,0.3795884457869274,0.2910860355326702,0.32932551868040244,0.6706744813195976,0.6204115542130726,0.7415148605477954,3,1,1,0,0,1,0,1
PPL,545847,2026-01-04 18:00:00+00:00,CD Santa Clara,FC Porto,V1_RAW,1.109166993217463,0.9775332077246831,,,0.5823748529626696,1.442472377279478,0.1495571039345623,0.2684963381299953,0.5819465579354428,0.4180534420645576,0.8504428960654382,0.7636572925935632,0,1,0,0,1,0,1,1
PPL,545847,2026-01-04 18:00:00+00:00,CD Santa Clara,FC Porto,V2_DYNAMIC,1.109166993217463,0.9775332077246831,,,0.6459509645860664,1.4100646500162575,0.1707016343965929,0.2739001539686342,0.5553982116347732,0.4446017883652271,0.8292983656034074,0.7558724261705332,0,1,0,0,1,0,1,1
PPL,545847,2026-01-04 18:00:00+00:00,CD Santa Clara,FC Porto,V2_DYNAMIC_DC,1.109166993217463,0.9775332077246831,0.02,,0.6459509645860664,1.4100646500162575,0.17303268911240816,0.26923804453944217,0.55772926634815,0.4422707336518503,0.8269673108875921,0.7558724261716351,0,1,0,0,1,0,1,1
PPL,545847,2026-01-04 18:00:00+00:00,CD Santa Clara,FC Porto,V2_DYNAMIC_BP,1.109166993217463,0.9775332077246831,,0.2,0.6459509645860664,1.4100646500162575,0.14979776816788354,0.2949010648997577,0.5553011669323591,0.44469883306764124,0.8502022318321167,0.7558724261455452,0,1,0,0,1,0,1,1
PPL,545845,2026-01-04 20:30:00+00:00,FC Alverca,FC Famalicão,V1_RAW,1.1096130569985738,0.9811898492897635,,,0.7973393362779698,1.335526432235563,0.2233740638507788,0.2825241535439372,0.4941017826052842,0.5058982173947161,0.7766259361492215,0.7369803230323504,1,0,1,0,0,1,0,0
PPL,545845,2026-01-04 20:30:00+00:00,FC Alverca,FC Famalicão,V2_DYNAMIC,1.1096130569985738,0.9811898492897635,,,0.884738138392612,1.3104049787677077,0.2521485362291163,0.2830297843204018,0.4648216794504819,0.5351783205495182,0.7478514637708837,0.7302891529064043,1,0,1,0,0,1,0,0
PPL,545845,2026-01-04 20:30:00+00:00,FC Alverca,FC Famalicão,V2_DYNAMIC_DC,1.1096130569985738,0.9811898492897635,0.01,,0.884738138392612,1.3104049787677077,0.2534394041435539,0.2804480484921437,0.4661125473643026,0.5338874526356976,0.7465605958564463,0.7302891529070138,1,0,1,0,0,1,0,0
PPL,545845,2026-01-04 20:30:00+00:00,FC Alverca,FC Famalicão,V2_DYNAMIC_BP,1.1096130569985738,0.9811898492897635,,0.17500000000000002,0.884738138392612,1.3104049787677077,0.23214341725274384,0.3094144605291489,0.4584421222181071,0.5415578777818928,0.767856582747256,0.7302891522325314,1,0,1,0,0,1,0,0
PPL,545842,2026-01-11 15:30:00+00:00,CD Nacional,CD Santa Clara,V1_RAW,1.0935719986752492,0.948825455726879,,,1.2552530278037703,1.1372544398197892,0.3903775542805643,0.2765276799941132,0.3330947657253225,0.6669052342746775,0.6096224457194357,0.6793016892945902,3,3,0,1,0,1,1,1
PPL,545842,2026-01-11 15:30:00+00:00,CD Nacional,CD Santa Clara,V2_DYNAMIC,1.0935719986752492,0.948825455726879,,,1.3727095624585273,1.079055962139428,0.43554358316131364,0.2695268811315507,0.29492953570713565,0.7050704642928644,0.5644564168386863,0.6600837246092418,3,3,0,1,0,1,1,1
PPL,545842,2026-01-11 15:30:00+00:00,CD Nacional,CD Santa Clara,V2_DYNAMIC_DC,1.0935719986752492,0.948825455726879,0.04,,1.3727095624585273,1.079055962139428,0.44064739307999595,0.2593192612940922,0.3000333456259118,0.6999666543740881,0.559352606920004,0.6600837246094686,3,3,0,1,0,1,1,1
PPL,545842,2026-01-11 15:30:00+00:00,CD Nacional,CD Santa Clara,V2_DYNAMIC_BP,1.0935719986752492,0.948825455726879,,0.1,1.3727095624585273,1.079055962139428,0.43089205134683073,0.28444906182179863,0.2846588868313707,0.7153411131686294,0.5691079486531694,0.6600836808128587,3,3,0,1,0,1,1,1
PPL,545837,2026-01-11 18:00:00+00:00,Moreirense FC,CD Tondela,V1_RAW,1.1115120131579432,0.9720160135327343,,,1.909434208255476,1.1230647059586838,0.5570012730711349,0.2220854398316853,0.2209132870971798,0.7790867129028203,0.4429987269288652,0.6747186262930087,1,0,1,0,0,1,0,0
PPL,545837,2026-01-11 18:00:00+00:00,Moreirense FC,CD Tondela,V2_DYNAMIC,1.1115120131579432,0.9720160135327343,,,2.1223590608106875,1.0916368784252721,0.6095947367477995,0.20336136710030886,0.18704389615189168,0.8129561038481083,0.39040526325220054,0.6643333934994695,1,0,1,0,0,1,0,0
PPL,545837,2026-01-11 18:00:00+00:00,Moreirense FC,CD Tondela,V2_DYNAMIC_DC,1.1115120131579432,0.9720160135327343,0.06,,2.1223590608106875,1.0916368784252721,0.6151824463430966,0.19218594790971452,0.19263160574718877,0.8073683942528112,0.3848175536569033,0.6643333934994696,1,0,1,0,0,1,0,0
PPL,545837,2026-01-11 18:00:00+00:00,Moreirense FC,CD Tondela,V2_DYNAMIC_BP,1.1115120131579432,0.9720160135327343,,0.17500000000000002,2.1223590608106875,1.0916368784252721,0.6150967644119515,0.21551071654163767,0.16939251904641078,0.8306074809535892,0.38490323558804845,0.6643306152992442,1,0,1,0,0,1,0,0
PPL,545853,2026-01-16 20:15:00+00:00,Sporting Clube de Portugal,Casa Pia AC,V1_RAW,1.11291222980234,0.9607984925620099,,,2.961329908461978,0.6986397378033616,0.827275070522705,0.1137602220839148,0.0589647073933794,0.94103529260662,0.1727249294772943,0.5027387503648737,3,0,1,0,0,1,0,0
PPL,545853,2026-01-16 20:15:00+00:00,Sporting Clube de Portugal,Casa Pia AC,V2_DYNAMIC,1.11291222980234,0.9607984925620099,,,3.2957002716067794,0.6712520069253877,0.8660569169252028,0.09058534229006382,0.043357740784733256,0.9566422592152666,0.13394308307479708,0.4889316839205087,3,0,1,0,0,1,0,0
PPL,545853,2026-01-16 20:15:00+00:00,Sporting Clube de Portugal,Casa Pia AC,V2_DYNAMIC_DC,1.11291222980234,0.9607984925620099,0.06,,3.2957002716067794,0.6712520069253877,0.8685713106003372,0.08555655493979529,0.04587213445986752,0.9541278655401325,0.13142868939966282,0.4889316839205087,3,0,1,0,0,1,0,0
PPL,545853,2026-01-16 20:15:00+00:00,Sporting Clube de Portugal,Casa Pia AC,V2_DYNAMIC_BP,1.11291222980234,0.9607984925620099,,0.2,3.2957002716067794,0.6712520069253877,0.8760954011501331,0.08844624326978565,0.03545835558008122,0.9645416444199187,0.12390459884986688,0.4888392177934533,3,0,1,0,0,1,0,0
PPL,545859,2026-01-17 15:30:00+00:00,Gil Vicente FC,CD Nacional,V1_RAW,1.108490379361514,0.9487254369452855,,,1.1319742578849723,0.8908429987045919,0.41101639428485,0.3033218050137082,0.2856618007014418,0.7143381992985582,0.5889836057151501,0.5896902836406499,2,1,1,0,0,1,0,1
PPL,545859,2026-01-17 15:30:00+00:00,Gil Vicente FC,CD Nacional,V2_DYNAMIC,1.108490379361514,0.9487254369452855,,,1.2547825745503811,0.8451654131956624,0.4587385580568128,0.2911045899445973,0.2501568519985898,0.74984314800141,0.5412614419431871,0.5705136895872882,2,1,1,0,0,1,0,1
PPL,545859,2026-01-17 15:30:00+00:00,Gil Vicente FC,CD Nacional,V2_DYNAMIC_DC,1.108490379361514,0.9487254369452855,0.06,,1.2547825745503811,0.8451654131956624,0.4665308580649898,0.2755199899275729,0.2579491520074372,0.7420508479925627,0.53346914193501,0.570513689588446,2,1,1,0,0,1,0,1
PPL,545859,2026-01-17 15:30:00+00:00,Gil Vicente FC,CD Nacional,V2_DYNAMIC_BP,1.108490379361514,0.9487254369452855,,0.2,1.2547825745503811,0.8451654131956624,0.45047292835612285,0.3228961723108216,0.22663089933305552,0.7733691006669445,0.5495270716438772,0.5705136578982338,2,1,1,0,0,1,0,1
PPL,545858,2026-01-17 18:00:00+00:00,FC Alverca,Moreirense FC,V1_RAW,1.112659641928857,0.9585038769244274,,,1.041748180395686,1.340357067259979,0.29064839485714,0.2739594302699744,0.4353921748728851,0.5646078251271145,0.7093516051428596,0.7382478112448057,2,1,1,0,0,1,0,1
PPL,545858,2026-01-17 18:00:00+00:00,FC Alverca,Moreirense FC,V2_DYNAMIC,1.112659641928857,0.9585038769244274,,,1.1591111573791024,1.2847374454317453,0.33328120670497696,0.27301125673288545,0.39370753656213764,0.6062924634378624,0.6667187932950231,0.7232767371811739,2,1,1,0,0,1,0,1
PPL,545858,2026-01-17 18:00:00+00:00,FC Alverca,Moreirense FC,V2_DYNAMIC_DC,1.112659641928857,0.9585038769244274,0.08,,1.1591111573791024,1.2847374454317453,0.34362499361204846,0.25232368291878143,0.40405132346917,0.59594867653083,0.6563750063879514,0.7232767371813529,2,1,1,0,0,1,0,1
PPL,545858,2026-01-17 18:00:00+00:00,FC Alverca,Moreirense FC,V2_DYNAMIC_BP,1.112659641928857,0.9585038769244274,,0.2,1.1591111573791024,1.2847374454317453,0.31223528877485734,0.3095114753200397,0.3782532359051032,0.621746764094897,0.6877647112251428,0.7232767262709063,2,1,1,0,0,1,0,1
PPL,545856,2026-01-17 18:00:00+00:00,AVS,FC Arouca,V1_RAW,1.1211149919725731,0.9572749281798951,,,1.585358861599074,1.5201585112347904,0.3950456554920571,0.2381393984644137,0.3668149460435299,0.6331850539564708,0.6049543445079436,0.7813227785915378,0,1,0,0,1,0,1,1
PPL,545856,2026-01-17 18:00:00+00:00,AVS,FC Arouca,V2_DYNAMIC,1.1211149919725731,0.9572749281798951,,,1.7773695873952935,1.4552096296643402,0.4533110104483475,0.22986269605471327,0.3168262934969398,0.6831737065030608,0.5466889895516531,0.7666484625427124,0,1,0,0,1,0,1,1
PPL,545856,2026-01-17 18:00:00+00:00,AVS,FC Arouca,V2_DYNAMIC_DC,1.1211149919725731,0.9572749281798951,0.1,,1.7773695873952935,1.4552096296643402,0.4635160189771907,0.20945267899702683,0.327031302025783,0.6729686979742175,0.5364839810228098,0.7666484625427124,0,1,0,0,1,0,1,1
PPL,545856,2026-01-17 18:00:00+00:00,AVS,FC Arouca,V2_DYNAMIC_BP,1.1211149919725731,0.9572749281798951,,0.2,1.7773695873952935,1.4552096296643402,0.44601455805696105,0.257005183454582,0.29698025848845694,0.7030197415115431,0.553985441943039,0.7666479330827024,0,1,0,0,1,0,1,1
PPL,545855,2026-01-17 20:30:00+00:00,Rio Ave FC,Sport Lisboa e Benfica,V1_RAW,1.1135788621415224,0.9549779253896761,,,0.8591625125998055,2.0447107882004807,0.1484217798920507,0.2026159923948709,0.6489622277130775,0.3510377722869217,0.8515782201079485,0.870582386333638,0,2,0,0,1,0,1,1
PPL,545855,2026-01-17 20:30:00+00:00,Rio Ave FC,Sport Lisboa e Benfica,V2_DYNAMIC,1.1135788621415224,0.9549779253896761,,,0.9567452131755427,1.9526536665375844,0.17898890979797455,0.21501881839929665,0.6059922718027285,0.3940077281972712,0.8210110902020251,0.8581020304665095,0,2,0,0,1,0,1,1
PPL,545855,2026-01-17 20:30:00+00:00,Rio Ave FC,Sport Lisboa e Benfica,V2_DYNAMIC_DC,1.1135788621415224,0.9549779253896761,0.12,,0.9567452131755427,1.9526536665375844,0.19120886974599102,0.1905788985032638,0.6182122317507451,0.3817877682492548,0.808791130254009,0.8581020304665093,0,2,0,0,1,0,1,1
PPL,545855,2026-01-17 20:30:00+00:00,Rio Ave FC,Sport Lisboa e Benfica,V2_DYNAMIC_BP,1.1135788621415224,0.9549779253896761,,0.2,0.9567452131755427,1.9526536665375844,0.15867127441969978,0.2299016469364579,0.6114270786438426,0.3885729213561577,0.8413287255803005,0.8581020296491899,0,2,0,0,1,0,1,1
PPL,545860,2026-01-18 15:30:00+00:00,CD Santa Clara,FC Famalicão,V1_RAW,1.1043392104677803,0.9548728169200871,,,0.7885861512555713,0.8253354519150604,0.3138359517730164,0.3513664611632657,0.3347975870637174,0.6652024129362821,0.6861640482269832,0.5619119896484256,0,1,0,0,1,0,1,1
PPL,545860,2026-01-18 15:30:00+00:00,CD Santa Clara,FC Famalicão,V2_DYNAMIC,1.1043392104677803,0.9548728169200871,,,0.8708666076634032,0.7880903878741468,0.35076706941028696,0.34516869143214446,0.3040642391575685,0.6959357608424315,0.649232930589713,0.5452877087632853,0,1,0,0,1,0,1,1
PPL,545860,2026-01-18 15:30:00+00:00,CD Santa Clara,FC Famalicão,V2_DYNAMIC_DC,1.1043392104677803,0.9548728169200871,0.12,,0.8708666076634032,0.7880903878741468,0.36644298973933787,0.31381685077348187,0.31974015948718015,0.6802598405128197,0.633557010260662,0.5452877087668927,0,1,0,0,1,0,1,1
PPL,545860,2026-01-18 15:30:00+00:00,CD Santa Clara,FC Famalicão,V2_DYNAMIC_BP,1.1043392104677803,0.9548728169200871,,0.2,0.8708666076634032,0.7880903878741468,0.3292336301831625,0.3920494825955945,0.278716887221243,0.721283112778757,0.6707663698168376,0.5452877077845564,0,1,0,0,1,0,1,1
PPL,545854,2026-01-18 18:00:00+00:00,CD Tondela,Sporting Clube de Braga,V1_RAW,1.1020229155214414,0.9455786526491394,,,0.9745949028969548,1.8016970606233376,0.2018684796916925,0.2300754830007463,0.5680560373075614,0.4319439626924388,0.7981315203083077,0.8349813961156711,0,1,0,0,1,0,1,1
PPL,545854,2026-01-18 18:00:00+00:00,CD Tondela,Sporting Clube de Braga,V2_DYNAMIC,1.1020229155214414,0.9455786526491394,,,1.0740259163428383,1.7036462790661304,0.23906526438179454,0.23989626557644284,0.5210384700417633,0.4789615299582374,0.7609347356182061,0.8179810393618938,0,1,0,0,1,0,1,1
PPL,545854,2026-01-18 18:00:00+00:00,CD Tondela,Sporting Clube de Braga,V2_DYNAMIC_DC,1.1020229155214414,0.9455786526491394,0.14,,1.0740259163428383,1.7036462790661304,0.2549945146630318,0.20803776501396784,0.5369677203230008,0.46303227967699967,0.7450054853369686,0.8179810393618938,0,1,0,0,1,0,1,1
PPL,545854,2026-01-18 18:00:00+00:00,CD Tondela,Sporting Clube de Braga,V2_DYNAMIC_BP,1.1020229155214414,0.9455786526491394,,0.17500000000000002,1.0740259163428383,1.7036462790661304,0.22017647490306652,0.2596471438538686,0.5201763812430653,0.47982361875693513,0.7798235250969339,0.8179810361493001,0,1,0,0,1,0,1,1
PPL,545861,2026-01-18 20:30:00+00:00,Vitória SC,FC Porto,V1_RAW,1.0750149826399253,0.9496080206587173,,,0.7289385253667076,1.947244033324992,0.1313948220710284,0.2071666336118878,0.6614385443170838,0.3385614556829163,0.8686051779289716,0.8573332850059251,0,1,0,0,1,0,1,1
PPL,545861,2026-01-18 20:30:00+00:00,Vitória SC,FC Porto,V2_DYNAMIC,1.0750149826399253,0.9496080206587173,,,0.783619836192664,1.8491185522252431,0.1530689694037265,0.220427644035817,0.6265033865604565,0.3734966134395435,0.8469310305962734,0.8426235438785834,0,1,0,0,1,0,1,1
PPL,545861,2026-01-18 20:30:00+00:00,Vitória SC,FC Porto,V2_DYNAMIC_DC,1.0750149826399253,0.9496080206587173,0.16,,0.783619836192664,1.8491185522252431,0.16973407809737234,0.1870974266488934,0.6431684952537347,0.35683150474626574,0.830265921902628,0.8426235438787056,0,1,0,0,1,0,1,1
PPL,545861,2026-01-18 20:30:00+00:00,Vitória SC,FC Porto,V2_DYNAMIC_BP,1.0750149826399253,0.9496080206587173,,0.225,0.783619836192664,1.8491185522252431,0.13128591023896635,0.23573699798817327,0.6329770917728604,0.3670229082271396,0.8687140897610337,0.8426235437564285,0,1,0,0,1,0,1,1
PPL,545857,2026-01-19 20:15:00+00:00,CF Estrela da Amadora,GD Estoril Praia,V1_RAW,1.082878342984253,0.9395972436608115,,,1.8960041355524109,1.4071835957908176,0.4903928053148008,0.2232895519361951,0.2863176427490043,0.7136823572509959,0.5096071946851995,0.7551681414781188,0,5,0,0,1,0,1,1
PPL,545857,2026-01-19 20:15:00+00:00,CF Estrela da Amadora,GD Estoril Praia,V2_DYNAMIC,1.082878342984253,0.9395972436608115,,,2.0531418165982855,1.3221858279297618,0.5431666230382299,0.21269980843679345,0.24413356852497659,0.7558664314750234,0.45683337696177007,0.7334479290024591,0,5,0,0,1,0,1,1
PPL,545857,2026-01-19 20:15:00+00:00,CF Estrela da Amadora,GD Estoril Praia,V2_DYNAMIC_DC,1.082878342984253,0.9395972436608115,0.17,,2.0531418165982855,1.3221858279297618,0.5589528686795606,0.18112731715413238,0.25991981416630733,0.740080185833693,0.4410471313204397,0.7334479290024591,0,5,0,0,1,0,1,1
PPL,545857,2026-01-19 20:15:00+00:00,CF Estrela da Amadora,GD Estoril Praia,V2_DYNAMIC_BP,1.082878342984253,0.9395972436608115,,0.25,2.0531418165982855,1.3221858279297618,0.5453810683231738,0.237990873491994,0.21662805818483208,0.7833719418151678,0.4546189316768261,0.7334456632427576,0,5,0,0,1,0,1,1
PPL,545862,2026-01-23 20:15:00+00:00,Casa Pia AC,AVS,V1_RAW,1.0564600439464338,0.9650036455767451,,,1.852854883537309,1.035993840037467,0.5648827568680429,0.2260482887193017,0.2090689544126555,0.7909310455873446,0.4351172431319573,0.64512648190113,3,3,0,1,0,1,1,1
PPL,545862,2026-01-23 20:15:00+00:00,Casa Pia AC,AVS,V2_DYNAMIC,1.0564600439464338,0.9650036455767451,,,1.95746715168819,0.9997378324312071,0.5966745844150354,0.2156581046784941,0.18766731090647046,0.8123326890935295,0.4033254155849646,0.6320240964386701,3,3,0,1,0,1,1,1
PPL,545862,2026-01-23 20:15:00+00:00,Casa Pia AC,AVS,V2_DYNAMIC_DC,1.0564600439464338,0.9650036455767451,0.17,,1.95746715168819,0.9997378324312071,0.6139621837785079,0.18108290595154877,0.20495491026994306,0.7950450897300566,0.3860378162214918,0.6320240964386703,3,3,0,1,0,1,1,1
PPL,545862,2026-01-23 20:15:00+00:00,Casa Pia AC,AVS,V2_DYNAMIC_BP,1.0564600439464338,0.9650036455767451,,0.1,1.95746715168819,0.9997378324312071,0.5991195216133525,0.22300652510171723,0.17787395328493044,0.8221260467150697,0.40088047838664764,0.6320231306343675,3,3,0,1,0,1,1,1
PPL,545865,2026-01-24 15:30:00+00:00,Moreirense FC,CD Santa Clara,V1_RAW,1.0637058769051246,0.9835579124225524,,,1.5330358160137465,1.0666424286733822,0.4805360216535092,0.255463744383374,0.2640002339631169,0.7359997660368833,0.5194639783464909,0.6558378714363202,1,0,1,0,0,1,0,0
PPL,545865,2026-01-24 15:30:00+00:00,Moreirense FC,CD Santa Clara,V2_DYNAMIC,1.0637058769051246,0.9835579124225524,,,1.6306992069998656,1.049104600447313,0.5092289978352743,0.24670351715860703,0.2440674850061186,0.7559325149938814,0.49077100216472563,0.6497487707611176,1,0,1,0,0,1,0,0
PPL,545865,2026-01-24 15:30:00+00:00,Moreirense FC,CD Santa Clara,V2_DYNAMIC_DC,1.0637058769051246,0.9835579124225524,0.17,,1.6306992069998656,1.049104600447313,0.5291732661097384,0.20681498060967896,0.2640117532805824,0.7359882467194173,0.47082673389026136,0.6497487707611176,1,0,1,0,0,1,0,0
PPL,545865,2026-01-24 15:30:00+00:00,Moreirense FC,CD Santa Clara,V2_DYNAMIC_BP,1.0637058769051246,0.9835579124225524,,0.125,1.6306992069998656,1.049104600447313,0.5079716615125176,0.26112436762424046,0.23090397086324208,0.7690960291367581,0.4920283384874825,0.649748533164631,1,0,1,0,0,1,0,0
PPL,545868,2026-01-24 18:00:00+00:00,FC Arouca,Sporting Clube de Portugal,V1_RAW,1.0755970406473745,0.9702038267466926,,,0.8319621063294165,2.5466792078524705,0.10042692419538,0.1549106219441998,0.7446624538604198,0.2553375461395799,0.8995730758046196,0.921658610009511,1,2,0,0,1,0,1,1
PPL,545868,2026-01-24 18:00:00+00:00,FC Arouca,Sporting Clube de Portugal,V2_DYNAMIC,1.0755970406473745,0.9702038267466926,,,0.8948559794986767,2.4707979129547026,0.11623008156536559,0.16506557293456542,0.7187043455000687,0.281295654499931,0.8837699184346341,0.9154779062854079,1,2,0,0,1,0,1,1
PPL,545868,2026-01-24 18:00:00+00:00,FC Arouca,Sporting Clube de Portugal,V2_DYNAMIC_DC,1.0755970406473745,0.9702038267466926,0.16,,0.8948559794986767,2.4707979129547026,0.1284494732722184,0.14062678952085966,0.7309237372069214,0.26907626279307806,0.871550526727781,0.9154779062854079,1,2,0,0,1,0,1,1
PPL,545868,2026-01-24 18:00:00+00:00,FC Arouca,Sporting Clube de Portugal,V2_DYNAMIC_BP,1.0755970406473745,0.9702038267466926,,0.15000000000000002,0.8948559794986767,2.4707979129547026,0.10427352557408329,0.16903294609020406,0.7266935283357125,0.27330647166428734,0.8957264744259166,0.9154779060626518,1,2,0,0,1,0,1,1
PPL,545867,2026-01-24 20:30:00+00:00,GD Estoril Praia,Vitória SC,V1_RAW,1.0803490395049382,0.9675107781578567,,,1.5238821786082413,0.8737645989348417,0.5254153421731246,0.2587990300295226,0.2157856277973532,0.7842143722026472,0.4745846578268759,0.5826226702966195,4,2,1,0,0,1,0,1
PPL,545867,2026-01-24 20:30:00+00:00,GD Estoril Praia,Vitória SC,V2_DYNAMIC,1.0803490395049382,0.9675107781578567,,,1.6463246479781062,0.8453766670422362,0.5634895481771058,0.24481394240435891,0.19169650941853586,0.8083034905814648,0.4365104518228948,0.5706044106374919,4,2,1,0,0,1,0,1
PPL,545867,2026-01-24 20:30:00+00:00,GD Estoril Praia,Vitória SC,V2_DYNAMIC_DC,1.0803490395049382,0.9675107781578567,0.18,,1.6463246479781062,0.8453766670422362,0.5842246749803042,0.2033436887976532,0.21243163622204264,0.7875683637779574,0.41577532501969583,0.5706044106378476,4,2,1,0,0,1,0,1
PPL,545867,2026-01-24 20:30:00+00:00,GD Estoril Praia,Vitória SC,V2_DYNAMIC_BP,1.0803490395049382,0.9675107781578567,,0.15000000000000002,1.6463246479781062,0.8453766670422362,0.5647823144903105,0.2590476020404508,0.1761700834692387,0.8238299165307612,0.43521768550968953,0.570604101322846,4,2,1,0,0,1,0,1
PPL,545866,2026-01-25 15:30:00+00:00,CD Nacional,Rio Ave FC,V1_RAW,1.0834983637568785,0.9871075751485938,,,1.7336805888564792,1.7642261532601304,0.3823074022053646,0.2228526505352404,0.3948399472593941,0.605160052740605,0.6176925977946346,0.8286806899085619,4,0,1,0,0,1,0,0
PPL,545866,2026-01-25 15:30:00+00:00,CD Nacional,Rio Ave FC,V2_DYNAMIC,1.0834983637568785,0.9871075751485938,,,1.8784400813030568,1.7414810001583387,0.41854224872781043,0.2181990964043245,0.3632586548678651,0.6367413451321349,0.5814577512721897,0.8247389513991967,4,0,1,0,0,1,0,0
PPL,545866,2026-01-25 15:30:00+00:00,CD Nacional,Rio Ave FC,V2_DYNAMIC_DC,1.0834983637568785,0.9871075751485938,0.17,,1.8784400813030568,1.7414810001583387,0.43343778943723954,0.188408014985466,0.37815419557729424,0.6218458044227055,0.5665622105627602,0.8247389513991968,4,0,1,0,0,1,0,0
PPL,545866,2026-01-25 15:30:00+00:00,CD Nacional,Rio Ave FC,V2_DYNAMIC_BP,1.0834983637568785,0.9871075751485938,,0.2,1.8784400813030568,1.7414810001583387,0.4074522918163961,0.24598707626371705,0.3465606319198868,0.6534393680801132,0.5925477081836038,0.8247382534667682,4,0,1,0,0,1,0,0
PPL,545870,2026-01-25 18:00:00+00:00,Sport Lisboa e Benfica,CF Estrela da Amadora,V1_RAW,1.112587589012822,0.9799873031241373,,,2.2362330689988545,0.9591317038300984,0.6626221774058904,0.1887543949332958,0.1486234276608133,0.8513765723391862,0.3373778225941091,0.6167745052179339,4,0,1,0,0,1,0,0
PPL,545870,2026-01-25 18:00:00+00:00,Sport Lisboa e Benfica,CF Estrela da Amadora,V2_DYNAMIC,1.112587589012822,0.9799873031241373,,,2.4880051587081793,0.9399368917773169,0.7115971611701087,0.16611307088954785,0.12228976794034373,0.8777102320596566,0.2884028388298916,0.6093475099376882,4,0,1,0,0,1,0,0
PPL,545870,2026-01-25 18:00:00+00:00,Sport Lisboa e Benfica,CF Estrela da Amadora,V2_DYNAMIC_DC,1.112587589012822,0.9799873031241373,0.15,,2.4880051587081793,0.9399368917773169,0.722982096760362,0.14334319970904136,0.13367470353059702,0.8663252964694033,0.2770179032396384,0.6093475099376882,4,0,1,0,0,1,0,0
PPL,545870,2026-01-25 18:00:00+00:00,Sport Lisboa e Benfica,CF Estrela da Amadora,V2_DYNAMIC_BP,1.112587589012822,0.9799873031241373,,0.125,2.4880051587081793,0.9399368917773169,0.718217853932715,0.16966517171733148,0.11211697434995373,0.8878830256500465,0.2817821460672852,0.6093394971161705,4,0,1,0,0,1,0,0
PPL,545869,2026-01-25 18:00:00+00:00,FC Famalicão,CD Tondela,V1_RAW,1.1377008399472663,0.9515591134418392,,,1.7006704274238535,0.7609079400332309,0.5984452740294317,0.2369662239378013,0.1645885020327668,0.835411497967233,0.401554725970568,0.5327579933580935,3,0,1,0,0,1,0,0
PPL,545869,2026-01-25 18:00:00+00:00,FC Famalicão,CD Tondela,V2_DYNAMIC,1.1377008399472663,0.9515591134418392,,,1.9348541737535947,0.7240488848288773,0.6601111630484304,0.2083277645687867,0.1315610723827828,0.8684389276172171,0.3398888369515695,0.5152145632854355,3,0,1,0,0,1,0,0
PPL,545869,2026-01-25 18:00:00+00:00,FC Famalicão,CD Tondela,V2_DYNAMIC_DC,1.1377008399472663,0.9515591134418392,0.15,,1.9348541737535947,0.7240488848288773,0.6748262597078757,0.1788975712491447,0.1462761690429798,0.8537238309570204,0.32517374029212454,0.515214563285942,3,0,1,0,0,1,0,0
PPL,545869,2026-01-25 18:00:00+00:00,FC Famalicão,CD Tondela,V2_DYNAMIC_BP,1.1377008399472663,0.9515591134418392,,0.17500000000000002,1.9348541737535947,0.7240488848288773,0.6663328876677266,0.217362231720354,0.11630488061191935,0.8836951193880805,0.3336671123322733,0.515213175432296,3,0,1,0,0,1,0,0
PPL,545863,2026-01-25 20:30:00+00:00,Sporting Clube de Braga,FC Alverca,V1_RAW,1.1509634119341179,0.9483895030333827,,,1.8037824538455247,1.0247453791528105,0.5563812285440728,0.2304811990892757,0.2131375723666518,0.7868624276333486,0.4436187714559275,0.6411121659023649,5,0,1,0,0,1,0,0
PPL,545863,2026-01-25 20:30:00+00:00,Sporting Clube de Braga,FC Alverca,V2_DYNAMIC,1.1509634119341179,0.9483895030333827,,,2.076087607464941,0.9718577608704893,0.6282083351205824,0.20381750582717487,0.167974159052243,0.8320258409477572,0.37179166487941784,0.6216205509269553,5,0,1,0,0,1,0,0
PPL,545863,2026-01-25 20:30:00+00:00,Sporting Clube de Braga,FC Alverca,V2_DYNAMIC_DC,1.1509634119341179,0.9483895030333827,0.17,,2.076087607464941,0.9718577608704893,0.6444861660289819,0.17126184401037567,0.18425198996064257,0.8157480100393576,0.3555138339710182,0.6216205509269553,5,0,1,0,0,1,0,0
PPL,545863,2026-01-25 20:30:00+00:00,Sporting Clube de Braga,FC Alverca,V2_DYNAMIC_BP,1.1509634119341179,0.9483895030333827,,0.15000000000000002,2.076087607464941,0.9718577608704893,0.6333628388924253,0.2131062234849719,0.1535309376226025,0.8464690623773972,0.3666371611075744,0.6216183918348928,5,0,1,0,0,1,0,0
PPL,545864,2026-01-26 20:15:00+00:00,FC Porto,Gil Vicente FC,V1_RAW,1.183668143835118,0.9490841912917047,,,1.2512899587636694,0.7054647902838365,0.4938954499297261,0.2964460470536747,0.2096585030165993,0.7903414969834008,0.5061045500702741,0.5061210292454611,3,0,1,0,0,1,0,0
PPL,545864,2026-01-26 20:15:00+00:00,FC Porto,Gil Vicente FC,V2_DYNAMIC,1.183668143835118,0.9490841912917047,,,1.481112062889314,0.669545479971307,0.5680147176944802,0.2638218863167787,0.1681633959887417,0.8318366040112589,0.4319852823055204,0.48805878746717546,3,0,1,0,0,1,0,0
PPL,545864,2026-01-26 20:15:00+00:00,FC Porto,Gil Vicente FC,V2_DYNAMIC_DC,1.183668143835118,0.9490841912917047,0.15,,1.481112062889314,0.669545479971307,0.5853304462607068,0.22919042918212748,0.1854791245571659,0.8145208754428344,0.4146695537392934,0.4880587874690503,3,0,1,0,0,1,0,0
PPL,545864,2026-01-26 20:15:00+00:00,FC Porto,Gil Vicente FC,V2_DYNAMIC_BP,1.183668143835118,0.9490841912917047,,0.1,1.481112062889314,0.669545479971307,0.5685870573370269,0.273074236177901,0.1583387064850718,0.8416612935149279,0.4314129426629728,0.48805869719228745,3,0,1,0,0,1,0,0
PPL,545879,2026-01-30 20:45:00+00:00,Vitória SC,Moreirense FC,V1_RAW,1.1994852549676245,0.9386934595091321,,,1.3717729052525334,1.312293367436192,0.3842725552015478,0.2589350542303208,0.356792390568132,0.6432076094318686,0.6157274447984529,0.7307980311244698,1,0,1,0,0,1,0,0
PPL,545879,2026-01-30 20:45:00+00:00,Vitória SC,Moreirense FC,V2_DYNAMIC,1.1994852549676245,0.9386934595091321,,,1.645421373014514,1.2318412009695678,0.4705283769724235,0.24300422510383218,0.2864673979237447,0.7135326020762557,0.5294716230275769,0.7082450730327041,1,0,1,0,0,1,0,0
PPL,545879,2026-01-30 20:45:00+00:00,Vitória SC,Moreirense FC,V2_DYNAMIC_DC,1.1994852549676245,0.9386934595091321,0.15,,1.645421373014514,1.2318412009695678,0.48764209910716483,0.20877678083434903,0.30358112005848614,0.6964188799415139,0.5123579008928352,0.7082450730327043,1,0,1,0,0,1,0,0
PPL,545879,2026-01-30 20:45:00+00:00,Vitória SC,Moreirense FC,V2_DYNAMIC_BP,1.1994852549676245,0.9386934595091321,,0.07500000000000001,1.645421373014514,1.2318412009695678,0.4686396264727571,0.2522093587709107,0.2791510147563321,0.7208489852436678,0.5313603735272427,0.7082449074238882,1,0,1,0,0,1,0,0
PPL,545878,2026-01-31 15:30:00+00:00,CD Santa Clara,GD Estoril Praia,V1_RAW,1.1954828544506286,0.9180181226738022,,,1.1402914830119375,1.273096354781582,0.3304129589396906,0.2749543190043366,0.3946327220559728,0.6053672779440271,0.6695870410603094,0.7200365877205596,2,4,0,0,1,0,1,1
PPL,545878,2026-01-31 15:30:00+00:00,CD Santa Clara,GD Estoril Praia,V2_DYNAMIC,1.1954828544506286,0.9180181226738022,,,1.3631989170168515,1.1687255255994486,0.4127624327154842,0.2665074625665813,0.32073010471793484,0.6792698952820655,0.5872375672845161,0.689237236961671,2,4,0,0,1,0,1,1
PPL,545878,2026-01-31 15:30:00+00:00,CD Santa Clara,GD Estoril Praia,V2_DYNAMIC_DC,1.1954828544506286,0.9180181226738022,0.17,,1.3631989170168515,1.1687255255994486,0.43429619848039974,0.223439931036716,0.34226387048288415,0.6577361295171158,0.5657038015196001,0.6892372369617842,2,4,0,0,1,0,1,1
PPL,545878,2026-01-31 15:30:00+00:00,CD Santa Clara,GD Estoril Praia,V2_DYNAMIC_BP,1.1954828544506286,0.9180181226738022,,0.1,1.3631989170168515,1.1687255255994486,0.40692007934214636,0.2820992853436784,0.31098063531417525,0.6890193646858247,0.5930799206578536,0.6892371972889402,2,4,0,0,1,0,1,1
PPL,545872,2026-01-31 18:00:00+00:00,Rio Ave FC,FC Arouca,V1_RAW,1.1922621204731705,0.9269870241428658,,,1.75394633478539,1.3422729896831902,0.4719910621330063,0.2333845683247635,0.2946243695422308,0.7053756304577699,0.5280089378669943,0.7387488280246656,0,3,0,0,1,0,1,1
PPL,545872,2026-01-31 18:00:00+00:00,Rio Ave FC,FC Arouca,V2_DYNAMIC,1.1922621204731705,0.9269870241428658,,,2.0911637763073747,1.2442696442937682,0.5684715509208755,0.20905369191678333,0.22247475716234144,0.7775252428376589,0.4315284490791248,0.7118486901087189,0,3,0,0,1,0,1,1
PPL,545872,2026-01-31 18:00:00+00:00,Rio Ave FC,FC Arouca,V2_DYNAMIC_DC,1.1922621204731705,0.9269870241428658,0.17,,2.0911637763073747,1.2442696442937682,0.5842185067804698,0.17755978019759425,0.23822171302193595,0.761778286978064,0.4157814932195302,0.7118486901087189,0,3,0,0,1,0,1,1
PPL,545872,2026-01-31 18:00:00+00:00,Rio Ave FC,FC Arouca,V2_DYNAMIC_BP,1.1922621204731705,0.9269870241428658,,0.1,2.0911637763073747,1.2442696442937682,0.5703335437559294,0.2171769525790283,0.2124895036650422,0.7875104963349577,0.4296664562440705,0.7118471414359558,0,3,0,0,1,0,1,1
PPL,545877,2026-01-31 20:30:00+00:00,FC Alverca,CF Estrela da Amadora,V1_RAW,1.1733163540542297,0.9557727810972603,,,1.4374511439874664,1.293861137321248,0.4050439169465916,0.2556984429663337,0.3392576400870742,0.6607423599129254,0.594956083053408,0.7257900259217405,1,1,0,1,0,1,1,1
PPL,545877,2026-01-31 20:30:00+00:00,FC Alverca,CF Estrela da Amadora,V2_DYNAMIC,1.1733163540542297,0.9557727810972603,,,1.6865849353944558,1.2366372575711935,0.4793898761424183,0.2398252226598277,0.2807849011977539,0.719215098802246,0.5206101238575815,0.7096409951212863,1,1,0,1,0,1,1,1
PPL,545877,2026-01-31 20:30:00+00:00,FC Alverca,CF Estrela da Amadora,V2_DYNAMIC_DC,1.1733163540542297,0.9557727810972603,0.15,,1.6865849353944558,1.2366372575711935,0.49620899757687925,0.20618697979090583,0.29760402263221486,0.702395977367785,0.5037910024231207,0.7096409951212863,1,1,0,1,0,1,1,1
PPL,545877,2026-01-31 20:30:00+00:00,FC Alverca,CF Estrela da Amadora,V2_DYNAMIC_BP,1.1733163540542297,0.9557727810972603,,0.05,1.6865849353944558,1.2366372575711935,0.478384509442525,0.24564156102170706,0.2759739295357677,0.7240260704642321,0.5216154905574748,0.7096408483724699,1,1,0,1,0,1,1,1
PPL,545873,2026-02-01 15:30:00+00:00,Gil Vicente FC,FC Famalicão,V1_RAW,1.163500009906163,0.9557975555006802,,,0.9616539810878126,0.846509499434767,0.3678054142042183,0.3271706324710909,0.3050239533246905,0.6949760466753092,0.6321945857957816,0.5710905692325953,5,0,1,0,0,1,0,0
PPL,545873,2026-02-01 15:30:00+00:00,Gil Vicente FC,FC Famalicão,V2_DYNAMIC,1.163500009906163,0.9557975555006802,,,1.1188844165219711,0.8090917102678548,0.4269231425008989,0.31008013378708993,0.2629967237120111,0.7370032762879888,0.573076857499101,0.5547376896880545,5,0,1,0,0,1,0,0
PPL,545873,2026-02-01 15:30:00+00:00,Gil Vicente FC,FC Famalicão,V2_DYNAMIC_DC,1.163500009906163,0.9557975555006802,0.13,,1.1188844165219711,0.8090917102678548,0.4440397207517158,0.2758469772844201,0.2801133019638641,0.7198866980361359,0.5559602792482842,0.554737689690104,5,0,1,0,0,1,0,0
PPL,545873,2026-02-01 15:30:00+00:00,Gil Vicente FC,FC Famalicão,V2_DYNAMIC_BP,1.163500009906163,0.9557975555006802,,0.05,1.1188844165219711,0.8090917102678548,0.4243191052978983,0.3181368835125371,0.25754401118956516,0.7424559888104354,0.5756808947021023,0.5547376854320896,5,0,1,0,0,1,0,0
PPL,545871,2026-02-01 18:00:00+00:00,Sporting Clube de Portugal,CD Nacional,V1_RAW,1.20379728318188,0.9455472903572923,,,2.223387245849821,0.6557916292120256,0.7321029762673674,0.1732660553699558,0.0946309683626764,0.9053690316373232,0.2678970237326323,0.4809689802054436,2,1,1,0,0,1,0,1
PPL,545871,2026-02-01 18:00:00+00:00,Sporting Clube de Portugal,CD Nacional,V2_DYNAMIC,1.20379728318188,0.9455472903572923,,,2.676507526015257,0.620081998040425,0.8082760027266548,0.12915194740690972,0.0625720498664351,0.9374279501335645,0.19172399727334483,0.4620996709468097,2,1,1,0,0,1,0,1
PPL,545871,2026-02-01 18:00:00+00:00,Sporting Clube de Portugal,CD Nacional,V2_DYNAMIC_DC,1.20379728318188,0.9455472903572923,0.13,,2.676507526015257,0.620081998040425,0.816261807283251,0.11318033829330408,0.07055785442344463,0.9294421455765551,0.1837381927167487,0.4620996709471079,2,1,1,0,0,1,0,1
PPL,545871,2026-02-01 18:00:00+00:00,Sporting Clube de Portugal,CD Nacional,V2_DYNAMIC_BP,1.20379728318188,0.9455472903572923,,0.0,2.676507526015257,0.620081998040425,0.8082760027266548,0.12915194740690972,0.06257204986643511,0.9374279501335645,0.19172399727334483,0.4620996709468097,2,1,1,0,0,1,0,1
PPL,545874,2026-02-01 20:30:00+00:00,CD Tondela,Sport Lisboa e Benfica,V1_RAW,1.2084271210680195,0.9624088586905031,,,0.5966300293051909,1.923989348119604,0.1063121767942194,0.2028355133929786,0.6908523098128015,0.3091476901871982,0.8936878232057802,0.8539767390106923,0,0,0,1,0,1,1,0
PPL,545874,2026-02-01 20:30:00+00:00,CD Tondela,Sport Lisboa e Benfica,V2_DYNAMIC,1.2084271210680195,0.9624088586905031,,,0.720983908656,1.851664392656473,0.13907792146097037,0.2177414550925476,0.643180623446482,0.356819376553518,0.8609220785390296,0.8430236815080524,0,0,0,1,0,1,1,0
PPL,545874,2026-02-01 20:30:00+00:00,CD Tondela,Sport Lisboa e Benfica,V2_DYNAMIC_DC,1.2084271210680195,0.9624088586905031,0.16,,0.720983908656,1.851664392656473,0.1553829902903897,0.18513131743481756,0.6594856922747927,0.3405143077252073,0.8446170097096103,0.8430236815082617,0,0,0,1,0,1,1,0
PPL,545874,2026-02-01 20:30:00+00:00,CD Tondela,Sport Lisboa e Benfica,V2_DYNAMIC_BP,1.2084271210680195,0.9624088586905031,,0.0,0.720983908656,1.851664392656473,0.13907792146097037,0.21774145509254758,0.6431806234464819,0.3568193765535179,0.8609220785390295,0.8430236815080524,0,0,0,1,0,1,1,0
PPL,545875,2026-02-02 18:45:00+00:00,AVS,Sporting Clube de Braga,V1_RAW,1.2011829241766985,0.9516632505944471,,,0.8645393310076247,2.1013667522269954,0.1437816452088424,0.1972353849777775,0.6589829698133799,0.34101703018662,0.8562183547911575,0.8777108250201151,0,4,0,0,1,0,1,1
PPL,545875,2026-02-02 18:45:00+00:00,AVS,Sporting Clube de Braga,V2_DYNAMIC,1.2011829241766985,0.9516632505944471,,,1.0384698816855054,1.9997935141154386,0.1907752698034663,0.2127026892244828,0.5965220409720511,0.4034779590279491,0.8092247301965338,0.8646356454819797,0,4,0,0,1,0,1,1
PPL,545875,2026-02-02 18:45:00+00:00,AVS,Sporting Clube de Braga,V2_DYNAMIC_DC,1.2011829241766985,0.9516632505944471,0.16,,1.0384698816855054,1.9997935141154386,0.20669741673702088,0.1808583953573735,0.6124441879056056,0.3875558120943944,0.7933025832629791,0.8646356454819797,0,4,0,0,1,0,1,1
PPL,545875,2026-02-02 18:45:00+00:00,AVS,Sporting Clube de Braga,V2_DYNAMIC_BP,1.2011829241766985,0.9516632505944471,,0.0,1.0384698816855054,1.9997935141154386,0.1907752698034663,0.2127026892244828,0.5965220409720511,0.4034779590279491,0.8092247301965338,0.8646356454819797,0,4,0,0,1,0,1,1
PPL,545876,2026-02-02 20:45:00+00:00,Casa Pia AC,FC Porto,V1_RAW,1.2061662782434506,0.9717461394146063,,,0.585819135432689,2.360987101136362,0.0743343889966073,0.1544594956111263,0.771206115392266,0.2287938846077337,0.9256656110033924,0.9056729331283891,2,1,1,0,0,1,0,1
PPL,545876,2026-02-02 20:45:00+00:00,Casa Pia AC,FC Porto,V2_DYNAMIC,1.2061662782434506,0.9717461394146063,,,0.7065952863086424,2.2942801007369424,0.09824996774785472,0.16959494066227018,0.7321550915898752,0.26784490841012487,0.9017500322521455,0.8991631345451845,2,1,1,0,0,1,0,1
PPL,545876,2026-02-02 20:45:00+00:00,Casa Pia AC,FC Porto,V2_DYNAMIC_DC,1.2061662782434506,0.9717461394146063,0.13,,0.7065952863086424,2.2942801007369424,0.10873354331339019,0.14862778953153283,0.7426386671550772,0.257361332844923,0.89126645668661,0.8991631345452377,2,1,1,0,0,1,0,1
PPL,545876,2026-02-02 20:45:00+00:00,Casa Pia AC,FC Porto,V2_DYNAMIC_BP,1.2061662782434506,0.9717461394146063,,0.0,0.7065952863086424,2.2942801007369424,0.09824996774785469,0.16959494066227015,0.7321550915898751,0.26784490841012487,0.9017500322521452,0.8991631345451845,2,1,1,0,0,1,0,1
PPL,545884,2026-02-07 15:30:00+00:00,CF Estrela da Amadora,CD Santa Clara,V1_RAW,1.2004474687064948,0.9657187139672501,,,1.390062856946198,1.229179926553471,0.4066431034701702,0.2617730148169231,0.3315838817129062,0.6684161182870934,0.5933568965298294,0.707467622624325,1,0,1,0,0,1,0,0
PPL,545884,2026-02-07 15:30:00+00:00,CF Estrela da Amadora,CD Santa Clara,V2_DYNAMIC,1.2004474687064948,0.9657187139672501,,,1.6686974379639816,1.187042057905577,0.48630375335073855,0.24193424802905142,0.2717619986202096,0.72823800137979,0.5136962466492611,0.6948775178054127,1,0,1,0,0,1,0,0
PPL,545884,2026-02-07 15:30:00+00:00,CF Estrela da Amadora,CD Santa Clara,V2_DYNAMIC_DC,1.2004474687064948,0.9657187139672501,0.13,,1.6686974379639816,1.187042057905577,0.5011137800590696,0.21231419461239,0.28657202532854037,0.7134279746714596,0.4988862199409304,0.6948775178054126,1,0,1,0,0,1,0,0
PPL,545884,2026-02-07 15:30:00+00:00,CF Estrela da Amadora,CD Santa Clara,V2_DYNAMIC_BP,1.2004474687064948,0.9657187139672501,,0.0,1.6686974379639816,1.187042057905577,0.48630375335073855,0.24193424802905145,0.2717619986202096,0.72823800137979,0.5136962466492611,0.6948775178054127,1,0,1,0,0,1,0,0
PPL,545883,2026-02-07 15:30:00+00:00,Moreirense FC,Gil Vicente FC,V1_RAW,1.1721408446354784,0.9650981302179553,,,1.168076123020925,1.196706814609288,0.353503207671002,0.2790168893069565,0.3674799030220416,0.6325200969779585,0.6464967923289981,0.6978122646788762,1,2,0,0,1,0,1,1
PPL,545883,2026-02-07 15:30:00+00:00,Moreirense FC,Gil Vicente FC,V2_DYNAMIC,1.1721408446354784,0.9650981302179553,,,1.3691497334362819,1.1549395091985093,0.4174060607102599,0.2666612794764938,0.31593265981324625,0.6840673401867536,0.5825939392897401,0.6849233910278035,1,2,0,0,1,0,1,1
PPL,545883,2026-02-07 15:30:00+00:00,Moreirense FC,Gil Vicente FC,V2_DYNAMIC_DC,1.1721408446354784,0.9650981302179553,0.16,,1.3691497334362819,1.1549395091985093,0.4376797251802502,0.22611395053647146,0.33620632428327796,0.6637936757167217,0.5623202748197494,0.6849233910279312,1,2,0,0,1,0,1,1
PPL,545883,2026-02-07 15:30:00+00:00,Moreirense FC,Gil Vicente FC,V2_DYNAMIC_BP,1.1721408446354784,0.9650981302179553,,0.0,1.3691497334362819,1.1549395091985093,0.4174060607102598,0.2666612794764938,0.31593265981324625,0.6840673401867536,0.5825939392897401,0.6849233910278035,1,2,0,0,1,0,1,1
PPL,545885,2026-02-07 18:00:00+00:00,GD Estoril Praia,CD Tondela,V1_RAW,1.1801351120451988,0.9492448336589085,,,2.319884047019838,0.910699422139127,0.6891793581133254,0.1790276176819323,0.1317930242047428,0.8682069757952577,0.3108206418866752,0.5977572118874581,2,2,0,1,0,1,1,1
PPL,545885,2026-02-07 18:00:00+00:00,GD Estoril Praia,CD Tondela,V2_DYNAMIC,1.1801351120451988,0.9492448336589085,,,2.737776619761626,0.8644767214817197,0.7660806799423956,0.1416561354073445,0.09226318465026033,0.90773681534974,0.23391932005760485,0.5787280615187853,2,2,0,1,0,1,1,1
PPL,545885,2026-02-07 18:00:00+00:00,GD Estoril Praia,CD Tondela,V2_DYNAMIC_DC,1.1801351120451988,0.9492448336589085,0.16,,2.737776619761626,0.8644767214817197,0.7764057088246189,0.12100607764289796,0.10258821353248358,0.8974117864675168,0.22359429117538154,0.5787280615187853,2,2,0,1,0,1,1,1
PPL,545885,2026-02-07 18:00:00+00:00,GD Estoril Praia,CD Tondela,V2_DYNAMIC_BP,1.1801351120451988,0.9492448336589085,,0.025,2.737776619761626,0.8644767214817197,0.7674730622752276,0.14193303456210493,0.09059390316266783,0.9094060968373325,0.23252693772477276,0.5787243281867442,2,2,0,1,0,1,1,1
PPL,545886,2026-02-07 20:30:00+00:00,FC Arouca,Vitória SC,V1_RAW,1.1767931253215387,0.9792005169404517,,,1.2504236124292658,1.2646033309463467,0.362084765335573,0.2690895855971577,0.3688256490672699,0.6311743509327308,0.6379152346644277,0.7176487260573767,3,2,1,0,0,1,0,1
PPL,545886,2026-02-07 20:30:00+00:00,FC Arouca,Vitória SC,V2_DYNAMIC,1.1767931253215387,0.9792005169404517,,,1.471489910846484,1.2383002353872798,0.42572330834644495,0.2556123883395603,0.31866430331399487,0.6813356966860052,0.5742766916535551,0.7101234541098163,3,2,1,0,0,1,0,1
PPL,545886,2026-02-07 20:30:00+00:00,FC Arouca,Vitória SC,V2_DYNAMIC_DC,1.1767931253215387,0.9792005169404517,0.12,,1.471489910846484,1.2383002353872798,0.44027514525345396,0.22650871452554225,0.3332161402210039,0.6667838597789962,0.5597248547465461,0.7101234541098163,3,2,1,0,0,1,0,1
PPL,545886,2026-02-07 20:30:00+00:00,FC Arouca,Vitória SC,V2_DYNAMIC_BP,1.1767931253215387,0.9792005169404517,,0.025,1.471489910846484,1.2383002353872798,0.42455610791788967,0.2590356779546168,0.3164082141274935,0.6835917858725065,0.5754438920821103,0.7101234293902884,3,2,1,0,0,1,0,1
PPL,545881,2026-02-08 15:30:00+00:00,CD Nacional,Casa Pia AC,V1_RAW,1.1782079738549056,0.9889662492312423,,,2.038177214909896,1.4185045811615455,0.5190517614922698,0.2140784359032418,0.2668698026044884,0.7331301973955117,0.4809482385077303,0.7579242490039957,0,0,0,1,0,1,1,0
PPL,545881,2026-02-08 15:30:00+00:00,CD Nacional,Casa Pia AC,V2_DYNAMIC,1.1782079738549056,0.9889662492312423,,,2.401396646736223,1.402853155148668,0.5957739719478972,0.18990556234639433,0.2143204657057083,0.7856795342942915,0.4042260280521026,0.754105541756707,0,0,0,1,0,1,1,0
PPL,545881,2026-02-08 15:30:00+00:00,CD Nacional,Casa Pia AC,V2_DYNAMIC_DC,1.1782079738549056,0.9889662492312423,0.12,,2.401396646736223,1.402853155148668,0.6047795495917214,0.17189440705874595,0.22332604334953257,0.7766739566504673,0.3952204504082785,0.7541055417567069,0,0,0,1,0,1,1,0
PPL,545881,2026-02-08 15:30:00+00:00,CD Nacional,Casa Pia AC,V2_DYNAMIC_BP,1.1782079738549056,0.9889662492312423,,0.05,2.401396646736223,1.402853155148668,0.5972900192980685,0.1931830045291281,0.20952697617280347,0.7904730238271965,0.40270998070193154,0.7541030824409727,0,0,0,1,0,1,1,0
PPL,545888,2026-02-08 18:00:00+00:00,Sporting Clube de Braga,Rio Ave FC,V1_RAW,1.164339308669648,0.9831022586944818,,,2.38371213301399,0.9248573349624936,0.6972245258862941,0.174151303862191,0.1286241702515154,0.8713758297484853,0.3027754741137065,0.6034120057196763,3,0,1,0,0,1,0,0
PPL,545888,2026-02-08 18:00:00+00:00,Sporting Clube de Braga,Rio Ave FC,V2_DYNAMIC,1.164339308669648,0.9831022586944818,,,2.7754497370209616,0.9092293349717863,0.7622603370225619,0.1416147486324932,0.09612491434494473,0.9038750856550551,0.23773966297743793,0.5971654435151657,3,0,1,0,0,1,0,0
PPL,545888,2026-02-08 18:00:00+00:00,Sporting Clube de Braga,Rio Ave FC,V2_DYNAMIC_DC,1.164339308669648,0.9831022586944818,0.02,,2.7754497370209616,0.9092293349717863,0.7635276007359345,0.13908022120574798,0.09739217805831735,0.9026078219416824,0.23647239926406532,0.5971654435151657,3,0,1,0,0,1,0,0
PPL,545888,2026-02-08 18:00:00+00:00,Sporting Clube de Braga,Rio Ave FC,V2_DYNAMIC_BP,1.164339308669648,0.9831022586944818,,0.07500000000000001,2.7754497370209616,0.9092293349717863,0.7665809802566212,0.14251064928420512,0.09090837045917363,0.9090916295408263,0.23341901974337875,0.5971537286318613,3,0,1,0,0,1,0,0
PPL,545882,2026-02-08 20:30:00+00:00,Sport Lisboa e Benfica,FC Alverca,V1_RAW,1.1581075035879593,0.9710172491160076,,,2.498664909995553,0.8359086668446549,0.7362593542355889,0.1592159947025192,0.1045246510618914,0.8954753489381081,0.2637406457644107,0.5665195868575197,2,1,1,0,0,1,0,1
PPL,545882,2026-02-08 20:30:00+00:00,Sport Lisboa e Benfica,FC Alverca,V2_DYNAMIC,1.1581075035879593,0.9710172491160076,,,2.8937225812177827,0.8116817341917261,0.7975425438500413,0.1265702500764713,0.07588720607348717,0.9241127939265126,0.20245745614995847,0.5558894375358303,2,1,1,0,0,1,0,1
PPL,545882,2026-02-08 20:30:00+00:00,Sport Lisboa e Benfica,FC Alverca,V2_DYNAMIC_DC,1.1581075035879593,0.9710172491160076,0.03,,2.8937225812177827,0.8116817341917261,0.7992756341567641,0.12310406946302571,0.07762029638020997,0.9223797036197898,0.20072436584323566,0.5558894375358303,2,1,1,0,0,1,0,1
PPL,545882,2026-02-08 20:30:00+00:00,Sport Lisboa e Benfica,FC Alverca,V2_DYNAMIC_BP,1.1581075035879593,0.9710172491160076,,0.05,2.8937225812177827,0.8116817341917261,0.800347229774933,0.1267174794138807,0.07293529081118609,0.9270647091888137,0.19965277022506678,0.5558786625434526,2,1,1,0,0,1,0,1
PPL,545880,2026-02-09 18:45:00+00:00,FC Famalicão,AVS,V1_RAW,1.154592070287792,0.990851029415015,,,2.5072646161804726,0.7765594025476448,0.7507009667809178,0.1547019986950413,0.0945970345240407,0.9054029654759592,0.2492990332190821,0.540014081786834,3,1,1,0,0,1,0,1
PPL,545880,2026-02-09 18:45:00+00:00,FC Famalicão,AVS,V2_DYNAMIC,1.154592070287792,0.990851029415015,,,2.8948678439551383,0.7694546834162429,0.8058898823514135,0.12356520224384838,0.0705449154047386,0.9294550845952618,0.194110117648587,0.5367343738069981,3,1,1,0,0,1,0,1
PPL,545880,2026-02-09 18:45:00+00:00,FC Famalicão,AVS,V2_DYNAMIC_DC,1.154592070287792,0.990851029415015,-0.02,,2.8948678439551383,0.7694546834162429,0.804748211365559,0.1258485442155569,0.0694032444188843,0.9305967555811159,0.1952517886344412,0.5367343738069981,3,1,1,0,0,1,0,1
PPL,545880,2026-02-09 18:45:00+00:00,FC Famalicão,AVS,V2_DYNAMIC_BP,1.154592070287792,0.990851029415015,,0.05,2.8948678439551383,0.7694546834162429,0.8086316154606772,0.123622850457627,0.06774553408169615,0.9322544659183042,0.19136838453932314,0.5367236608904955,3,1,1,0,0,1,0,1
PPL,545887,2026-02-09 20:45:00+00:00,FC Porto,Sporting Clube de Portugal,V1_RAW,1.1504244978092384,0.9824052392219659,,,1.2350325954929606,0.9457355576876298,0.4284024627808621,0.2887946494931394,0.2828028877259989,0.7171971122740015,0.5715975372191383,0.6116062202238333,1,1,0,1,0,1,1,1
PPL,545887,2026-02-09 20:45:00+00:00,FC Porto,Sporting Clube de Portugal,V2_DYNAMIC,1.1504244978092384,0.9824052392219659,,,1.4208117534480296,0.9290955667908353,0.4843167867710953,0.2694596269958862,0.2462235862330188,0.7537764137669816,0.515683213228905,0.6050892788440814,1,1,0,1,0,1,1,1
PPL,545887,2026-02-09 20:45:00+00:00,FC Porto,Sporting Clube de Portugal,V2_DYNAMIC_DC,1.1504244978092384,0.9824052392219659,-0.02,,1.4208117534480296,0.9290955667908353,0.4817986733580154,0.2744958538216111,0.2437054728203735,0.7562945271796265,0.5182013266419846,0.6050892788445017,1,1,0,1,0,1,1,1
PPL,545887,2026-02-09 20:45:00+00:00,FC Porto,Sporting Clube de Portugal,V2_DYNAMIC_BP,1.1504244978092384,0.9824052392219659,,0.025,1.4208117534480296,0.9290955667908353,0.4837795485591113,0.2725430516452322,0.2436773997956567,0.7563226002043435,0.5162204514408889,0.6050892597559512,1,1,0,1,0,1,1,1
PPL,545895,2026-02-13 18:30:00+00:00,CD Santa Clara,Sport Lisboa e Benfica,V1_RAW,1.164296621863931,0.9960877609382294,,,0.6267546626289953,1.5771221595861802,0.1459966074112703,0.2495886857710473,0.6044147068176822,0.3955852931823177,0.8540033925887295,0.7934312845751421,1,2,0,0,1,0,1,1
PPL,545895,2026-02-13 18:30:00+00:00,CD Santa Clara,Sport Lisboa e Benfica,V2_DYNAMIC,1.164296621863931,0.9960877609382294,,,0.729728336436407,1.570952080668263,0.17257746179311237,0.25247024232003773,0.5749522958868499,0.42504770411315007,0.8274225382068876,0.7921526203895917,1,2,0,0,1,0,1,1
PPL,545895,2026-02-13 18:30:00+00:00,CD Santa Clara,Sport Lisboa e Benfica,V2_DYNAMIC_DC,1.164296621863931,0.9960877609382294,0.02,,0.729728336436407,1.570952080668263,0.17487457134861892,0.24787602321019767,0.5772494054411836,0.4227505945588166,0.8251254286513813,0.7921526203900846,1,2,0,0,1,0,1,1
PPL,545895,2026-02-13 18:30:00+00:00,CD Santa Clara,Sport Lisboa e Benfica,V2_DYNAMIC_BP,1.164296621863931,0.9960877609382294,,0.0,0.729728336436407,1.570952080668263,0.17257746179311237,0.2524702423200377,0.5749522958868499,0.42504770411315007,0.8274225382068876,0.7921526203895917,1,2,0,0,1,0,1,1
PPL,545890,2026-02-13 20:45:00+00:00,CD Tondela,FC Alverca,V1_RAW,1.1571713753434565,0.9945022349606417,,,1.162883842347389,1.1726895876830885,0.3570371199411943,0.2811131950413043,0.3618496850175021,0.6381503149824987,0.6429628800588065,0.6904666962638287,1,1,0,1,0,1,1,1
PPL,545890,2026-02-13 20:45:00+00:00,CD Tondela,FC Alverca,V2_DYNAMIC,1.1571713753434565,0.9945022349606417,,,1.3456558952138113,1.166242415865905,0.40862216886557345,0.26797449680249014,0.3234033343319364,0.6765966656680635,0.5913778311344265,0.6884646203827216,1,1,0,1,0,1,1,1
PPL,545890,2026-02-13 20:45:00+00:00,CD Tondela,FC Alverca,V2_DYNAMIC_DC,1.1571713753434565,0.9945022349606417,0.02,,1.3456558952138113,1.166242415865905,0.4111681159606754,0.26288260261224855,0.32594928142707585,0.6740507185729239,0.5888318840393244,0.6884646203828593,1,1,0,1,0,1,1,1
PPL,545890,2026-02-13 20:45:00+00:00,CD Tondela,FC Alverca,V2_DYNAMIC_BP,1.1571713753434565,0.9945022349606417,,0.0,1.3456558952138113,1.166242415865905,0.4086221688655734,0.26797449680249014,0.3234033343319364,0.6765966656680635,0.5913778311344265,0.6884646203827216,1,1,0,1,0,1,1,1
PPL,545891,2026-02-14 15:30:00+00:00,Casa Pia AC,FC Arouca,V1_RAW,1.1559766001806122,0.9853077029818418,,,1.7180211569122914,1.6303999958513045,0.4042528227894196,0.2281582961165134,0.3675888810940671,0.6324111189059332,0.5957471772105806,0.8041487812179381,3,2,1,0,0,1,0,1
PPL,545891,2026-02-14 15:30:00+00:00,Casa Pia AC,FC Arouca,V2_DYNAMIC,1.1559766001806122,0.9853077029818418,,,1.9859922560058327,1.6064456748538531,0.46858665555419615,0.21590304861302415,0.31551029583277995,0.6844897041672203,0.5314133444458041,0.7994004426003771,3,2,1,0,0,1,0,1
PPL,545891,2026-02-14 15:30:00+00:00,Casa Pia AC,FC Arouca,V2_DYNAMIC_DC,1.1559766001806122,0.9853077029818418,0.0,,1.9859922560058327,1.6064456748538531,0.46858665555419615,0.21590304861302415,0.31551029583277995,0.6844897041672203,0.5314133444458041,0.7994004426003771,3,2,1,0,0,1,0,1
PPL,545891,2026-02-14 15:30:00+00:00,Casa Pia AC,FC Arouca,V2_DYNAMIC_BP,1.1559766001806122,0.9853077029818418,,0.0,1.9859922560058327,1.6064456748538531,0.4685866555541962,0.21590304861302417,0.31551029583277995,0.6844897041672204,0.5314133444458041,0.7994004426003771,3,2,1,0,0,1,0,1
PPL,545889,2026-02-14 18:00:00+00:00,Vitória SC,CF Estrela da Amadora,V1_RAW,1.1847629564823179,0.9987091045595959,,,1.6376121940617003,1.1370734600526329,0.4902234115150045,0.2451597325394197,0.2646168559455761,0.7353831440544243,0.5097765884849959,0.6792436441366501,2,1,1,0,0,1,0,1
PPL,545889,2026-02-14 18:00:00+00:00,Vitória SC,CF Estrela da Amadora,V2_DYNAMIC,1.1847629564823179,0.9987091045595959,,,1.9401822646080353,1.1356056171076465,0.5608769190103173,0.21963304817212495,0.2194900328175578,0.7805099671824423,0.4391230809896828,0.6787724669129809,2,1,1,0,0,1,0,1
PPL,545889,2026-02-14 18:00:00+00:00,Vitória SC,CF Estrela da Amadora,V2_DYNAMIC_DC,1.1847629564823179,0.9987091045595959,0.06,,1.9401822646080353,1.1356056171076465,0.56697827480192,0.20743033658891943,0.2255913886091605,0.7744086113908394,0.4330217251980799,0.6787724669129809,2,1,1,0,0,1,0,1
PPL,545889,2026-02-14 18:00:00+00:00,Vitória SC,CF Estrela da Amadora,V2_DYNAMIC_BP,1.1847629564823179,0.9987091045595959,,0.0,1.9401822646080353,1.1356056171076465,0.5608769190103173,0.21963304817212495,0.2194900328175578,0.7805099671824423,0.4391230809896828,0.6787724669129808,2,1,1,0,0,1,0,1
PPL,545894,2026-02-14 20:30:00+00:00,Gil Vicente FC,Sporting Clube de Braga,V1_RAW,1.1911674834265902,0.9863066690160678,,,1.349153211047466,1.2633280033247405,0.3886143317304896,0.2628894407901618,0.3484962274793486,0.6515037725206514,0.6113856682695105,0.7172884059644756,2,1,1,0,0,1,0,1
PPL,545894,2026-02-14 20:30:00+00:00,Gil Vicente FC,Sporting Clube de Braga,V2_DYNAMIC,1.1911674834265902,0.9863066690160678,,,1.6070674351603134,1.2460288348339446,0.4579930024443739,0.24555303891033253,0.2964539586452935,0.7035460413547064,0.5420069975556261,0.7123551571906026,2,1,1,0,0,1,0,1
PPL,545894,2026-02-14 20:30:00+00:00,Gil Vicente FC,Sporting Clube de Braga,V2_DYNAMIC_DC,1.1911674834265902,0.9863066690160678,0.06,,1.6070674351603134,1.2460288348339446,0.46492135502967125,0.23169633373973778,0.3033823112305909,0.696617688769409,0.5350786449703286,0.7123551571906026,2,1,1,0,0,1,0,1
PPL,545894,2026-02-14 20:30:00+00:00,Gil Vicente FC,Sporting Clube de Braga,V2_DYNAMIC_BP,1.1911674834265902,0.9863066690160678,,0.0,1.6070674351603134,1.2460288348339446,0.4579930024443739,0.24555303891033253,0.29645395864529356,0.7035460413547064,0.5420069975556261,0.7123551571906026,2,1,1,0,0,1,0,1
PPL,545897,2026-02-15 15:30:00+00:00,CD Nacional,FC Porto,V1_RAW,1.1998914340099422,0.9936737561313077,,,0.8796209436905016,2.011152987312612,0.156122063543087,0.2067794009253734,0.6370985355315396,0.3629014644684605,0.843877936456913,0.8661657235464257,0,1,0,0,1,0,1,1
PPL,545897,2026-02-15 15:30:00+00:00,CD Nacional,FC Porto,V2_DYNAMIC,1.1998914340099422,0.9936737561313077,,,1.0554496355099745,1.9984299430576236,0.19455977466938826,0.2132148665645595,0.5922253587660523,0.4077746412339478,0.8054402253306119,0.8644509476991296,0,1,0,0,1,0,1,1
PPL,545897,2026-02-15 15:30:00+00:00,CD Nacional,FC Porto,V2_DYNAMIC_DC,1.1998914340099422,0.9936737561313077,0.03,,1.0554496355099745,1.9984299430576236,0.19754493895862082,0.20724453798609443,0.5952105230552849,0.40478947694471523,0.8024550610413793,0.8644509476991296,0,1,0,0,1,0,1,1
PPL,545897,2026-02-15 15:30:00+00:00,CD Nacional,FC Porto,V2_DYNAMIC_BP,1.1998914340099422,0.9936737561313077,,0.0,1.0554496355099745,1.9984299430576236,0.19455977466938829,0.21321486656455954,0.5922253587660523,0.4077746412339478,0.8054402253306119,0.8644509476991294,0,1,0,0,1,0,1,1
PPL,545896,2026-02-15 18:00:00+00:00,AVS,GD Estoril Praia,V1_RAW,1.1924627347418,0.9609426763756148,,,1.183343019803871,2.5032542011339607,0.1626055835566701,0.1761321314669173,0.6612622849764129,0.3387377150235874,0.8373944164433302,0.9181816883098958,3,0,1,0,0,1,0,0
PPL,545896,2026-02-15 18:00:00+00:00,AVS,GD Estoril Praia,V2_DYNAMIC,1.1924627347418,0.9609426763756148,,,1.411092453532944,2.4054837916861698,0.21538030011893836,0.1898076007719946,0.594812099109067,0.40518790089093293,0.7846196998810615,0.909774201422431,3,0,1,0,0,1,0,0
PPL,545896,2026-02-15 18:00:00+00:00,AVS,GD Estoril Praia,V2_DYNAMIC_DC,1.1924627347418,0.9609426763756148,0.06,,1.411092453532944,2.4054837916861698,0.21986166551012706,0.18084486998961724,0.5992934645002557,0.40070653549974433,0.7801383344898729,0.909774201422431,3,0,1,0,0,1,0,0
PPL,545896,2026-02-15 18:00:00+00:00,AVS,GD Estoril Praia,V2_DYNAMIC_BP,1.1924627347418,0.9609426763756148,,0.0,1.411092453532944,2.4054837916861698,0.21538030011893838,0.1898076007719946,0.594812099109067,0.405187900890933,0.7846196998810615,0.909774201422431,3,0,1,0,0,1,0,0
PPL,545892,2026-02-15 20:30:00+00:00,Sporting Clube de Portugal,FC Famalicão,V1_RAW,1.2061699793571823,0.9171336410041094,,,2.1049585818152434,0.5914280319604328,0.7269304962096795,0.1814650553877559,0.0916044484025648,0.9083955515974356,0.2730695037903207,0.4464637474006208,1,0,1,0,0,1,0,0
PPL,545892,2026-02-15 20:30:00+00:00,Sporting Clube de Portugal,FC Famalicão,V2_DYNAMIC,1.2061699793571823,0.9171336410041094,,,2.5389378491758157,0.5424185443437666,0.806648192244534,0.13450914900144267,0.05884265875402294,0.9411573412459766,0.19335180775546562,0.41865944712700354,1,0,1,0,0,1,0,0
PPL,545892,2026-02-15 20:30:00+00:00,Sporting Clube de Portugal,FC Famalicão,V2_DYNAMIC_DC,1.2061699793571823,0.9171336410041094,0.06,,2.5389378491758157,0.5424185443437666,0.8104409264100535,0.12692368066856083,0.06263539292138526,0.9373646070786144,0.1895590735899461,0.4186594471279206,1,0,1,0,0,1,0,0
PPL,545892,2026-02-15 20:30:00+00:00,Sporting Clube de Portugal,FC Famalicão,V2_DYNAMIC_BP,1.2061699793571823,0.9171336410041094,,0.0,2.5389378491758157,0.5424185443437666,0.806648192244534,0.1345091490014427,0.05884265875402295,0.9411573412459767,0.19335180775546565,0.4186594471270034,1,0,1,0,0,1,0,0
PPL,545893,2026-02-16 20:15:00+00:00,Rio Ave FC,Moreirense FC,V1_RAW,1.1739229517056033,0.9139691977425332,,,1.2013000597080523,1.4728961525402358,0.308926901925921,0.2568315824063101,0.4342415156677681,0.5657584843322312,0.6910730980740782,0.7707394507485421,1,2,0,0,1,0,1,1
PPL,545893,2026-02-16 20:15:00+00:00,Rio Ave FC,Moreirense FC,V2_DYNAMIC,1.1739229517056033,0.9139691977425332,,,1.4102337119765944,1.346181714895263,0.3871455749984947,0.25495629916394585,0.35789812583755937,0.6421018741624406,0.6128544250015052,0.7397679437308469,1,2,0,0,1,0,1,1
PPL,545893,2026-02-16 20:15:00+00:00,Rio Ave FC,Moreirense FC,V2_DYNAMIC_DC,1.1739229517056033,0.9139691977425332,0.08,,1.4102337119765944,1.346181714895263,0.3967925015636638,0.23566244603360748,0.3675450524027284,0.6324549475972713,0.6032074984363358,0.7397679437308469,1,2,0,0,1,0,1,1
PPL,545893,2026-02-16 20:15:00+00:00,Rio Ave FC,Moreirense FC,V2_DYNAMIC_BP,1.1739229517056033,0.9139691977425332,,0.0,1.4102337119765944,1.346181714895263,0.3871455749984947,0.2549562991639459,0.35789812583755937,0.6421018741624407,0.6128544250015053,0.7397679437308469,1,2,0,0,1,0,1,1
PPL,545901,2026-02-20 20:45:00+00:00,CF Estrela da Amadora,CD Tondela,V1_RAW,1.18159804111978,0.9312243422842135,,,1.6103222198126323,1.1469046244053278,0.4812311683656909,0.2472949050439038,0.2714739265904046,0.7285260734095947,0.5187688316343085,0.6823816024224274,0,2,0,0,1,0,1,1
PPL,545901,2026-02-20 20:45:00+00:00,CF Estrela da Amadora,CD Tondela,V2_DYNAMIC,1.18159804111978,0.9312243422842135,,,1.9027535805022622,1.0680255045245743,0.5684388617930858,0.22196748526806162,0.20959365293885263,0.7904063470611474,0.4315611382069142,0.6563135380484398,0,2,0,0,1,0,1,1
PPL,545901,2026-02-20 20:45:00+00:00,CF Estrela da Amadora,CD Tondela,V2_DYNAMIC_DC,1.18159804111978,0.9312243422842135,0.12,,1.9027535805022622,1.0680255045245743,0.580940149189851,0.1969649104745311,0.22209494033561789,0.7779050596643822,0.41905985081014896,0.6563135380484398,0,2,0,0,1,0,1,1
PPL,545901,2026-02-20 20:45:00+00:00,CF Estrela da Amadora,CD Tondela,V2_DYNAMIC_BP,1.18159804111978,0.9312243422842135,,0.0,1.9027535805022622,1.0680255045245743,0.5684388617930858,0.22196748526806162,0.20959365293885263,0.7904063470611474,0.4315611382069142,0.6563135380484398,0,2,0,0,1,0,1,1
PPL,545902,2026-02-21 15:30:00+00:00,FC Alverca,CD Santa Clara,V1_RAW,1.1555269809892708,0.936102580496942,,,1.1687703548350874,0.9027765372426872,0.4192284655012675,0.2983893969849702,0.2823821375137624,0.7176178624862377,0.5807715344987325,0.5945576303557446,1,1,0,1,0,1,1,1
PPL,545902,2026-02-21 15:30:00+00:00,FC Alverca,CD Santa Clara,V2_DYNAMIC,1.1555269809892708,0.936102580496942,,,1.3505456795923472,0.8450914461249731,0.48607672106835276,0.27948551972161007,0.2344377592100371,0.7655622407899628,0.5139232789316471,0.5704819205687885,1,1,0,1,0,1,1,1
PPL,545902,2026-02-21 15:30:00+00:00,FC Alverca,CD Santa Clara,V2_DYNAMIC_DC,1.1555269809892708,0.936102580496942,0.12,,1.3505456795923472,0.8450914461249731,0.5013186955144617,0.2490015708286584,0.24967973365687987,0.7503202663431201,0.49868130448553827,0.5704819205698015,1,1,0,1,0,1,1,1
PPL,545902,2026-02-21 15:30:00+00:00,FC Alverca,CD Santa Clara,V2_DYNAMIC_BP,1.1555269809892708,0.936102580496942,,0.0,1.3505456795923472,0.8450914461249731,0.48607672106835276,0.27948551972161007,0.2344377592100371,0.7655622407899628,0.5139232789316471,0.5704819205687885,1,1,0,1,0,1,1,1
PPL,545903,2026-02-21 15:30:00+00:00,FC Arouca,CD Nacional,V1_RAW,1.1444863072581524,0.9300089052927951,,,1.140735274333098,1.572942710245442,0.2761296037517725,0.2505212022683625,0.4733491939798646,0.526650806020135,0.7238703962482271,0.7925661344273904,3,0,1,0,0,1,0,0
PPL,545903,2026-02-21 15:30:00+00:00,FC Arouca,CD Nacional,V2_DYNAMIC,1.1444863072581524,0.9300089052927951,,,1.3055559016806029,1.4628507280436458,0.3374028743007986,0.25356835752282875,0.40902876817637274,0.5909712318236273,0.6625971256992015,0.7684247246833329,3,0,1,0,0,1,0,0
PPL,545903,2026-02-21 15:30:00+00:00,FC Arouca,CD Nacional,V2_DYNAMIC_DC,1.1444863072581524,0.9300089052927951,0.1,,1.3055559016806029,1.4628507280436458,0.3493893638675008,0.22959537838942431,0.42101525774307497,0.5789847422569251,0.6506106361324993,0.7684247246833329,3,0,1,0,0,1,0,0
PPL,545903,2026-02-21 15:30:00+00:00,FC Arouca,CD Nacional,V2_DYNAMIC_BP,1.1444863072581524,0.9300089052927951,,0.0,1.3055559016806029,1.4628507280436458,0.3374028743007986,0.2535683575228288,0.40902876817637285,0.5909712318236274,0.6625971256992016,0.7684247246833329,3,0,1,0,0,1,0,0
PPL,545898,2026-02-21 18:00:00+00:00,Sport Lisboa e Benfica,AVS,V1_RAW,1.1500653324886194,0.9240758784188996,,,3.1449853101504406,0.7573010414489905,0.8367389378716599,0.1058036574073263,0.0574574047210141,0.9425425952789862,0.1632610621283404,0.5310696558251096,3,0,1,0,0,1,0,0
PPL,545898,2026-02-21 18:00:00+00:00,Sport Lisboa e Benfica,AVS,V2_DYNAMIC,1.1500653324886194,0.9240758784188996,,,3.61693857638999,0.6998036251045233,0.8882683460650832,0.07565322943216575,0.036078424502750985,0.963921575497249,0.11173165393491674,0.5033171696165688,3,0,1,0,0,1,0,0
PPL,545898,2026-02-21 18:00:00+00:00,Sport Lisboa e Benfica,AVS,V2_DYNAMIC_DC,1.1500653324886194,0.9240758784188996,0.1,,3.61693857638999,0.6998036251045233,0.891650186066674,0.06888954942898391,0.0394602645043419,0.960539735495658,0.10834981393332582,0.5033171696165688,3,0,1,0,0,1,0,0
PPL,545898,2026-02-21 18:00:00+00:00,Sport Lisboa e Benfica,AVS,V2_DYNAMIC_BP,1.1500653324886194,0.9240758784188996,,0.0,3.61693857638999,0.6998036251045233,0.888268346065083,0.07565322943216574,0.036078424502750985,0.9639215754972488,0.11173165393491671,0.5033171696165689,3,0,1,0,0,1,0,0
PPL,545905,2026-02-21 18:00:00+00:00,Moreirense FC,Sporting Clube de Portugal,V1_RAW,1.1570286451279006,0.9220044105949943,,,1.046305485322056,1.7793448270564989,0.2215228825095716,0.2329319654130399,0.5455451520773881,0.4544548479226115,0.7784771174904279,0.8312513293780701,0,3,0,0,1,0,1,1
PPL,545905,2026-02-21 18:00:00+00:00,Moreirense FC,Sporting Clube de Portugal,V2_DYNAMIC,1.1570286451279006,0.9220044105949943,,,1.210605418072069,1.6405637785154792,0.28211110842812254,0.2437657673415911,0.4741231242302862,0.5258768757697136,0.7178888915718773,0.8061290364124443,0,3,0,0,1,0,1,1
PPL,545905,2026-02-21 18:00:00+00:00,Moreirense FC,Sporting Clube de Portugal,V2_DYNAMIC_DC,1.1570286451279006,0.9220044105949943,0.1,,1.210605418072069,1.6405637785154792,0.2935860181506012,0.22081594789663378,0.48559803395276485,0.514401966047235,0.7064139818493986,0.8061290364124443,0,3,0,0,1,0,1,1
PPL,545905,2026-02-21 18:00:00+00:00,Moreirense FC,Sporting Clube de Portugal,V2_DYNAMIC_BP,1.1570286451279006,0.9220044105949943,,0.0,1.210605418072069,1.6405637785154792,0.28211110842812254,0.2437657673415911,0.4741231242302862,0.5258768757697136,0.7178888915718773,0.8061290364124443,0,3,0,0,1,0,1,1
PPL,545906,2026-02-21 20:30:00+00:00,Sporting Clube de Braga,Vitória SC,V1_RAW,1.1468523856415462,0.9389762472217353,,,2.074614150964458,0.7122257181924996,0.6910814719337081,0.1923545456938533,0.1165639823724389,0.8834360176275613,0.3089185280662923,0.5094488471177296,3,2,1,0,0,1,0,1
PPL,545906,2026-02-21 20:30:00+00:00,Sporting Clube de Braga,Vitória SC,V2_DYNAMIC,1.1468523856415462,0.9389762472217353,,,2.379276188319299,0.6687630320431985,0.7549148349327042,0.15887062128989682,0.086214543777399,0.913785456222601,0.24508516506729583,0.4876580633747105,3,2,1,0,0,1,0,1
PPL,545906,2026-02-21 20:30:00+00:00,Sporting Clube de Braga,Vitória SC,V2_DYNAMIC_DC,1.1468523856415462,0.9389762472217353,0.12,,2.379276188319299,0.6687630320431985,0.7639756873899091,0.14074891637506926,0.09527539623502182,0.9047246037649783,0.23602431261009107,0.4876580633750307,3,2,1,0,0,1,0,1
PPL,545906,2026-02-21 20:30:00+00:00,Sporting Clube de Braga,Vitória SC,V2_DYNAMIC_BP,1.1468523856415462,0.9389762472217353,,0.0,2.379276188319299,0.6687630320431985,0.7549148349327043,0.15887062128989685,0.08621454377739901,0.9137854562226011,0.24508516506729586,0.4876580633747104,3,2,1,0,0,1,0,1
PPL,545900,2026-02-22 18:00:00+00:00,GD Estoril Praia,Gil Vicente FC,V1_RAW,1.1461047333787378,0.9530592366043574,,,1.5937733882627458,1.41881753305388,0.4176450639955988,0.2414241655403162,0.3409307704640854,0.6590692295359151,0.5823549360044016,0.7579999952152798,3,1,1,0,0,1,0,1
PPL,545900,2026-02-22 18:00:00+00:00,GD Estoril Praia,Gil Vicente FC,V2_DYNAMIC,1.1461047333787378,0.9530592366043574,,,1.8266312242210019,1.3522171549332085,0.4866081512116967,0.2283729091708275,0.28501893961747565,0.7149810603825242,0.5133918487883031,0.7413338263160338,3,1,1,0,0,1,0,1
PPL,545900,2026-02-22 18:00:00+00:00,GD Estoril Praia,Gil Vicente FC,V2_DYNAMIC_DC,1.1461047333787378,0.9530592366043574,0.12,,1.8266312242210019,1.3522171549332085,0.4989483995275582,0.2036924125391043,0.29735918793333727,0.7026408120666625,0.5010516004724416,0.7413338263160338,3,1,1,0,0,1,0,1
PPL,545900,2026-02-22 18:00:00+00:00,GD Estoril Praia,Gil Vicente FC,V2_DYNAMIC_BP,1.1461047333787378,0.9530592366043574,,0.0,1.8266312242210019,1.3522171549332085,0.4866081512116967,0.2283729091708275,0.28501893961747565,0.7149810603825242,0.5133918487883031,0.7413338263160338,3,1,1,0,0,1,0,1
PPL,545904,2026-02-22 20:30:00+00:00,FC Porto,Rio Ave FC,V1_RAW,1.1436306631780082,0.9515512241842519,,,2.2018409463367723,0.5402919712614503,0.756490059932871,0.1671330141357582,0.0763769259313702,0.9236230740686292,0.2435099400671285,0.4174218685319476,1,0,1,0,0,1,0,0
PPL,545904,2026-02-22 20:30:00+00:00,FC Porto,Rio Ave FC,V2_DYNAMIC,1.1436306631780082,0.9515512241842519,,,2.5180928216716163,0.5141154866707557,0.8100258722322754,0.1339812471046124,0.055992880663112615,0.9440071193368877,0.18997412776772502,0.401970674335029,1,0,1,0,0,1,0,0
PPL,545904,2026-02-22 20:30:00+00:00,FC Porto,Rio Ave FC,V2_DYNAMIC_DC,1.1436306631780082,0.9515512241842519,0.12,,2.5180928216716163,0.5141154866707557,0.8175156828726687,0.11900162582115531,0.06348269130617543,0.9365173086938241,0.18248431712733074,0.4019706743363033,1,0,1,0,0,1,0,0
PPL,545904,2026-02-22 20:30:00+00:00,FC Porto,Rio Ave FC,V2_DYNAMIC_BP,1.1436306631780082,0.9515512241842519,,0.0,2.5180928216716163,0.5141154866707557,0.8100258722322752,0.13398124710461237,0.055992880663112615,0.9440071193368875,0.189974127767725,0.4019706743350291,1,0,1,0,0,1,0,0
PPL,545899,2026-02-23 20:15:00+00:00,FC Famalicão,Casa Pia AC,V1_RAW,1.1259834728455091,0.9464101778871653,,,1.8686875161011984,0.8456546467097714,0.6151047596191345,0.2203259566431103,0.1645692837377553,0.8354307162622449,0.3848952403808657,0.5707237580745064,2,0,1,0,0,1,0,0
PPL,545899,2026-02-23 20:15:00+00:00,FC Famalicão,Casa Pia AC,V2_DYNAMIC,1.1259834728455091,0.9464101778871653,,,2.104111259042676,0.8003361646237027,0.6750904864560434,0.19395104265502244,0.13095847088893428,0.8690415291110658,0.3249095135439567,0.5508220585319996,2,0,1,0,0,1,0,0
PPL,545899,2026-02-23 20:15:00+00:00,FC Famalicão,Casa Pia AC,V2_DYNAMIC_DC,1.1259834728455091,0.9464101778871653,0.14,,2.104111259042676,0.8003361646237027,0.6880053383107991,0.168121338945382,0.14387332274381895,0.8561266772561811,0.311994661689201,0.5508220585321061,2,0,1,0,0,1,0,0
PPL,545899,2026-02-23 20:15:00+00:00,FC Famalicão,Casa Pia AC,V2_DYNAMIC_BP,1.1259834728455091,0.9464101778871653,,0.0,2.104111259042676,0.8003361646237027,0.6750904864560432,0.19395104265502244,0.13095847088893425,0.8690415291110656,0.3249095135439567,0.5508220585319996,2,0,1,0,0,1,0,0
PPL,545909,2026-02-27 18:45:00+00:00,FC Porto,FC Arouca,V1_RAW,1.1099904083786227,0.922960136428868,,,1.979022805848336,0.7461917756273639,0.6636080677006038,0.2044705110681135,0.131921421231283,0.8680785787687173,0.3363919322993965,0.5258311398226398,3,1,1,0,0,1,0,1
PPL,545909,2026-02-27 18:45:00+00:00,FC Porto,FC Arouca,V2_DYNAMIC,1.1099904083786227,0.922960136428868,,,2.196696332454202,0.688705263035131,0.7194638944877525,0.1781605903321335,0.10237551518011372,0.897624484819886,0.2805361055122472,0.4977741011573601,3,1,1,0,0,1,0,1
PPL,545909,2026-02-27 18:45:00+00:00,FC Porto,FC Arouca,V2_DYNAMIC_DC,1.1099904083786227,0.922960136428868,0.14,,2.196696332454202,0.688705263035131,0.7312895697869418,0.15450923973330186,0.11420119047975595,0.8857988095202437,0.2687104302130578,0.4977741011577286,3,1,1,0,0,1,0,1
PPL,545909,2026-02-27 18:45:00+00:00,FC Porto,FC Arouca,V2_DYNAMIC_BP,1.1099904083786227,0.922960136428868,,0.0,2.196696332454202,0.688705263035131,0.7194638944877525,0.1781605903321335,0.1023755151801137,0.897624484819886,0.28053610551224717,0.4977741011573602,3,1,1,0,0,1,0,1
PPL,545907,2026-02-27 20:45:00+00:00,Sporting Clube de Portugal,GD Estoril Praia,V1_RAW,1.1277212004392354,0.9208429764737907,,,2.566564176002452,0.947220357905014,0.7228170448218395,0.1600938515044114,0.1170891036737491,0.882910896326251,0.2771829551781606,0.6121824794716774,3,0,1,0,0,1,0,0
PPL,545907,2026-02-27 20:45:00+00:00,Sporting Clube de Portugal,GD Estoril Praia,V2_DYNAMIC,1.1277212004392354,0.9208429764737907,,,2.894368833565822,0.8722412137498224,0.7858075493010931,0.13055525968158915,0.08363719101731729,0.9163628089826823,0.21419245069890644,0.5819863582566145,3,0,1,0,0,1,0,0
PPL,545907,2026-02-27 20:45:00+00:00,Sporting Clube de Portugal,GD Estoril Praia,V2_DYNAMIC_DC,1.1277212004392354,0.9208429764737907,0.14,,2.894368833565822,0.8722412137498224,0.7939845615801756,0.11420123512342431,0.09181420329639972,0.9081857967035999,0.20601543841982403,0.5819863582566144,3,0,1,0,0,1,0,0
PPL,545907,2026-02-27 20:45:00+00:00,Sporting Clube de Portugal,GD Estoril Praia,V2_DYNAMIC_BP,1.1277212004392354,0.9208429764737907,,0.0,2.894368833565822,0.8722412137498224,0.7858075493010932,0.13055525968158915,0.0836371910173173,0.9163628089826823,0.21419245069890647,0.5819863582566145,3,0,1,0,0,1,0,0
PPL,545914,2026-02-28 15:30:00+00:00,AVS,CF Estrela da Amadora,V1_RAW,1.1157123556037263,0.9147354478619449,,,1.5074012893254192,1.5670285814788754,0.3672706125302963,0.2395234128574587,0.3932059746122449,0.6067940253877551,0.6327293874697036,0.7913357089749378,0,0,0,1,0,1,1,0
PPL,545914,2026-02-28 15:30:00+00:00,AVS,CF Estrela da Amadora,V2_DYNAMIC,1.1157123556037263,0.9147354478619449,,,1.6818262433533575,1.4334165912915473,0.43562127560713354,0.2359292118667598,0.32844951252610666,0.6715504874738933,0.5643787243928664,0.7615072185576923,0,0,0,1,0,1,1,0
PPL,545914,2026-02-28 15:30:00+00:00,AVS,CF Estrela da Amadora,V2_DYNAMIC_DC,1.1157123556037263,0.9147354478619449,0.14,,1.6818262433533575,1.4334165912915473,0.45059568438820835,0.20598039430461013,0.34342392130718147,0.6565760786928185,0.5494043156117916,0.7615072185576923,0,0,0,1,0,1,1,0
PPL,545914,2026-02-28 15:30:00+00:00,AVS,CF Estrela da Amadora,V2_DYNAMIC_BP,1.1157123556037263,0.9147354478619449,,0.0,1.6818262433533575,1.4334165912915473,0.43562127560713365,0.2359292118667598,0.32844951252610666,0.6715504874738935,0.5643787243928664,0.7615072185576922,0,0,0,1,0,1,1,0
PPL,545912,2026-02-28 18:00:00+00:00,CD Nacional,Sporting Clube de Braga,V1_RAW,1.1069975683860762,0.9037368610516715,,,1.2691405416065915,1.9024092284185932,0.2544799907497377,0.2234434528631659,0.5220765563870965,0.4779234436129036,0.7455200092502624,0.850791292017044,1,2,0,0,1,0,1,1
PPL,545912,2026-02-28 18:00:00+00:00,CD Nacional,Sporting Clube de Braga,V2_DYNAMIC,1.1069975683860762,0.9037368610516715,,,1.4049354934986846,1.7192773445267517,0.3151723961333821,0.23440356749914457,0.45042403636747325,0.5495759636325267,0.6848276038666178,0.820804038630202,1,2,0,0,1,0,1,1
PPL,545912,2026-02-28 18:00:00+00:00,CD Nacional,Sporting Clube de Braga,V2_DYNAMIC_DC,1.1069975683860762,0.9037368610516715,0.05,,1.4049354934986846,1.7192773445267517,0.320483012645934,0.22378233447404097,0.4557346528800251,0.544265347119975,0.6795169873540661,0.8208040386302019,1,2,0,0,1,0,1,1
PPL,545912,2026-02-28 18:00:00+00:00,CD Nacional,Sporting Clube de Braga,V2_DYNAMIC_BP,1.1069975683860762,0.9037368610516715,,0.0,1.4049354934986846,1.7192773445267517,0.31517239613338216,0.23440356749914457,0.4504240363674733,0.5495759636325267,0.6848276038666179,0.8208040386302019,1,2,0,0,1,0,1,1
PPL,545908,2026-02-28 20:30:00+00:00,Vitória SC,FC Alverca,V1_RAW,1.1026198932013214,0.9185418892452203,,,1.7022458705475043,1.148111340192564,0.5033316939737981,0.2396235622526122,0.2570447437735896,0.7429552562264102,0.4966683060262018,0.6827646463980135,1,1,0,1,0,1,1,1
PPL,545908,2026-02-28 20:30:00+00:00,Vitória SC,FC Alverca,V2_DYNAMIC,1.1026198932013214,0.9185418892452203,,,1.8769301599854795,1.0545883594843395,0.5658661748561713,0.2240982282719098,0.21003559687191875,0.7899644031280811,0.4341338251438286,0.6516642071033225,1,1,0,1,0,1,1,1
PPL,545908,2026-02-28 20:30:00+00:00,Vitória SC,FC Alverca,V2_DYNAMIC_DC,1.1026198932013214,0.9185418892452203,0.01,,1.8769301599854795,1.0545883594843395,0.5669215109273504,0.22198755612955193,0.2110909329430978,0.7889090670569023,0.43307848907264973,0.6516642071033224,1,1,0,1,0,1,1,1
PPL,545908,2026-02-28 20:30:00+00:00,Vitória SC,FC Alverca,V2_DYNAMIC_BP,1.1026198932013214,0.9185418892452203,,0.0,1.8769301599854795,1.0545883594843395,0.5658661748561713,0.22409822827190984,0.21003559687191875,0.7899644031280811,0.4341338251438286,0.6516642071033225,1,1,0,1,0,1,1,1
PPL,545911,2026-03-01 15:30:00+00:00,CD Tondela,CD Santa Clara,V1_RAW,1.082351304013057,0.8987865575473062,,,0.9273664167391438,0.9851621152906757,0.3261936217081103,0.3167878540054479,0.3570185242864421,0.6429814757135582,0.6738063782918899,0.6266213083651819,2,2,0,1,0,1,1,1
PPL,545911,2026-03-01 15:30:00+00:00,CD Tondela,CD Santa Clara,V2_DYNAMIC,1.082351304013057,0.8987865575473062,,,1.0037362504555283,0.8854504662281287,0.37241094973281735,0.3185453761818761,0.30904367408530675,0.6909563259146935,0.6275890502671828,0.5874716974434102,2,2,0,1,0,1,1,1
PPL,545911,2026-03-01 15:30:00+00:00,CD Tondela,CD Santa Clara,V2_DYNAMIC_DC,1.082351304013057,0.8987865575473062,-0.02,,1.0037362504555283,0.8854504662281287,0.3697234370940604,0.3239204014589905,0.3063561614469487,0.6936438385530509,0.6302765629059393,0.5874716974453918,2,2,0,1,0,1,1,1
PPL,545911,2026-03-01 15:30:00+00:00,CD Tondela,CD Santa Clara,V2_DYNAMIC_BP,1.082351304013057,0.8987865575473062,,0.0,1.0037362504555283,0.8854504662281287,0.37241094973281735,0.31854537618187606,0.30904367408530675,0.6909563259146934,0.6275890502671828,0.5874716974434102,2,2,0,1,0,1,1,1
PPL,545915,2026-03-01 18:00:00+00:00,Casa Pia AC,Moreirense FC,V1_RAW,1.0994205783155395,0.9196571357902381,,,1.508979785027028,1.635825253342455,0.3546627750729787,0.2360867797621473,0.4092504451648738,0.590749554835126,0.6453372249270212,0.8052084474296279,1,1,0,1,0,1,1,1
PPL,545915,2026-03-01 18:00:00+00:00,Casa Pia AC,Moreirense FC,V2_DYNAMIC,1.0994205783155395,0.9196571357902381,,,1.6590034279208734,1.504398367142263,0.41563665698560476,0.2350646314294181,0.349298711584977,0.6507012884150228,0.5843633430143951,0.77784896699952,1,1,0,1,0,1,1,1
PPL,545915,2026-03-01 18:00:00+00:00,Casa Pia AC,Moreirense FC,V2_DYNAMIC_DC,1.0994205783155395,0.9196571357902381,-0.06,,1.6590034279208734,1.504398367142263,0.4093050446227585,0.24772785615511075,0.34296709922213076,0.6570329007778692,0.5906949553772415,0.7778489669995199,1,1,0,1,0,1,1,1
PPL,545915,2026-03-01 18:00:00+00:00,Casa Pia AC,Moreirense FC,V2_DYNAMIC_BP,1.0994205783155395,0.9196571357902381,,0.0,1.6590034279208734,1.504398367142263,0.41563665698560476,0.23506463142941805,0.34929871158497694,0.6507012884150228,0.584363343014395,0.77784896699952,1,1,0,1,0,1,1,1
PPL,545910,2026-03-01 20:30:00+00:00,Rio Ave FC,FC Famalicão,V1_RAW,1.0964734794501934,0.9212448670345296,,,1.0227484901779715,1.2706162564698558,0.2981856208618867,0.2813712413053151,0.4204431378327981,0.5795568621672018,0.7018143791381132,0.7193413892104352,0,0,0,1,0,1,1,0
PPL,545910,2026-03-01 20:30:00+00:00,Rio Ave FC,FC Famalicão,V2_DYNAMIC,1.0964734794501934,0.9212448670345296,,,1.1214165956278723,1.170548704243484,0.3457604964093922,0.2841734831022855,0.3700660204883224,0.6299339795116777,0.6542395035906079,0.6898032965918071,0,0,0,1,0,1,1,0
PPL,545910,2026-03-01 20:30:00+00:00,Rio Ave FC,FC Famalicão,V2_DYNAMIC_DC,1.0964734794501934,0.9212448670345296,-0.09,,1.1214165956278723,1.170548704243484,0.3338203093872551,0.3080538571465857,0.3581258334661594,0.6418741665338408,0.6661796906127451,0.6898032965920824,0,0,0,1,0,1,1,0
PPL,545910,2026-03-01 20:30:00+00:00,Rio Ave FC,FC Famalicão,V2_DYNAMIC_BP,1.0964734794501934,0.9212448670345296,,0.0,1.1214165956278723,1.170548704243484,0.3457604964093922,0.2841734831022855,0.37006602048832227,0.6299339795116777,0.6542395035906078,0.6898032965918071,0,0,0,1,0,1,1,0
PPL,545913,2026-03-02 20:15:00+00:00,Gil Vicente FC,Sport Lisboa e Benfica,V1_RAW,1.0808801491299433,0.9082740182906939,,,1.0341931175423664,1.222993369747129,0.3104572326123758,0.285222096921474,0.4043206704661503,0.5956793295338498,0.6895427673876242,0.7056522447749672,1,2,0,0,1,0,1,1
PPL,545913,2026-03-02 20:15:00+00:00,Gil Vicente FC,Sport Lisboa e Benfica,V2_DYNAMIC,1.0808801491299433,0.9082740182906939,,,1.1178388111183541,1.1108131022831012,0.35722369573197404,0.28907011792732185,0.3537061863407041,0.646293813659296,0.6427763042680259,0.6707088856525243,1,2,0,0,1,0,1,1
PPL,545913,2026-03-02 20:15:00+00:00,Gil Vicente FC,Sport Lisboa e Benfica,V2_DYNAMIC_DC,1.0808801491299433,0.9082740182906939,-0.13,,1.1178388111183541,1.1108131022831012,0.33984279304689496,0.32383192329747057,0.3363252836556346,0.6636747163443655,0.6601572069531052,0.6707088856530675,1,2,0,0,1,0,1,1
PPL,545913,2026-03-02 20:15:00+00:00,Gil Vicente FC,Sport Lisboa e Benfica,V2_DYNAMIC_BP,1.0808801491299433,0.9082740182906939,,0.0,1.1178388111183541,1.1108131022831012,0.35722369573197404,0.28907011792732185,0.35370618634070417,0.646293813659296,0.642776304268026,0.6707088856525243,1,2,0,0,1,0,1,1
PPL,545918,2026-03-06 20:15:00+00:00,FC Famalicão,FC Arouca,V1_RAW,1.0726402009973848,0.9189679062026733,,,2.0923481845638783,1.164717453956542,0.5866763816418014,0.2075776839685421,0.2057459343896571,0.7942540656103434,0.4133236183581992,0.6879891930014118,1,0,1,0,0,1,0,0
PPL,545918,2026-03-06 20:15:00+00:00,FC Famalicão,FC Arouca,V2_DYNAMIC,1.0726402009973848,0.9189679062026733,,,2.2443367772471117,1.070337959980152,0.6386114153621034,0.1924069034384058,0.1689816811994909,0.8310183188005092,0.3613885846378967,0.6571073793207391,1,0,1,0,0,1,0,0
PPL,545918,2026-03-06 20:15:00+00:00,FC Famalicão,FC Arouca,V2_DYNAMIC_DC,1.0726402009973848,0.9189679062026733,-0.13,,2.2443367772471117,1.070337959980152,0.6272608458718778,0.2151080424188571,0.15763111170926525,0.8423688882907349,0.3727391541281223,0.6571073793207391,1,0,1,0,0,1,0,0
PPL,545918,2026-03-06 20:15:00+00:00,FC Famalicão,FC Arouca,V2_DYNAMIC_BP,1.0726402009973848,0.9189679062026733,,0.0,2.2443367772471117,1.070337959980152,0.6386114153621034,0.1924069034384058,0.1689816811994909,0.8310183188005092,0.3613885846378967,0.6571073793207391,1,0,1,0,0,1,0,0
PPL,545916,2026-03-07 15:30:00+00:00,FC Alverca,AVS,V1_RAW,1.076308240584047,0.9123158995815792,,,1.942989042702281,0.844220335865336,0.6315388175492131,0.2124347255491422,0.1560264569016442,0.8439735430983554,0.3684611824507865,0.5701076007305063,0,0,0,1,0,1,1,0
PPL,545916,2026-03-07 15:30:00+00:00,FC Alverca,AVS,V2_DYNAMIC,1.076308240584047,0.9123158995815792,,,2.0912551180249737,0.770195635160047,0.6799714991069883,0.19373552436983457,0.12629297652317711,0.8737070234768228,0.3200285008930117,0.5370775041401614,0,0,0,1,0,1,1,0
PPL,545916,2026-03-07 15:30:00+00:00,FC Alverca,AVS,V2_DYNAMIC_DC,1.076308240584047,0.9123158995815792,-0.17,,2.0912551180249737,0.770195635160047,0.6643129994390047,0.2250525237055305,0.11063447685546475,0.8893655231445352,0.33568700056099526,0.5370775041403882,0,0,0,1,0,1,1,0
PPL,545916,2026-03-07 15:30:00+00:00,FC Alverca,AVS,V2_DYNAMIC_BP,1.076308240584047,0.9123158995815792,,0.0,2.0912551180249737,0.770195635160047,0.6799714991069883,0.19373552436983454,0.12629297652317714,0.8737070234768228,0.3200285008930117,0.5370775041401614,0,0,0,1,0,1,1,0
PPL,545921,2026-03-07 15:30:00+00:00,Moreirense FC,CD Nacional,V1_RAW,1.0665577270173925,0.9030167291462711,,,1.3652510210902993,1.0682587673592954,0.4360203685287014,0.2706165084871214,0.2933631229841769,0.7066368770158229,0.5639796314712984,0.6563937046705522,1,1,0,1,0,1,1,1
PPL,545921,2026-03-07 15:30:00+00:00,Moreirense FC,CD Nacional,V2_DYNAMIC,1.0665577270173925,0.9030167291462711,,,1.4561190258622438,0.9646555379826183,0.48501819766784754,0.2649638948263483,0.25001790750580427,0.7499820924941958,0.5149818023321526,0.6188855407519613,1,1,0,1,0,1,1,1
PPL,545921,2026-03-07 15:30:00+00:00,Moreirense FC,CD Nacional,V2_DYNAMIC_DC,1.0665577270173925,0.9030167291462711,-0.2,,1.4561190258622438,0.9646555379826183,0.46005672052812446,0.31488684910560716,0.2250564303662684,0.7749435696337317,0.5399432794718756,0.6188855407522654,1,1,0,1,0,1,1,1
PPL,545921,2026-03-07 15:30:00+00:00,Moreirense FC,CD Nacional,V2_DYNAMIC_BP,1.0665577270173925,0.9030167291462711,,0.0,1.4561190258622438,0.9646555379826183,0.48501819766784754,0.2649638948263483,0.2500179075058042,0.7499820924941958,0.5149818023321525,0.6188855407519613,1,1,0,1,0,1,1,1
PPL,545923,2026-03-07 18:00:00+00:00,Sporting Clube de Braga,Sporting Clube de Portugal,V1_RAW,1.0695776661705207,0.900930687116894,,,1.3013454384363787,1.416890793918011,0.3451283834809244,0.2566778277123084,0.3981937888067666,0.6018062111932329,0.6548716165190751,0.7575332748553739,2,2,0,1,0,1,1,1
PPL,545923,2026-03-07 18:00:00+00:00,Sporting Clube de Braga,Sporting Clube de Portugal,V2_DYNAMIC,1.0695776661705207,0.900930687116894,,,1.391890016924435,1.2765203965341552,0.39698647650837243,0.25944420393999,0.3435693195516376,0.6564306804483624,0.6030135234916276,0.7209935228789657,2,2,0,1,0,1,1,1
PPL,545923,2026-03-07 18:00:00+00:00,Sporting Clube de Braga,Sporting Clube de Portugal,V2_DYNAMIC_DC,1.0695776661705207,0.900930687116894,-0.2,,1.391890016924435,1.2765203965341552,0.37233817930834306,0.3087407983400489,0.31892102235160813,0.681078977648392,0.6276618206916571,0.7209935228789657,2,2,0,1,0,1,1,1
PPL,545923,2026-03-07 18:00:00+00:00,Sporting Clube de Braga,Sporting Clube de Portugal,V2_DYNAMIC_BP,1.0695776661705207,0.900930687116894,,0.0,1.391890016924435,1.2765203965341552,0.39698647650837243,0.25944420393999,0.3435693195516376,0.6564306804483624,0.6030135234916276,0.7209935228789657,2,2,0,1,0,1,1,1
PPL,545917,2026-03-07 20:30:00+00:00,GD Estoril Praia,Casa Pia AC,V1_RAW,1.0828625248650572,0.9141540566041255,,,2.310671087965295,1.1309333949294629,0.6376018974029727,0.1890831495180762,0.1733149530789511,0.8266850469210489,0.3623981025970274,0.6772681205076097,0,0,0,1,0,1,1,0
PPL,545917,2026-03-07 20:30:00+00:00,GD Estoril Praia,Casa Pia AC,V2_DYNAMIC,1.0828625248650572,0.9141540566041255,,,2.502139128446788,1.0338473507238441,0.6934085155394746,0.16975072517156442,0.13684075928896092,0.863159240711039,0.3065914844605253,0.644363926579503,0,0,0,1,0,1,1,0
PPL,545917,2026-03-07 20:30:00+00:00,GD Estoril Praia,Casa Pia AC,V2_DYNAMIC_DC,1.0828625248650572,0.9141540566041255,-0.2,,2.502139128446788,1.0338473507238441,0.6783367050219857,0.19989434620654223,0.12176894877147203,0.878231051228528,0.32166329497801427,0.6443639265795029,0,0,0,1,0,1,1,0
PPL,545917,2026-03-07 20:30:00+00:00,GD Estoril Praia,Casa Pia AC,V2_DYNAMIC_BP,1.0828625248650572,0.9141540566041255,,0.0,2.502139128446788,1.0338473507238441,0.6934085155394744,0.1697507251715644,0.1368407592889609,0.8631592407110388,0.3065914844605253,0.6443639265795031,0,0,0,1,0,1,1,0
PPL,545920,2026-03-08 15:30:00+00:00,CF Estrela da Amadora,Gil Vicente FC,V1_RAW,1.0688976353040243,0.911377021630922,,,1.1925754761226133,1.5164960506988108,0.2989016726465102,0.253776791402694,0.4473215359507957,0.5526784640492042,0.7010983273534899,0.7805204134796173,2,2,0,1,0,1,1,1
PPL,545920,2026-03-08 15:30:00+00:00,CF Estrela da Amadora,Gil Vicente FC,V2_DYNAMIC,1.0688976353040243,0.911377021630922,,,1.2747411063490321,1.3820996540009378,0.34501305898952567,0.2601674099591681,0.39481953105130635,0.6051804689486937,0.6549869410104745,0.7489490580489284,2,2,0,1,0,1,1,1
PPL,545920,2026-03-08 15:30:00+00:00,CF Estrela da Amadora,Gil Vicente FC,V2_DYNAMIC_DC,1.0688976353040243,0.911377021630922,-0.2,,1.2747411063490321,1.3820996540009378,0.32028783580361236,0.30961785633099487,0.370094307865393,0.6299056921346072,0.6797121641963879,0.7489490580489284,2,2,0,1,0,1,1,1
PPL,545920,2026-03-08 15:30:00+00:00,CF Estrela da Amadora,Gil Vicente FC,V2_DYNAMIC_BP,1.0688976353040243,0.911377021630922,,0.0,1.2747411063490321,1.3820996540009378,0.34501305898952567,0.2601674099591681,0.3948195310513063,0.6051804689486937,0.6549869410104744,0.7489490580489284,2,2,0,1,0,1,1,1
PPL,545924,2026-03-08 18:00:00+00:00,Sport Lisboa e Benfica,FC Porto,V1_RAW,1.091070233900318,0.8803937143012149,,,1.0703418590401264,1.1738172326487053,0.3304983167812352,0.2873742943739214,0.3821273888448432,0.6178726111551567,0.6695016832187646,0.6908155432107602,2,2,0,1,0,1,1,1
PPL,545924,2026-03-08 18:00:00+00:00,Sport Lisboa e Benfica,FC Porto,V2_DYNAMIC,1.091070233900318,0.8803937143012149,,,1.1678181424962117,1.033421313362367,0.3886164713483788,0.2903499589513762,0.3210335697002447,0.678966430299755,0.6113835286516209,0.6442123800658708,2,2,0,1,0,1,1,1
PPL,545924,2026-03-08 18:00:00+00:00,Sport Lisboa e Benfica,FC Porto,V2_DYNAMIC_DC,1.091070233900318,0.8803937143012149,-0.2,,1.1678181424962117,1.033421313362367,0.3619050802922641,0.34377274106341393,0.29432217864432253,0.705677821355678,0.6380949197077365,0.6442123800665609,2,2,0,1,0,1,1,1
PPL,545924,2026-03-08 18:00:00+00:00,Sport Lisboa e Benfica,FC Porto,V2_DYNAMIC_BP,1.091070233900318,0.8803937143012149,,0.0,1.1678181424962117,1.033421313362367,0.38861647134837884,0.2903499589513763,0.3210335697002447,0.6789664302997551,0.6113835286516209,0.6442123800658708,2,2,0,1,0,1,1,1
PPL,545922,2026-03-08 20:30:00+00:00,CD Santa Clara,Vitória SC,V1_RAW,1.0900809676122813,0.8692487941119316,,,1.2633091067735949,1.172266372768635,0.3849972836804535,0.273875608134003,0.3411271081855433,0.6588728918144565,0.6150027163195464,0.6903356694288679,2,0,1,0,0,1,0,0
PPL,545922,2026-03-08 20:30:00+00:00,CD Santa Clara,Vitória SC,V2_DYNAMIC,1.0900809676122813,0.8692487941119316,,,1.3771092135051672,1.018991130907104,0.4507552726187605,0.2713438837087743,0.27790084367246526,0.7220991563275349,0.5492447273812395,0.6390410787809657,2,0,1,0,0,1,0,0
PPL,545922,2026-03-08 20:30:00+00:00,CD Santa Clara,Vitória SC,V2_DYNAMIC_DC,1.0900809676122813,0.8692487941119316,-0.2,,1.3771092135051672,1.018991130907104,0.4251955735757534,0.32246328179465095,0.2523411446295957,0.7476588553704043,0.5748044264242467,0.6390410787812528,2,0,1,0,0,1,0,0
PPL,545922,2026-03-08 20:30:00+00:00,CD Santa Clara,Vitória SC,V2_DYNAMIC_BP,1.0900809676122813,0.8692487941119316,,0.0,1.3771092135051672,1.018991130907104,0.4507552726187604,0.2713438837087743,0.27790084367246526,0.7220991563275347,0.5492447273812395,0.6390410787809657,2,0,1,0,0,1,0,0
PPL,545919,2026-03-09 20:15:00+00:00,CD Tondela,Rio Ave FC,V1_RAW,1.100629773524856,0.8683789742675059,,,1.184418703400884,0.9521719929453648,0.4121347510782076,0.293786305699426,0.2940789432223665,0.7059210567776336,0.5878652489217926,0.6140980637445168,0,1,0,0,1,0,1,1
PPL,545919,2026-03-09 20:15:00+00:00,CD Tondela,Rio Ave FC,V2_DYNAMIC,1.100629773524856,0.8683789742675059,,,1.3036064892827186,0.8268461385601428,0.47745351624795196,0.28574252617611307,0.236803957575935,0.763196042424065,0.522546483752048,0.5625733030745494,0,1,0,0,1,0,1,1
PPL,545919,2026-03-09 20:15:00+00:00,CD Tondela,Rio Ave FC,V2_DYNAMIC_DC,1.100629773524856,0.8683789742675059,-0.2,,1.3036064892827186,0.8268461385601428,0.4518465898320552,0.33695637900719577,0.2111970311607492,0.788802968839251,0.5481534101679449,0.5625733030756883,0,1,0,0,1,0,1,1
PPL,545919,2026-03-09 20:15:00+00:00,CD Tondela,Rio Ave FC,V2_DYNAMIC_BP,1.100629773524856,0.8683789742675059,,0.0,1.3036064892827186,0.8268461385601428,0.47745351624795196,0.28574252617611307,0.23680395757593506,0.763196042424065,0.5225464837520482,0.5625733030745494,0,1,0,0,1,0,1,1
PPL,545928,2026-03-14 15:30:00+00:00,Vitória SC,FC Famalicão,V1_RAW,1.0893331024034068,0.8715855368569094,,,1.18233854303243,0.8736694872799874,0.4303215414124717,0.2984639304096397,0.2712145281778892,0.7287854718221114,0.569678458587529,0.5825829709601877,1,2,0,0,1,0,1,1
PPL,545928,2026-03-14 15:30:00+00:00,Vitória SC,FC Famalicão,V2_DYNAMIC,1.0893331024034068,0.8715855368569094,,,1.2879605131726408,0.7614776891064287,0.4898287676004146,0.2897001551546276,0.2204710772449577,0.7795289227550422,0.5101712323995853,0.5330241279450266,1,2,0,0,1,0,1,1
PPL,545928,2026-03-14 15:30:00+00:00,Vitória SC,FC Famalicão,V2_DYNAMIC_DC,1.0893331024034068,0.8715855368569094,-0.2,,1.2879605131726408,0.7614776891064287,0.4645631406333638,0.34023140908716243,0.1952054502794736,0.8047945497205262,0.5354368593666361,0.5330241279466916,1,2,0,0,1,0,1,1
PPL,545928,2026-03-14 15:30:00+00:00,Vitória SC,FC Famalicão,V2_DYNAMIC_BP,1.0893331024034068,0.8715855368569094,,0.0,1.2879605131726408,0.7614776891064287,0.4898287676004146,0.2897001551546275,0.22047107724495768,0.7795289227550422,0.5101712323995852,0.5330241279450267,1,2,0,0,1,0,1,1
PPL,545927,2026-03-14 18:00:00+00:00,Gil Vicente FC,FC Alverca,V1_RAW,1.0681283904594479,0.871586340096308,,,1.91523885055192,0.878718783962535,0.6170260046133391,0.2164732038290265,0.1665007915576346,0.8334992084423657,0.3829739953866611,0.5846853212183794,2,2,0,1,0,1,1,1
PPL,545927,2026-03-14 18:00:00+00:00,Gil Vicente FC,FC Alverca,V2_DYNAMIC,1.0681283904594479,0.871586340096308,,,2.0457209907854255,0.7658792888877842,0.672113019065714,0.19826791787647277,0.12961906305781268,0.8703809369421868,0.3278869809342855,0.5350750518392811,2,2,0,1,0,1,1,1
PPL,545927,2026-03-14 18:00:00+00:00,Gil Vicente FC,FC Alverca,V2_DYNAMIC_DC,1.0681283904594479,0.871586340096308,-0.2,,2.0457209907854255,0.7658792888877842,0.6532774530461467,0.23593904991528675,0.11078349703856664,0.8892165029614334,0.3467225469538534,0.5350750518395567,2,2,0,1,0,1,1,1
PPL,545927,2026-03-14 18:00:00+00:00,Gil Vicente FC,FC Alverca,V2_DYNAMIC_BP,1.0681283904594479,0.871586340096308,,0.0,2.0457209907854255,0.7658792888877842,0.672113019065714,0.19826791787647277,0.12961906305781268,0.8703809369421868,0.3278869809342855,0.5350750518392811,2,2,0,1,0,1,1,1
PPL,545932,2026-03-14 20:30:00+00:00,FC Arouca,Sport Lisboa e Benfica,V1_RAW,1.0503584076532926,0.8997837834960343,,,0.7901907478312626,2.26055423330629,0.1153941421351352,0.1780021267104209,0.706603731154444,0.2933962688455561,0.8846058578648649,0.8957073337354671,1,2,0,0,1,0,1,1
PPL,545932,2026-03-14 20:30:00+00:00,FC Arouca,Sport Lisboa e Benfica,V2_DYNAMIC,1.0503584076532926,0.8997837834960343,,,0.8299834956344095,2.0340100408423103,0.14359670123765417,0.20246406740564668,0.6539392313566984,0.3460607686433008,0.8564032987623451,0.8691888163792515,1,2,0,0,1,0,1,1
PPL,545932,2026-03-14 20:30:00+00:00,FC Arouca,Sport Lisboa e Benfica,V2_DYNAMIC_DC,1.0503584076532926,0.8997837834960343,-0.2,,0.8299834956344095,2.0340100408423103,0.12433741586521971,0.24098263815061063,0.6346799459841701,0.36532005401583034,0.8756625841347807,0.8691888163792757,1,2,0,0,1,0,1,1
PPL,545932,2026-03-14 20:30:00+00:00,FC Arouca,Sport Lisboa e Benfica,V2_DYNAMIC_BP,1.0503584076532926,0.8997837834960343,,0.0,0.8299834956344095,2.0340100408423103,0.14359670123765417,0.20246406740564668,0.6539392313566986,0.3460607686433008,0.8564032987623453,0.8691888163792515,1,2,0,0,1,0,1,1
PPL,545925,2026-03-15 15:30:00+00:00,CD Nacional,GD Estoril Praia,V1_RAW,1.0383940044584028,0.9086243015276214,,,1.8117145012554248,1.5371653670265146,0.4441834560702422,0.2262258928636797,0.3295906510660782,0.670409348933922,0.555816543929758,0.7850103447281123,0,1,0,0,1,0,1,1
PPL,545925,2026-03-15 15:30:00+00:00,CD Nacional,GD Estoril Praia,V2_DYNAMIC,1.0383940044584028,0.9086243015276214,,,1.8812734758939786,1.3967058079469166,0.4893474952169348,0.2243304358364512,0.28632206894661383,0.7136779310533861,0.510652504783065,0.7525892904366808,0,1,0,0,1,0,1,1
PPL,545925,2026-03-15 15:30:00+00:00,CD Nacional,GD Estoril Praia,V2_DYNAMIC_DC,1.0383940044584028,0.9086243015276214,-0.2,,1.8812734758939786,1.3967058079469166,0.46953310455001285,0.2639592171702953,0.26650767827969196,0.7334923217203082,0.5304668954499873,0.7525892904366808,0,1,0,0,1,0,1,1
PPL,545925,2026-03-15 15:30:00+00:00,CD Nacional,GD Estoril Praia,V2_DYNAMIC_BP,1.0383940044584028,0.9086243015276214,,0.0,1.8812734758939786,1.3967058079469166,0.48934749521693477,0.2243304358364512,0.28632206894661383,0.713677931053386,0.510652504783065,0.7525892904366809,0,1,0,0,1,0,1,1
PPL,545931,2026-03-15 15:30:00+00:00,AVS,CD Santa Clara,V1_RAW,1.012829150034596,0.9118162344657753,,,1.1337332665700923,1.25389310100625,0.3323897567579583,0.2768387236073398,0.3907715196347022,0.6092284803652981,0.667610243242042,0.7146084269004673,0,1,0,0,1,0,1,1
PPL,545931,2026-03-15 15:30:00+00:00,AVS,CD Santa Clara,V2_DYNAMIC,1.012829150034596,0.9118162344657753,,,1.1482781007461327,1.1433200857821328,0.35907143701547367,0.28431027798934866,0.35661828499517767,0.6433817150048223,0.6409285629845263,0.6812410317752815,0,1,0,0,1,0,1,1
PPL,545931,2026-03-15 15:30:00+00:00,AVS,CD Santa Clara,V2_DYNAMIC_DC,1.012829150034596,0.9118162344657753,-0.2,,1.1482781007461327,1.1433200857821328,0.33252437293095216,0.3374044061583895,0.33007122091065827,0.6699287790893417,0.6674756270690478,0.6812410317755629,0,1,0,0,1,0,1,1
PPL,545931,2026-03-15 15:30:00+00:00,AVS,CD Santa Clara,V2_DYNAMIC_BP,1.012829150034596,0.9118162344657753,,0.0,1.1482781007461327,1.1433200857821328,0.3590714370154737,0.2843102779893487,0.35661828499517767,0.6433817150048224,0.6409285629845264,0.6812410317752814,0,1,0,0,1,0,1,1
PPL,545926,2026-03-15 18:00:00+00:00,Rio Ave FC,CF Estrela da Amadora,V1_RAW,0.9771454043305284,0.9197917051186663,,,1.2834248777351005,1.3703633119774692,0.3495733539196439,0.2604931945850261,0.3899334514953295,0.61006654850467,0.6504266460803556,0.7459853437806949,2,1,1,0,0,1,0,1
PPL,545926,2026-03-15 18:00:00+00:00,Rio Ave FC,CF Estrela da Amadora,V2_DYNAMIC,0.9771454043305284,0.9197917051186663,,,1.2540927210823238,1.260448807355819,0.3639257236981422,0.2691266642396551,0.3669476120622029,0.6330523879377973,0.636074276301858,0.7164732222714082,2,1,1,0,0,1,0,1
PPL,545926,2026-03-15 18:00:00+00:00,Rio Ave FC,CF Estrela da Amadora,V2_DYNAMIC_DC,0.9771454043305284,0.9197917051186663,-0.2,,1.2540927210823238,1.260448807355819,0.3383496761950356,0.3202787592458695,0.3413715645590949,0.6586284354409051,0.6616503238049645,0.7164732222715221,2,1,1,0,0,1,0,1
PPL,545926,2026-03-15 18:00:00+00:00,Rio Ave FC,CF Estrela da Amadora,V2_DYNAMIC_BP,0.9771454043305284,0.9197917051186663,,0.05,1.2540927210823238,1.260448807355819,0.3597732744519431,0.2773640848223661,0.36286264072569063,0.6371373592743093,0.6402267255480567,0.7164732114165451,2,1,1,0,0,1,0,1
PPL,545929,2026-03-15 20:30:00+00:00,FC Porto,Moreirense FC,V1_RAW,0.9686279640359576,0.9238168556098331,,,1.5197204637046204,0.7820107161071864,0.5480082328360206,0.2594008755681212,0.1925908915958574,0.8074091084041419,0.4519917671639787,0.5425147870031133,3,0,1,0,0,1,0,0
PPL,545929,2026-03-15 20:30:00+00:00,FC Porto,Moreirense FC,V2_DYNAMIC,0.9686279640359576,0.9238168556098331,,,1.472043738661988,0.7224346808073348,0.5512979016442656,0.2653852484450379,0.18331684991069627,0.8166831500893035,0.44870209835573416,0.5144313887563255,3,0,1,0,0,1,0,0
PPL,545929,2026-03-15 20:30:00+00:00,FC Porto,Moreirense FC,V2_DYNAMIC_DC,0.9686279640359576,0.9238168556098331,-0.2,,1.472043738661988,0.7224346808073348,0.5276005600941754,0.31277993154365,0.15961950836217434,0.8403804916378255,0.47239943990582434,0.5144313887577876,3,0,1,0,0,1,0,0
PPL,545929,2026-03-15 20:30:00+00:00,FC Porto,Moreirense FC,V2_DYNAMIC_BP,0.9686279640359576,0.9238168556098331,,0.1,1.472043738661988,0.7224346808073348,0.5514092198242728,0.2754183552961312,0.1731724248795959,0.826827575120404,0.44859078017572707,0.5144313024830391,3,0,1,0,0,1,0,0
PPL,545935,2026-03-20 20:15:00+00:00,CF Estrela da Amadora,Casa Pia AC,V1_RAW,0.9839522351912108,0.9285710225024996,,,1.5548074783099903,1.0000371753334134,0.5020296875169226,0.2544422696430226,0.2435280428400544,0.7564719571599452,0.497970312483077,0.6321342346152365,4,0,1,0,0,1,0,0
PPL,545935,2026-03-20 20:15:00+00:00,CF Estrela da Amadora,Casa Pia AC,V2_DYNAMIC,0.9839522351912108,0.9285710225024996,,,1.529856293575125,0.9286055424398592,0.5131818496220408,0.2577532629056581,0.22906488747230086,0.7709351125276989,0.48681815037795895,0.6048957155628383,4,0,1,0,0,1,0,0
PPL,545935,2026-03-20 20:15:00+00:00,CF Estrela da Amadora,Casa Pia AC,V2_DYNAMIC_DC,0.9839522351912108,0.9285710225024996,-0.2,,1.529856293575125,0.9286055424398592,0.488870123930102,0.3063767142893139,0.20475316178058425,0.7952468382194159,0.5111298760698981,0.6048957155631474,4,0,1,0,0,1,0,0
PPL,545935,2026-03-20 20:15:00+00:00,CF Estrela da Amadora,Casa Pia AC,V2_DYNAMIC_BP,0.9839522351912108,0.9285710225024996,,0.05,1.529856293575125,0.9286055424398592,0.5127243156935339,0.2633130928033057,0.22396259150316025,0.7760374084968397,0.48727568430646595,0.6048956478627232,4,0,1,0,0,1,0,0
PPL,545936,2026-03-21 15:30:00+00:00,Moreirense FC,FC Arouca,V1_RAW,0.9970406618712851,0.8909838629402984,,,1.6624024236319184,1.4448258949361288,0.4286556126591696,0.2367181015074416,0.3346262858333882,0.6653737141666113,0.5713443873408299,0.7642128752851778,0,1,0,0,1,0,1,1
PPL,545936,2026-03-21 15:30:00+00:00,Moreirense FC,FC Arouca,V2_DYNAMIC,0.9970406618712851,0.8909838629402984,,,1.6574828127543964,1.2873165571463658,0.4611320079916134,0.24101675172007497,0.29785124028831156,0.7021487597116884,0.5388679920083865,0.7239895171536097,0,1,0,0,1,0,1,1
PPL,545936,2026-03-21 15:30:00+00:00,Moreirense FC,FC Arouca,V2_DYNAMIC_DC,0.9970406618712851,0.8909838629402984,-0.2,,1.6574828127543964,1.2873165571463658,0.43868001257927314,0.28592074254475586,0.27539924487597106,0.724600755124029,0.5613199874207269,0.7239895171536095,0,1,0,0,1,0,1,1
PPL,545936,2026-03-21 15:30:00+00:00,Moreirense FC,FC Arouca,V2_DYNAMIC_BP,0.9970406618712851,0.8909838629402984,,0.0,1.6574828127543964,1.2873165571463658,0.4611320079916135,0.24101675172007497,0.2978512402883116,0.7021487597116884,0.5388679920083865,0.7239895171536095,0,1,0,0,1,0,1,1
PPL,545939,2026-03-21 15:30:00+00:00,FC Famalicão,CD Nacional,V1_RAW,0.9977899531453737,0.8701039009844107,,,1.6633750007478652,0.7198706003244244,0.6003567555967301,0.240525706170193,0.1591175382330766,0.8408824617669232,0.3996432444032697,0.5131847543806887,1,0,1,0,0,1,0,0
PPL,545939,2026-03-21 15:30:00+00:00,FC Famalicão,CD Nacional,V2_DYNAMIC,0.9977899531453737,0.8701039009844107,,,1.6596988640593981,0.6263622175462713,0.6246598386103054,0.2382114752318366,0.13712868615785853,0.862871313842142,0.37534016138969517,0.46546721754688747,1,0,1,0,0,1,0,0
PPL,545939,2026-03-21 15:30:00+00:00,FC Famalicão,CD Nacional,V2_DYNAMIC_DC,0.9977899531453737,0.8701039009844107,-0.2,,1.6596988640593981,0.6263622175462713,0.6035219422910648,0.28048726786793376,0.11599078984100117,0.8840092101589986,0.39647805770893496,0.46546721754868714,1,0,1,0,0,1,0,0
PPL,545939,2026-03-21 15:30:00+00:00,FC Famalicão,CD Nacional,V2_DYNAMIC_BP,0.9977899531453737,0.8701039009844107,,0.0,1.6596988640593981,0.6263622175462713,0.6246598386103054,0.2382114752318366,0.13712868615785853,0.862871313842142,0.37534016138969517,0.4654672175468876,1,0,1,0,0,1,0,0
PPL,545940,2026-03-21 18:00:00+00:00,CD Santa Clara,Gil Vicente FC,V1_RAW,0.9959434715597726,0.8648082687234235,,,1.2484334566010915,1.3054112168497884,0.3532674241242033,0.2665617798822798,0.3801707959935169,0.6198292040064832,0.6467325758757968,0.7289389527456105,1,0,1,0,0,1,0,0
PPL,545940,2026-03-21 18:00:00+00:00,CD Santa Clara,Gil Vicente FC,V2_DYNAMIC,0.9959434715597726,0.8648082687234235,,,1.2433691507786577,1.128930414416003,0.3889032800528664,0.27795255991472345,0.33314416003241,0.6668558399675899,0.6110967199471334,0.676621036051476,1,0,1,0,0,1,0,0
PPL,545940,2026-03-21 18:00:00+00:00,CD Santa Clara,Gil Vicente FC,V2_DYNAMIC_DC,0.9959434715597726,0.8648082687234235,-0.17,,1.2433691507786577,1.128930414416003,0.36664766374847374,0.32246379252346496,0.3108885437280613,0.6891114562719387,0.6333523362515263,0.6766210360517314,1,0,1,0,0,1,0,0
PPL,545940,2026-03-21 18:00:00+00:00,CD Santa Clara,Gil Vicente FC,V2_DYNAMIC_BP,0.9959434715597726,0.8648082687234235,,0.0,1.2433691507786577,1.128930414416003,0.3889032800528665,0.27795255991472345,0.33314416003240993,0.6668558399675899,0.6110967199471333,0.676621036051476,1,0,1,0,0,1,0,0
PPL,545942,2026-03-21 18:00:00+00:00,Sport Lisboa e Benfica,Vitória SC,V1_RAW,0.9609264355742517,0.8610400339788822,,,2.2291137477423013,0.8618274449250953,0.6840264555319114,0.1848543808377078,0.1311191636303808,0.8688808363696193,0.3159735444680887,0.5776105169257807,3,0,1,0,0,1,0,0
PPL,545942,2026-03-21 18:00:00+00:00,Sport Lisboa e Benfica,Vitória SC,V2_DYNAMIC,0.9609264355742517,0.8610400339788822,,,2.1420143281075714,0.7420679324622373,0.6965156704098772,0.1869829927652375,0.11650133682488513,0.8834986631751147,0.3034843295901226,0.5238717041567404,3,0,1,0,0,1,0,0
PPL,545942,2026-03-21 18:00:00+00:00,Sport Lisboa e Benfica,Vitória SC,V2_DYNAMIC_DC,0.9609264355742517,0.8610400339788822,-0.13,,2.1420143281075714,0.7420679324622373,0.6849631930031793,0.21008794757830687,0.1049488594185137,0.8950511405814862,0.3150368069968206,0.5238717041570085,3,0,1,0,0,1,0,0
PPL,545942,2026-03-21 18:00:00+00:00,Sport Lisboa e Benfica,Vitória SC,V2_DYNAMIC_BP,0.9609264355742517,0.8610400339788822,,0.225,2.1420143281075714,0.7420679324622373,0.7066366513249228,0.19534390444154062,0.09801944423353673,0.9019805557664634,0.29336334867507735,0.523867827632015,3,0,1,0,0,1,0,0
PPL,545934,2026-03-21 20:30:00+00:00,CD Tondela,AVS,V1_RAW,0.9690531401554862,0.849373611144985,,,1.58285197081139,0.8384055849895361,0.5495099030598362,0.2520385018433297,0.198451595096834,0.8015484049031659,0.4504900969401638,0.5676006018019896,0,0,0,1,0,1,1,0
PPL,545934,2026-03-21 20:30:00+00:00,CD Tondela,AVS,V2_DYNAMIC,0.9690531401554862,0.849373611144985,,,1.5338676727160774,0.7121195793266859,0.5702173135711442,0.25708228659514804,0.172700399833708,0.8272996001662922,0.42978268642885603,0.509396777658452,0,0,0,1,0,1,1,0
PPL,545934,2026-03-21 20:30:00+00:00,CD Tondela,AVS,V2_DYNAMIC_DC,0.9690531401554862,0.849373611144985,-0.13,,1.5338676727160774,0.7121195793266859,0.5551905795030232,0.28713575472985814,0.1576736657671185,0.8423263342328813,0.44480942049697664,0.5093967776598445,0,0,0,1,0,1,1,0
PPL,545934,2026-03-21 20:30:00+00:00,CD Tondela,AVS,V2_DYNAMIC_BP,0.9690531401554862,0.849373611144985,,0.2,1.5338676727160774,0.7121195793266859,0.5716390633082,0.27637846729690974,0.15198246939489024,0.8480175306051098,0.4283609366918,0.5093965728051033,0,0,0,1,0,1,1,0
PPL,545937,2026-03-22 15:30:00+00:00,GD Estoril Praia,Rio Ave FC,V1_RAW,0.9614093060297044,0.8581673084990217,,,1.9710399788460329,1.0411010044346964,0.5897457603536007,0.2153523159176031,0.1949019237287959,0.8050980762712038,0.410254239646399,0.6469342590613368,1,2,0,0,1,0,1,1
PPL,545937,2026-03-22 15:30:00+00:00,GD Estoril Praia,Rio Ave FC,V2_DYNAMIC,0.9614093060297044,0.8581673084990217,,,1.8949761782191679,0.8934388468513514,0.6089706752841378,0.21899070832286655,0.1720386163929955,0.8279613836070043,0.39102932471586205,0.5907540028197609,1,2,0,0,1,0,1,1
PPL,545937,2026-03-22 15:30:00+00:00,GD Estoril Praia,Rio Ave FC,V2_DYNAMIC_DC,0.9614093060297044,0.8581673084990217,-0.14,,1.8949761782191679,0.8934388468513514,0.5943890626485011,0.2481539335940982,0.15745700375740077,0.8425429962425993,0.405610937351499,0.5907540028198,1,2,0,0,1,0,1,1
PPL,545937,2026-03-22 15:30:00+00:00,GD Estoril Praia,Rio Ave FC,V2_DYNAMIC_BP,0.9614093060297044,0.8581673084990217,,0.2,1.8949761782191679,0.8934388468513514,0.6142609338426174,0.23378971028274276,0.15194935587463973,0.8480506441253601,0.3857390661573825,0.5907527540705009,1,2,0,0,1,0,1,1
PPL,545938,2026-03-22 18:00:00+00:00,FC Alverca,Sporting Clube de Portugal,V1_RAW,0.9610133237174138,0.8464416625761283,,,0.8070682955879724,1.5825016195738786,0.1906026561036333,0.2518815799265932,0.5575157639697736,0.4424842360302266,0.8093973438963669,0.7945395291631864,1,4,0,0,1,0,1,1
PPL,545938,2026-03-22 18:00:00+00:00,FC Alverca,Sporting Clube de Portugal,V2_DYNAMIC,0.9610133237174138,0.8464416625761283,,,0.7756033852099455,1.3394953019015294,0.2166262750406526,0.2824967928340393,0.5008769321253079,0.49912306787469185,0.7833737249593472,0.7380220969015061,1,4,0,0,1,0,1,1
PPL,545938,2026-03-22 18:00:00+00:00,FC Alverca,Sporting Clube de Portugal,V2_DYNAMIC_DC,0.9610133237174138,0.8464416625761283,-0.14,,0.7756033852099455,1.3394953019015294,0.1990820852037275,0.31758517250915375,0.48333274228711876,0.5166672577128812,0.8009179147962725,0.7380220969023026,1,4,0,0,1,0,1,1
PPL,545938,2026-03-22 18:00:00+00:00,FC Alverca,Sporting Clube de Portugal,V2_DYNAMIC_BP,0.9610133237174138,0.8464416625761283,,0.25,0.7756033852099455,1.3394953019015294,0.18720515405889124,0.317484878116398,0.49530996782471054,0.5046900321752892,0.8127948459411085,0.7380220967142705,1,4,0,0,1,0,1,1
PPL,545941,2026-03-22 20:30:00+00:00,Sporting Clube de Braga,FC Porto,V1_RAW,0.9513714733610945,0.8840600824205465,,,1.1552785876995348,1.3482041319789348,0.319978264009523,0.2682934570815012,0.4117282789089754,0.5882717210910242,0.6800217359904766,0.7402937597665595,1,2,0,0,1,0,1,1
PPL,545941,2026-03-22 20:30:00+00:00,Sporting Clube de Braga,FC Porto,V2_DYNAMIC,0.9513714733610945,0.8840600824205465,,,1.099099092122231,1.1918934560370185,0.33506941969050696,0.2839607552489326,0.38096982506056043,0.6190301749394396,0.664930580309493,0.6963542028533225,1,2,0,0,1,0,1,1
PPL,545941,2026-03-22 20:30:00+00:00,Sporting Clube de Braga,FC Porto,V2_DYNAMIC_DC,0.9513714733610945,0.8840600824205465,-0.14,,1.099099092122231,1.1918934560370185,0.3165154460633925,0.32106870250324465,0.3624158514333629,0.6375841485666371,0.6834845539366076,0.6963542028536037,1,2,0,0,1,0,1,1
PPL,545941,2026-03-22 20:30:00+00:00,Sporting Clube de Braga,FC Porto,V2_DYNAMIC_BP,0.9513714733610945,0.8840600824205465,,0.30000000000000004,1.099099092122231,1.1918934560370185,0.2993720986002374,0.34856743430637543,0.35206046709338734,0.6479395329066129,0.7006279013997627,0.6963541951873166,1,2,0,0,1,0,1,1
PPL,545943,2026-04-03 14:30:00+00:00,Gil Vicente FC,AVS,V1_RAW,0.9531257827235563,0.9037704878239023,,,2.323411565547255,0.639332844205684,0.7527825772721257,0.1621199429633003,0.0850974797645739,0.914902520235426,0.2472174227278742,0.4723556723867519,3,0,1,0,0,1,0,0
PPL,545943,2026-04-03 14:30:00+00:00,Gil Vicente FC,AVS,V2_DYNAMIC,0.9531257827235563,0.9037704878239023,,,2.2145034670011907,0.577810156489614,0.749463112805994,0.16864275647351767,0.08189413072048819,0.9181058692795117,0.25053688719400585,0.4388742001573679,3,0,1,0,0,1,0,0
PPL,545943,2026-04-03 14:30:00+00:00,Gil Vicente FC,AVS,V2_DYNAMIC_DC,0.9531257827235563,0.9037704878239023,-0.17,,2.2145034670011907,0.577810156489614,0.7361330198618597,0.19530294235991677,0.06856403777822309,0.9314359622217765,0.26386698013813986,0.43887420015835044,3,0,1,0,0,1,0,0
PPL,545943,2026-04-03 14:30:00+00:00,Gil Vicente FC,AVS,V2_DYNAMIC_BP,0.9531257827235563,0.9037704878239023,,0.30000000000000004,2.2145034670011907,0.577810156489614,0.7633657981544221,0.17442559837110383,0.062208603474473975,0.9377913965255259,0.23663420184557782,0.4388680386512045,3,0,1,0,0,1,0,0
PPL,545951,2026-04-03 17:00:00+00:00,Vitória SC,CD Tondela,V1_RAW,0.960362576346035,0.8879356648225128,,,1.3224184060157371,1.1546728848297334,0.4049176398068282,0.2703378853106034,0.3247444748825682,0.6752555251174317,0.5950823601931716,0.6848393861386595,5,0,1,0,0,1,0,0
PPL,545951,2026-04-03 17:00:00+00:00,Vitória SC,CD Tondela,V2_DYNAMIC,0.960362576346035,0.8879356648225128,,,1.27000114740869,1.0252752356438182,0.4196850312619714,0.2813036693311051,0.29901129940692345,0.7009887005930765,0.5803149687380286,0.6413022699461896,5,0,1,0,0,1,0,0
PPL,545951,2026-04-03 17:00:00+00:00,Vitória SC,CD Tondela,V2_DYNAMIC_DC,0.960362576346035,0.8879356648225128,-0.17,,1.27000114740869,1.0252752356438182,0.3973869400491913,0.32589985175638275,0.27671320819442585,0.7232867918055741,0.6026130599508086,0.6413022699465658,5,0,1,0,0,1,0,0
PPL,545951,2026-04-03 17:00:00+00:00,Vitória SC,CD Tondela,V2_DYNAMIC_BP,0.960362576346035,0.8879356648225128,,0.275,1.27000114740869,1.0252752356438182,0.4012163324083146,0.33298163038221423,0.2658020372094711,0.7341979627905288,0.5987836675916853,0.6413022340582284,5,0,1,0,0,1,0,0
PPL,545947,2026-04-03 19:30:00+00:00,Sporting Clube de Portugal,CD Santa Clara,V1_RAW,0.9918284645243101,0.8649277856464208,,,2.11432438616817,0.5160976051483428,0.7475381276345703,0.1749019334516214,0.0775599389138082,0.9224400610861916,0.2524618723654296,0.4031548653266436,4,2,1,0,0,1,0,1
PPL,545947,2026-04-03 19:30:00+00:00,Sporting Clube de Portugal,CD Santa Clara,V2_DYNAMIC,0.9918284645243101,0.8649277856464208,,,2.0970471094394805,0.446387158798377,0.7622191386173796,0.17128909179384413,0.06649176958877673,0.9335082304112237,0.23778086138262086,0.3600640327437896,4,2,1,0,0,1,0,1
PPL,545947,2026-04-03 19:30:00+00:00,Sporting Clube de Portugal,CD Santa Clara,V2_DYNAMIC_DC,0.9918284645243101,0.8649277856464208,-0.17,,2.0970471094394805,0.446387158798377,0.7497115122307445,0.19630434456135765,0.05398414320789834,0.9460158567921022,0.250288487769256,0.3600640327472938,4,2,1,0,0,1,0,1
PPL,545947,2026-04-03 19:30:00+00:00,Sporting Clube de Portugal,CD Santa Clara,V2_DYNAMIC_BP,0.9918284645243101,0.8649277856464208,,0.1,2.0970471094394805,0.446387158798377,0.7660281329783443,0.17281232185615977,0.06115954516549629,0.9388404548345041,0.23397186702165607,0.36006257022554145,4,2,1,0,0,1,0,1
PPL,545944,2026-04-04 14:30:00+00:00,CD Nacional,CF Estrela da Amadora,V1_RAW,0.9929785934427362,0.8713913363938306,,,1.869228539610989,1.2680899062185642,0.5148571110542236,0.2259056830866914,0.2592372058590853,0.7407627941409151,0.4851428889457767,0.7186314508596696,2,0,1,0,0,1,0,0
PPL,545944,2026-04-04 14:30:00+00:00,CD Nacional,CF Estrela da Amadora,V2_DYNAMIC,0.9929785934427362,0.8713913363938306,,,1.8561039260859398,1.105002558047322,0.5492646049326805,0.22649424333748616,0.22424115172983347,0.7757588482701666,0.45073539506731963,0.6687899559387789,2,0,1,0,0,1,0,0
PPL,545944,2026-04-04 14:30:00+00:00,CD Nacional,CF Estrela da Amadora,V2_DYNAMIC_DC,0.9929785934427362,0.8713913363938306,-0.17,,1.8561039260859398,1.105002558047322,0.5312168116841034,0.2625898298346412,0.2061933584812561,0.7938066415187446,0.46878318831589727,0.6687899559387787,2,0,1,0,0,1,0,0
PPL,545944,2026-04-04 14:30:00+00:00,CD Nacional,CF Estrela da Amadora,V2_DYNAMIC_BP,0.9929785934427362,0.8713913363938306,,0.1,1.8561039260859398,1.105002558047322,0.55013693109989,0.23576647792017608,0.21409659097993422,0.7859034090200661,0.4498630689001103,0.6687893529985389,2,0,1,0,0,1,0,0
PPL,545948,2026-04-04 17:00:00+00:00,Moreirense FC,Sporting Clube de Braga,V1_RAW,1.0101400780219885,0.8727066388292052,,,0.9584861131198684,1.9472978527810891,0.1800005654472042,0.2155817428439029,0.6044176917088919,0.3955823082911072,0.8199994345527949,0.8573409630443135,0,1,0,0,1,0,1,1
PPL,545948,2026-04-04 17:00:00+00:00,Moreirense FC,Sporting Clube de Braga,V2_DYNAMIC,1.0101400780219885,0.8727066388292052,,,0.9682052370898964,1.6994197638999127,0.21427098123793667,0.24015174549733825,0.5455772732647253,0.45442272673527495,0.7857290187620636,0.8172101133296712,0,1,0,0,1,0,1,1
PPL,545948,2026-04-04 17:00:00+00:00,Moreirense FC,Sporting Clube de Braga,V2_DYNAMIC_DC,1.0101400780219885,0.8727066388292052,-0.11,,0.9682052370898964,1.6994197638999127,0.20170701524509857,0.2652796774830918,0.5330133072718096,0.4669866927281904,0.7982929847549014,0.8172101133297139,0,1,0,0,1,0,1,1
PPL,545948,2026-04-04 17:00:00+00:00,Moreirense FC,Sporting Clube de Braga,V2_DYNAMIC_BP,1.0101400780219885,0.8727066388292052,,0.025,0.9682052370898964,1.6994197638999127,0.21181243511543588,0.24248189087729027,0.5457056740072737,0.4542943259927261,0.788187564884564,0.8172101130299377,0,1,0,0,1,0,1,1
PPL,545945,2026-04-04 17:00:00+00:00,Rio Ave FC,FC Alverca,V1_RAW,0.9976352373505555,0.8742787044233415,,,1.386276366313883,1.2556043252112072,0.3999748612373427,0.2608084101379501,0.339216728624707,0.6607832713752928,0.6000251387626572,0.7150963782520923,1,2,0,0,1,0,1,1
PPL,545945,2026-04-04 17:00:00+00:00,Rio Ave FC,FC Alverca,V2_DYNAMIC,0.9976352373505555,0.8742787044233415,,,1.3829981517410164,1.0977481227139982,0.4340168529820113,0.26789667983251203,0.29808646718547654,0.7019135328145234,0.5659831470179886,0.666378478294003,1,2,0,0,1,0,1,1
PPL,545945,2026-04-04 17:00:00+00:00,Rio Ave FC,FC Alverca,V2_DYNAMIC_DC,0.9976352373505555,0.8742787044233415,-0.08,,1.3829981517410164,1.0977481227139982,0.4238534301979111,0.2882235254006324,0.28792304440145633,0.7120769555985436,0.5761465698020887,0.6663784782941987,1,2,0,0,1,0,1,1
PPL,545945,2026-04-04 17:00:00+00:00,Rio Ave FC,FC Alverca,V2_DYNAMIC_BP,0.9976352373505555,0.8742787044233415,,0.05,1.3829981517410164,1.0977481227139982,0.4317717707383038,0.2750498763748319,0.2931783528868644,0.7068216471131357,0.5682282292616962,0.6663784509198608,1,2,0,0,1,0,1,1
PPL,545946,2026-04-04 19:30:00+00:00,FC Porto,FC Famalicão,V1_RAW,0.9985211052755848,0.8810093736748221,,,1.4945858627083073,0.5476016591648805,0.6055780549602156,0.2597398669869297,0.1346820780528553,0.8653179219471452,0.394421945039785,0.4216648066832938,2,2,0,1,0,1,1,1
PPL,545946,2026-04-04 19:30:00+00:00,FC Porto,FC Famalicão,V2_DYNAMIC,0.9985211052755848,0.8810093736748221,,,1.4923755275607624,0.48244219476414474,0.6237730400052384,0.25820249825214153,0.1180244617426206,0.88197553825738,0.37622695999476213,0.3827259539418608,2,2,0,1,0,1,1,1
PPL,545946,2026-04-04 19:30:00+00:00,FC Porto,FC Famalicão,V2_DYNAMIC_DC,0.9985211052755848,0.8810093736748221,-0.08,,1.4923755275607624,0.48244219476414474,0.6157790945804665,0.2741903890953391,0.11003051632419454,0.8899694836758056,0.38422090541953363,0.38272595394676734,2,2,0,1,0,1,1,1
PPL,545946,2026-04-04 19:30:00+00:00,FC Porto,FC Famalicão,V2_DYNAMIC_BP,0.9985211052755848,0.8810093736748221,,0.05,1.4923755275607624,0.48244219476414474,0.6245678727278638,0.26143093086220687,0.11400119640992934,0.8859988035900708,0.3754321272721362,0.38272590672701334,2,2,0,1,0,1,1,1
PPL,545950,2026-04-06 17:45:00+00:00,FC Arouca,GD Estoril Praia,V1_RAW,0.9986089795734591,0.8933855446849113,,,1.4610798718842204,1.940779274999456,0.2911339448428742,0.2200303882852177,0.4888356668719075,0.511164333128092,0.7088660551571253,0.8564079914954992,3,2,1,0,0,1,0,1
PPL,545950,2026-04-06 17:45:00+00:00,FC Arouca,GD Estoril Praia,V2_DYNAMIC,0.9986089795734591,0.8933855446849113,,,1.4590474799376216,1.733864149708576,0.32525703644803183,0.2322866870024443,0.4424562765495238,0.5575437234504761,0.6747429635519681,0.8233989336310353,3,2,1,0,0,1,0,1
PPL,545950,2026-04-06 17:45:00+00:00,FC Arouca,GD Estoril Praia,V2_DYNAMIC_DC,0.9986089795734591,0.8933855446849113,-0.08,,1.4590474799376216,1.733864149708576,0.3169487451594751,0.2489032695795578,0.43414798526096704,0.5658520147390329,0.6830512548405249,0.8233989336310353,3,2,1,0,0,1,0,1
PPL,545950,2026-04-06 17:45:00+00:00,FC Arouca,GD Estoril Praia,V2_DYNAMIC_BP,0.9986089795734591,0.8933855446849113,,0.07500000000000001,1.4590474799376216,1.733864149708576,0.3186531197944347,0.24171147760391207,0.43963540260165335,0.5603645973983468,0.6813468802055654,0.8233988939924499,3,2,1,0,0,1,0,1
PPL,545949,2026-04-06 19:45:00+00:00,Casa Pia AC,Sport Lisboa e Benfica,V1_RAW,1.0131696991885857,0.8948841771157952,,,0.9760905630069476,2.1287049329276986,0.1630606378715769,0.1991327573572996,0.6378066047711238,0.3621933952288765,0.8369393621284235,0.8810087041814473,1,1,0,1,0,1,1,1
PPL,545949,2026-04-06 19:45:00+00:00,Casa Pia AC,Sport Lisboa e Benfica,V2_DYNAMIC,1.0131696991885857,0.8948841771157952,,,0.9889453821025663,1.9049443622253375,0.19181772845859157,0.22036171308167557,0.5878205584597329,0.41217944154026714,0.8081822715414084,0.851168288332666,1,1,0,1,0,1,1,1
PPL,545949,2026-04-06 19:45:00+00:00,Casa Pia AC,Sport Lisboa e Benfica,V2_DYNAMIC_DC,1.0131696991885857,0.8948841771157952,-0.05,,0.9889453821025663,1.9049443622253375,0.1866030616430635,0.2307910467127317,0.5826058916442048,0.4173941083557952,0.8133969383569366,0.851168288332666,1,1,0,1,0,1,1,1
PPL,545949,2026-04-06 19:45:00+00:00,Casa Pia AC,Sport Lisboa e Benfica,V2_DYNAMIC_BP,1.0131696991885857,0.8948841771157952,,0.07500000000000001,0.9889453821025663,1.9049443622253375,0.1845024732219858,0.22609771544750917,0.5893998113305053,0.410600188669495,0.8154975267780145,0.8511682876027106,1,1,0,1,0,1,1,1
PPL,545958,2026-04-10 19:45:00+00:00,FC Famalicão,Moreirense FC,V1_RAW,1.0102637740404334,0.879905868934144,,,1.5868951586148112,0.851656690936552,0.5471314549485314,0.2516324268654847,0.2012361181859842,0.7987638818140161,0.4528685450514689,0.5732925762721309,1,1,0,1,0,1,1,1
PPL,545958,2026-04-10 19:45:00+00:00,FC Famalicão,Moreirense FC,V2_DYNAMIC,1.0102637740404334,0.879905868934144,,,1.6031826919486913,0.7493777206721046,0.5778110680935787,0.2486755452065985,0.17351338669982266,0.8264866133001773,0.42218893190642115,0.5273394115916795,1,1,0,1,0,1,1,1
PPL,545958,2026-04-10 19:45:00+00:00,FC Famalicão,Moreirense FC,V2_DYNAMIC_DC,1.0102637740404334,0.879905868934144,-0.08,,1.6031826919486913,0.7493777206721046,0.5686684573821708,0.2669607666282562,0.1643707759895727,0.8356292240104269,0.4313315426178289,0.5273394115926573,1,1,0,1,0,1,1,1
PPL,545958,2026-04-10 19:45:00+00:00,FC Famalicão,Moreirense FC,V2_DYNAMIC_BP,1.0102637740404334,0.879905868934144,,0.07500000000000001,1.6031826919486913,0.7493777206721046,0.5786796177019368,0.2550830922987145,0.16623728999934834,0.8337627100006513,0.42132038229806285,0.5273392687245965,1,1,0,1,0,1,1,1
PPL,545954,2026-04-11 14:30:00+00:00,AVS,Vitória SC,V1_RAW,1.0067662613855608,0.8826571862716538,,,1.257123997998887,1.0923570795021178,0.4008209289884618,0.2789208176441056,0.3202582533674324,0.6797417466325675,0.5991790710115381,0.6645750620524506,1,1,0,1,0,1,1,1
PPL,545954,2026-04-11 14:30:00+00:00,AVS,Vitória SC,V2_DYNAMIC,1.0067662613855608,0.8826571862716538,,,1.2656300275634087,0.9641768261972605,0.4327832752289827,0.28469236936408454,0.28252435540693266,0.7174756445930672,0.5672167247710171,0.6187030531060842,1,1,0,1,0,1,1,1
PPL,545954,2026-04-11 14:30:00+00:00,AVS,Vitória SC,V2_DYNAMIC_DC,1.0067662613855608,0.8826571862716538,-0.08,,1.2656300275634087,0.9641768261972605,0.42228396706974797,0.3056909856821286,0.27202504724812326,0.7279749527518766,0.5777160329302519,0.6187030531067887,1,1,0,1,0,1,1,1
PPL,545954,2026-04-11 14:30:00+00:00,AVS,Vitória SC,V2_DYNAMIC_BP,1.0067662613855608,0.8826571862716538,,0.07500000000000001,1.2656300275634087,0.9641768261972605,0.42915857465063895,0.2962024623764788,0.27463896297288254,0.7253610370271177,0.5708414253493613,0.6187030353996535,1,1,0,1,0,1,1,1
PPL,545959,2026-04-11 17:00:00+00:00,CD Santa Clara,Rio Ave FC,V1_RAW,0.9942132261991378,0.8770432199085496,,,1.3427225096371704,0.9709679979987604,0.4527885414760487,0.2764645584459629,0.2707469000779878,0.7292530999220117,0.5472114585239507,0.6212837359719243,0,2,0,0,1,0,1,1
PPL,545959,2026-04-11 17:00:00+00:00,CD Santa Clara,Rio Ave FC,V2_DYNAMIC,0.9942132261991378,0.8770432199085496,,,1.334952478196574,0.851580899392991,0.480060474206749,0.28118539149201627,0.23875413430123452,0.7612458656987653,0.5199395257932508,0.5732602333938621,0,2,0,0,1,0,1,1
PPL,545959,2026-04-11 17:00:00+00:00,CD Santa Clara,Rio Ave FC,V2_DYNAMIC_DC,0.9942132261991378,0.8770432199085496,-0.11,,1.334952478196574,0.851580899392991,0.466016659182501,0.30927302153980746,0.22471031927769125,0.7752896807223084,0.5339833408174988,0.5732602333948769,0,2,0,0,1,0,1,1
PPL,545959,2026-04-11 17:00:00+00:00,CD Santa Clara,Rio Ave FC,V2_DYNAMIC_BP,0.9942132261991378,0.8770432199085496,,0.05,1.334952478196574,0.851580899392991,0.4787927426776435,0.2877108237557272,0.23349643356662947,0.7665035664333707,0.5212072573223567,0.5732602127323535,0,2,0,0,1,0,1,1
PPL,545956,2026-04-11 19:30:00+00:00,CF Estrela da Amadora,Sporting Clube de Portugal,V1_RAW,0.9802048967339156,0.8887768682952244,,,1.1417639056328743,2.247414040182487,0.1824583131626604,0.1944959661073823,0.6230457207299576,0.3769542792700427,0.8175416868373399,0.8943278645624263,0,1,0,0,1,0,1,1
PPL,545956,2026-04-11 19:30:00+00:00,CF Estrela da Amadora,Sporting Clube de Portugal,V2_DYNAMIC,0.9802048967339156,0.8887768682952244,,,1.1191625712153839,1.9974496123961085,0.2083136185810968,0.21456315819749022,0.5771232232214131,0.42287677677858704,0.7916863814189032,0.864318004689226,0,1,0,0,1,0,1,1
PPL,545956,2026-04-11 19:30:00+00:00,CF Estrela da Amadora,Sporting Clube de Portugal,V2_DYNAMIC_DC,0.9802048967339156,0.8887768682952244,-0.11,,1.1191625712153839,1.9974496123961085,0.19741835349584388,0.236353688367996,0.5662279581361602,0.4337720418638399,0.8025816465041562,0.864318004689226,0,1,0,0,1,0,1,1
PPL,545956,2026-04-11 19:30:00+00:00,CF Estrela da Amadora,Sporting Clube de Portugal,V2_DYNAMIC_BP,0.9802048967339156,0.8887768682952244,,0.0,1.1191625712153839,1.9974496123961085,0.2083136185810968,0.21456315819749022,0.5771232232214131,0.42287677677858704,0.7916863814189032,0.864318004689226,0,1,0,0,1,0,1,1
PPL,545957,2026-04-12 14:30:00+00:00,FC Alverca,Casa Pia AC,V1_RAW,0.9654188790453716,0.8802567271857246,,,1.3111478875068794,0.8757649064372273,0.4672664163161878,0.2832499616717514,0.2494836220120604,0.7505163779879394,0.5327335836838119,0.5834567188456641,3,1,1,0,0,1,0,1
PPL,545957,2026-04-12 14:30:00+00:00,FC Alverca,Casa Pia AC,V2_DYNAMIC,0.9654188790453716,0.8802567271857246,,,1.2658069238195986,0.770897950324546,0.4809239246652115,0.2923960126916568,0.22668006264313156,0.7733199373568683,0.5190760753347884,0.5374025074851855,3,1,1,0,0,1,0,1
PPL,545957,2026-04-12 14:30:00+00:00,FC Alverca,Casa Pia AC,V2_DYNAMIC_DC,0.9654188790453716,0.8802567271857246,-0.08,,1.2658069238195986,0.770897950324546,0.47073977664521266,0.312764308730136,0.21649591462465154,0.7835040853753487,0.5292602233547875,0.5374025074868507,3,1,1,0,0,1,0,1
PPL,545957,2026-04-12 14:30:00+00:00,FC Alverca,Casa Pia AC,V2_DYNAMIC_BP,0.9654188790453716,0.8802567271857246,,0.0,1.2658069238195986,0.770897950324546,0.4809239246652115,0.29239601269165677,0.2266800626431315,0.7733199373568682,0.5190760753347883,0.5374025074851856,3,1,1,0,0,1,0,1
PPL,545952,2026-04-12 17:00:00+00:00,Sporting Clube de Braga,FC Arouca,V1_RAW,0.9866033454823001,0.8901073037373386,,,2.1411736524913,1.1327233327674502,0.6039911900498612,0.2028708096844446,0.1931380002656947,0.8068619997343058,0.3960088099501393,0.6778452738218661,1,0,1,0,0,1,0,0
PPL,545952,2026-04-12 17:00:00+00:00,Sporting Clube de Braga,FC Arouca,V2_DYNAMIC,0.9866033454823001,0.8901073037373386,,,2.1124890888064725,1.0082453116100072,0.6269963686934913,0.20171433205809103,0.171289299248418,0.8287107007515824,0.37300363130650904,0.6351413646003332,1,0,1,0,0,1,0,0
PPL,545952,2026-04-12 17:00:00+00:00,Sporting Clube de Braga,FC Arouca,V2_DYNAMIC_DC,0.9866033454823001,0.8901073037373386,-0.1,,2.1124890888064725,1.0082453116100072,0.6175980771771991,0.2205109150906752,0.16189100773212586,0.8381089922678743,0.38240192282280105,0.6351413646003332,1,0,1,0,0,1,0,0
PPL,545952,2026-04-12 17:00:00+00:00,Sporting Clube de Braga,FC Arouca,V2_DYNAMIC_BP,0.9866033454823001,0.8901073037373386,,0.0,2.1124890888064725,1.0082453116100072,0.6269963686934913,0.20171433205809103,0.171289299248418,0.8287107007515824,0.37300363130650904,0.6351413646003332,1,0,1,0,0,1,0,0
PPL,545960,2026-04-12 17:00:00+00:00,Sport Lisboa e Benfica,CD Nacional,V1_RAW,0.962784033554482,0.9024160346534811,,,2.20787134368899,0.71253081232493,0.7157063722737471,0.1785268408652308,0.1057667868610213,0.894233213138978,0.2842936277262522,0.5095984885676061,2,0,1,0,0,1,0,0
PPL,545960,2026-04-12 17:00:00+00:00,Sport Lisboa e Benfica,CD Nacional,V2_DYNAMIC,0.962784033554482,0.9024160346534811,,,2.12570327784624,0.642999230226687,0.7178522265116156,0.18266195882241507,0.09948581466596895,0.9005141853340307,0.28214777348838405,0.4742866780474644,2,0,1,0,0,1,0,0
PPL,545960,2026-04-12 17:00:00+00:00,Sport Lisboa e Benfica,CD Nacional,V2_DYNAMIC_DC,0.962784033554482,0.9024160346534811,-0.07,,2.12570327784624,0.642999230226687,0.7118489933403831,0.19466842516353688,0.09348258149608017,0.90651741850392,0.28815100665961707,0.47428667804819047,2,0,1,0,0,1,0,0
PPL,545960,2026-04-12 17:00:00+00:00,Sport Lisboa e Benfica,CD Nacional,V2_DYNAMIC_BP,0.962784033554482,0.9024160346534811,,0.125,2.12570327784624,0.642999230226687,0.7232624588182562,0.1862294317594776,0.09050810942226606,0.9094918905777338,0.27673754118174365,0.4742844189622768,2,0,1,0,0,1,0,0
PPL,545955,2026-04-12 19:30:00+00:00,GD Estoril Praia,FC Porto,V1_RAW,0.9700835275712613,0.9013093774414691,,,1.257819691003438,1.6955728201130729,0.2843716335672568,0.2388257155931359,0.4768026508396077,0.5231973491603927,0.7156283664327436,0.8165059101876104,1,3,0,0,1,0,1,1
PPL,545955,2026-04-12 19:30:00+00:00,GD Estoril Praia,FC Porto,V2_DYNAMIC,0.9700835275712613,0.9013093774414691,,,1.220190162897209,1.5282356829027899,0.3038083480356437,0.25206835289246804,0.4441232990718883,0.5558767009281118,0.6961916519643563,0.7830818146660015,1,3,0,0,1,0,1,1
PPL,545955,2026-04-12 19:30:00+00:00,GD Estoril Praia,FC Porto,V2_DYNAMIC_DC,0.9700835275712613,0.9013093774414691,-0.09,,1.220190162897209,1.5282356829027899,0.29306265316065444,0.2735597426424468,0.433377604196899,0.5666223958031013,0.7069373468393458,0.7830818146660015,1,3,0,0,1,0,1,1
PPL,545955,2026-04-12 19:30:00+00:00,GD Estoril Praia,FC Porto,V2_DYNAMIC_BP,0.9700835275712613,0.9013093774414691,,0.125,1.220190162897209,1.5282356829027899,0.29131723533932985,0.26969947572968594,0.4389832889309842,0.5610167110690158,0.7086827646606702,0.7830818029534603,1,3,0,0,1,0,1,1
